Country,year,GrowthPWT,L1Growth,F1Growth,L2Growth,F2Growth,L3Growth,F3Growth,L4Growth,F4Growth,L5Growth,F5Growth
Angola,1988,5.423129082,6.766699791,0.386295974,3.126282454,-0.445197701,3.440145969,0.986468017,5.826888561,-6.015639305,4.114202023,-27.42186928
Angola,1991,0.986468017,-0.445197701,-6.015639305,0.386295974,-27.42186928,5.423129082,1.330474496,6.766699791,13.97619057,3.126282454,12.7023468
Angola,1996,12.7023468,13.97619057,7.021868229,1.330474496,4.584438801,-27.42186928,2.158043146,-6.015639305,3.008890629,0.986468017,3.091718197
Albania,1990,-10.06564999,9.382313728,-32.85337448,-1.430216789,-7.471784592,-0.791245401,9.166881561,5.443799019,7.973701,1.764971614,12.48677254
Albania,1994,7.973701,9.166881561,12.48677254,-7.471784592,8.711064339,-32.85337448,-11.47136593,-10.06564999,8.625829697,9.382313728,12.66429329
Albania,1997,-11.47136593,8.711064339,8.625829697,12.48677254,12.66429329,7.973701,6.414516926,9.166881561,7.640671253,-7.471784592,4.144273758
Argentina,1975,-0.595095873,5.264585018,-0.011881481,3.677105427,6.190551758,2.055697918,-3.275481462,3.693002462,6.781854153,3.146675587,1.443246961
Argentina,1980,1.443246961,6.781854153,-5.569186211,-3.275481462,-3.212289095,6.190551758,4.03003788,-0.011881481,1.985646963,-0.595095873,-7.209860802
Argentina,1981,-5.569186211,1.443246961,-3.212289095,6.781854153,4.03003788,-3.275481462,1.985646963,6.190551758,-7.209860802,-0.011881481,6.900003433
Argentina,1982,-3.212289095,-5.569186211,4.03003788,1.443246961,1.985646963,6.781854153,-7.209860802,-3.275481462,6.900003433,6.190551758,2.501239538
Argentina,1987,2.501239538,6.900003433,-1.97205615,-7.209860802,-7.268425465,1.985646963,-1.347650766,4.03003788,9.980940819,-3.212289095,9.807471275
Argentina,1989,-7.268425465,-1.97205615,-1.347650766,2.501239538,9.980940819,6.900003433,9.807471275,-7.209860802,6.064038277,1.985646963,5.672280788
Argentina,1995,-2.886515141,5.672280788,5.379351616,6.064038277,7.798881054,9.807471275,3.777911425,9.980940819,-3.444087267,-1.347650766,-0.792125404
Argentina,2001,-4.508972645,-0.792125404,-11.53490734,-3.444087267,8.468170166,3.777911425,8.644891739,7.798881054,8.825186729,5.379351616,8.042945862
Argentina,2002,-11.53490734,-4.508972645,8.468170166,-0.792125404,8.644891739,-3.444087267,8.825186729,3.777911425,8.042945862,7.798881054,7.664230347
Armenia,1994,5.190129757,-9.223404884,6.664117336,-54.05357742,5.732584476,-12.4189558,3.267054796,,7.083320141,,3.203377247
Austria,2008,1.535420537,3.557472706,-3.873127937,3.29591608,1.910316467,2.118085146,2.769292831,2.669791222,0.75446707,0.753305852,0.320731968
Azerbaijan,1994,-21.88391685,-26.26688194,-12.57613564,-25.61834335,1.246302128,-0.702460647,5.643111229,,9.499121666,,7.135587215
Azerbaijan,1995,-12.57613564,-21.88391685,1.246302128,-26.26688194,5.643111229,-25.61834335,9.499121666,-0.702460647,7.135587215,,10.52095318
Burundi,1994,-3.133151054,-7.287714481,-7.279797077,1.789617062,-9.000915527,5.196128845,0.378866106,3.43996954,4.39167738,1.472488642,-1.004582763
Belgium,2008,0.744327068,3.341031551,-2.311386108,2.46873498,2.659152269,2.072594166,1.780890107,3.570305347,0.151145414,0.771548152,0.016550204
Benin,1988,2.989315748,-1.511348009,-0.710085869,2.125707626,8.595870972,7.258793831,4.138948441,7.631371498,2.914817095,-4.443199635,5.672214985
Benin,1994,2.000264168,5.672214985,9.650771141,2.914817095,4.241068363,4.138948441,5.576233387,8.595870972,3.884574175,-0.710085869,5.203678608
Burkina Faso,1990,-0.610756576,2.131629229,8.685594559,5.636863232,0.227661401,-0.23815231,3.409103155,7.64968586,1.302319884,8.173998833,5.560328484
Burkina Faso,1994,1.302319884,3.409103155,5.560328484,0.227661401,10.44929314,8.685594559,6.125347137,-0.610756576,7.053039074,2.131629229,6.054627419
Bangladesh,1976,5.506906033,-4.174129009,2.637950659,9.159381866,6.834854603,3.271572351,4.689910889,-15.05174541,0.815810263,-5.635326862,3.338053465
Bangladesh,1987,4.096359253,4.248253822,2.849938631,2.967416763,2.488470554,5.283529758,6.417106152,4.777604103,3.34330225,1.22264719,4.140387535
Bulgaria,1990,-9.560135841,-3.345215797,-8.823420525,10.38615513,-7.528591633,5.87831068,-1.491403937,4.121490002,1.801796436,2.648070335,2.820084572
Bulgaria,1996,-9.868431091,2.820084572,-1.094768286,1.801796436,3.404204369,-1.491403937,-6.198054314,-7.528591633,4.88944149,-8.823420525,4.160270214
Bosnia and Herzegovina,1992,-6.653419018,-9.814243317,-2.205488443,,10.55481243,,18.89661407,,43.30757523,,31.21878433
Belarus,1994,-12.42434311,-7.861953735,-11.03486347,-10.14137268,2.738625288,-1.395364046,10.81490707,,8.106768608,,3.390475988
Belarus,1995,-11.03486347,-12.42434311,2.738625288,-7.861953735,10.81490707,-10.14137268,8.106768608,-1.395364046,3.390475988,,5.62631321
Belarus,1999,3.390475988,8.106768608,5.62631321,10.81490707,4.631399155,2.738625288,4.847155094,-11.03486347,6.751089096,-12.42434311,10.7530899
Belarus,2009,0.150770813,9.753313065,7.455798149,8.206458092,5.39556694,9.55238533,1.730394602,8.972734451,1.003911853,10.7530899,1.586850047
Bolivia,1973,5.580514431,7.665997982,2.897192001,4.939312935,7.056107044,-1.322607636,4.511263371,2.985823631,4.851602554,-14.59257793,2.031906605
Bolivia,1980,-1.381265759,0.133255228,0.92054075,2.031906605,-4.45704174,4.851602554,-4.56528759,4.511263371,-0.603348136,7.056107044,-0.970117211
Bolivia,1981,0.92054075,-1.381265759,-4.45704174,0.133255228,-4.56528759,2.031906605,-0.603348136,4.851602554,-0.970117211,4.511263371,-2.522404671
Bolivia,1986,-2.522404671,-0.970117211,2.568090677,-0.603348136,2.916075945,-4.56528759,3.720366001,-4.45704174,4.530923367,0.92054075,5.12997818
Bolivia,1994,4.566487312,4.178017139,4.568533897,1.635174036,4.271017551,5.12997818,4.835390568,4.530923367,4.9069767,3.720366001,0.425974011
Brazil,1976,9.803372383,5.069316864,4.783733845,7.881112099,4.879012108,13.10282803,6.578779697,11.24354553,8.801083565,10.70590305,-4.395187855
Brazil,1982,0.796815455,-4.395187855,-2.94288063,8.801083565,5.259245396,6.578779697,7.51074934,4.879012108,7.232068539,4.783733845,3.440140963
Brazil,1983,-2.94288063,0.796815455,5.259245396,-4.395187855,7.51074934,8.801083565,7.232068539,6.578779697,3.440140963,4.879012108,-0.100049987
Brazil,1987,3.440140963,7.232068539,-0.100049987,7.51074934,3.149862051,5.259245396,-4.395184517,-2.94288063,0.995031476,0.796815455,-0.501253068
Brazil,1990,-4.395184517,3.149862051,0.995031476,-0.100049987,-0.501253068,3.440140963,4.783733368,7.232068539,5.732505322,7.51074934,4.114192963
Brazil,1992,-0.501253068,0.995031476,4.783733368,-4.395184517,5.732505322,3.149862051,4.114192963,-0.100049987,2.176148415,3.440140963,3.343479156
Brazil,1994,5.732505322,4.783733368,4.114192963,-0.501253068,2.176148415,0.995031476,3.343479156,-4.395184517,0.399204999,3.149862051,0.498755068
Brazil,1999,0.498755068,0.399204999,4.305949688,3.343479156,1.291619658,2.176148415,3.052922964,4.114192963,1.192852378,5.732505322,5.543476582
Botswana,1984,12.75949955,11.24202824,8.82756424,8.099485397,7.0806036,11.10262775,7.903960705,11.52785969,11.53190899,13.35376263,28.72282028
Central African Republic,1976,4.344360352,1.803688407,7.734336853,-3.02837038,1.201972723,4.428283215,-2.495957136,-1.991598248,-4.581991196,-3.08286643,1.535992265
Central African Republic,1994,5.046904087,-0.349000037,5.02466011,-1.339719176,-7.848290443,1.172938704,5.94078207,-1.557148576,4.452047348,2.445247173,5.768478394
Central African Republic,1995,5.02466011,5.046904087,-7.848290443,-0.349000037,5.94078207,-1.339719176,4.452047348,1.172938704,5.768478394,-1.557148576,1.903653383
Switzerland,2008,2.251695633,4.05693388,-2.152620077,3.934362888,2.911032438,2.993064642,1.788465381,2.803282499,1.118350863,0.049696941,1.753370404
Chile,1972,-1.220586061,8.576685905,-5.72585535,2.142944813,0.969731748,3.676882505,-13.82299423,3.428910255,3.457510948,3.149862051,9.402701378
Chile,1976,3.457510948,-13.82299423,9.402701378,0.969731748,7.89713192,-5.72585535,7.956410885,-1.220586061,7.645133495,8.576685905,6.027069092
Chile,1981,6.027069092,7.645133495,-14.60444927,7.956410885,-2.842049599,7.89713192,5.718747139,9.402701378,1.949303865,3.457510948,5.445245743
Chile,1982,-14.60444927,6.027069092,-2.842049599,7.645133495,5.718747139,7.956410885,1.949303865,7.89713192,5.445245743,9.402701378,6.385961056
Chile,1983,-2.842049599,-14.60444927,5.718747139,6.027069092,1.949303865,7.645133495,5.445245743,7.956410885,6.385961056,7.89713192,7.056361198
China,1998,0.405549049,6.807449818,5.762203217,3.655664444,6.160192013,12.64657402,6.71741724,8.031737328,10.23574162,10.23792458,8.634755135
Côte d'Ivoire,1984,-2.73812294,-3.977791786,4.402280331,0.200685486,3.206626892,3.440118551,-0.337929428,-11.60445595,1.101159334,2.365912914,11.23447895
Côte d'Ivoire,1988,1.101159334,-0.337929428,11.23447895,3.206626892,-1.238049984,4.402280331,0.056603845,-2.73812294,-0.624466002,-3.977791786,-0.399436444
Côte d'Ivoire,1994,2.121423244,-0.399436444,6.81528616,-0.624466002,6.527357578,0.056603845,5.526119232,-1.238049984,5.001648426,11.23447895,1.924627781
Côte d'Ivoire,2001,0.115913577,-2.704527617,-1.68136394,1.924627781,-1.372124553,5.001648426,1.225144386,5.526119232,1.70841372,6.527357578,0.69575882
Cameroon,1987,-5.767124176,-5.399806023,-3.84662199,2.324594498,-3.19664073,7.738565445,-0.597217619,8.068518639,-3.836713552,7.183973312,-3.097637415
Cameroon,1989,-3.19664073,-3.84662199,-0.597217619,-5.767124176,-3.836713552,-5.399806023,-3.097637415,2.324594498,-3.209048271,7.738565445,-0.121645518
Cameroon,1994,-0.121645518,-3.209048271,3.973940372,-3.097637415,4.913468361,-3.836713552,5.177771091,-0.597217619,4.77930212,-3.19664073,3.981939316
Cameroon,1995,3.973940372,-0.121645518,4.913468361,-3.209048271,5.177771091,-3.097637415,4.77930212,-3.836713552,3.981939316,-0.597217619,4.088844299
"Congo, Democratic Republic of the",1976,-5.455122948,-5.109995365,0.757913411,3.082577705,-5.493450642,7.823135376,0.429161847,0.151018843,2.171174049,5.831626415,2.323323727
"Congo, Democratic Republic of the",1983,1.401831627,-0.458728582,5.393001556,2.323323727,0.466762394,2.171174049,4.609325886,0.429161847,2.640470982,-5.493450642,0.469283491
"Congo, Democratic Republic of the",1989,-1.27413559,0.469283491,-6.793959141,2.640470982,-8.796877861,4.609325886,-11.09316921,0.466762394,-14.46679783,5.393001556,-3.97809124
"Congo, Democratic Republic of the",1991,-8.796877861,-6.793959141,-11.09316921,-1.27413559,-14.46679783,0.469283491,-3.97809124,2.640470982,0.697564006,4.609325886,-1.028447747
"Congo, Democratic Republic of the",1994,-3.97809124,-14.46679783,0.697564006,-11.09316921,-1.028447747,-8.796877861,-5.780963421,-6.793959141,-1.637489557,-1.27413559,-4.363995552
"Congo, Democratic Republic of the",1999,-4.363995552,-1.637489557,-7.160653591,-5.780963421,-2.122848511,-1.028447747,2.904272556,0.697564006,5.427370548,-3.97809124,6.52188921
"Congo, Democratic Republic of the",2009,2.815804958,6.038729668,6.866684437,6.071331501,6.648591995,5.184161663,6.847697258,5.955043793,8.140574455,6.52188921,9.046000481
"Congo, Republic of",1986,-7.130128384,-1.159306169,0.189204544,6.969935417,1.750847578,5.457993031,1.749279499,21.16230011,0.998412311,19.24224663,2.367132187
"Congo, Republic of",1992,2.578419209,2.367132187,-0.984513521,0.998412311,-5.64970541,1.749279499,3.907958269,1.750847578,6.196007252,0.189204544,-2.467151403
"Congo, Republic of",1994,-5.64970541,-0.984513521,3.907958269,2.578419209,6.196007252,2.367132187,-2.467151403,0.998412311,3.535140991,1.749279499,-2.636503935
Colombia,1982,0.943957746,2.251335382,1.561698794,4.006032467,3.29577136,5.23942852,3.059808969,8.130254745,5.660784721,4.074359894,5.229768276
Colombia,1985,3.059808969,3.29577136,5.660784721,1.561698794,5.229768276,0.943957746,3.983759403,2.251335382,3.357108831,4.006032467,4.19285059
Colombia,1998,0.568164349,3.372774124,-4.29493475,2.035006285,2.882903337,5.071626186,1.663975954,5.019245148,2.473140717,5.553081989,3.843454599
Comoros,1994,-5.420997143,2.961645365,3.546487331,3.409643173,-1.350931287,1.765251517,4.128818989,0.848856807,1.14828372,-1.650211096,1.906745553
Cabo Verde,1993,7.058560848,2.998078346,6.698123932,1.396878719,7.222698689,0.685736239,6.48820734,5.542463303,7.355279446,5.823940277,8.077608109
Costa Rica,1981,-2.285453558,0.749064207,-7.564272881,4.824213028,2.819310665,6.076845646,7.72246027,8.528717995,0.71795249,5.36657095,5.381437778
Costa Rica,1987,4.654643536,5.381437778,3.380909443,0.71795249,5.511083126,7.72246027,3.490468979,2.819310665,2.237114191,-7.564272881,8.757137299
Costa Rica,1991,2.237114191,3.490468979,8.757137299,5.511083126,7.151716232,3.380909443,4.621131897,4.654643536,3.84594512,5.381437778,0.882716
Costa Rica,1994,4.621131897,7.151716232,3.84594512,8.757137299,0.882716,2.237114191,5.428156853,3.490468979,8.063804626,5.511083126,7.901624203
Czech Republic,1996,4.193629265,6.035546303,-0.676558316,2.867789745,-0.316535562,0.061883714,1.427809596,-0.507824123,4.204494953,-12.34673119,3.005889177
Germany,2008,1.076500773,3.208508968,-5.782892704,3.633346796,3.998901367,0.704233229,3.594611883,1.16317451,0.4043504,-0.712435186,0.297401458
Djibouti,1991,-3.197249174,6.680513859,5.697402954,-2.634396315,4.725683212,1.191984534,-2.452853441,0.493556023,5.450274467,-1.196138144,-5.225103855
Dominica,2002,-2.058502436,0.338343769,7.385044575,0.634557545,2.600661755,0.638603628,-0.323765039,3.111736059,4.470228672,2.463774681,5.785513401
Denmark,2008,-0.720544994,0.821038842,-5.221940041,3.726436615,1.612068534,2.407808542,1.145557404,2.604734659,-0.073347211,0.389332265,-0.244080141
Dominican Republic,1982,1.685413122,4.189840794,4.524048805,7.670804501,1.245112777,4.428077221,-2.145383358,2.121994734,3.461398363,4.857768059,9.637654305
Dominican Republic,1985,-2.145383358,1.245112777,3.461398363,4.524048805,9.637654305,1.685413122,2.133054972,4.189840794,4.306465149,7.670804501,-5.133992672
Dominican Republic,1990,-5.133992672,4.306465149,0.766750395,2.133054972,9.996531487,9.637654305,6.973488331,3.461398363,2.277199984,-2.145383358,5.348104954
Dominican Republic,2003,-0.253720641,5.626924992,1.303391218,1.793057084,8.858533859,5.50249958,10.13930607,6.499289989,8.134676933,6.775817394,3.095310688
Algeria,1988,-1.005039334,-0.702456951,4.305953503,0.399203777,0.796808422,3.63319087,-1.20725584,5.448814392,1.78399241,5.259243488,-2.122359037
Algeria,1990,0.796808422,4.305953503,-1.20725584,-1.005039334,1.78399241,-0.702456951,-2.122359037,0.399203777,-0.904074669,3.63319087,3.72957325
Algeria,1994,-0.904074669,-2.122359037,3.72957325,1.78399241,4.018175602,-1.20725584,1.09399426,0.796808422,4.974215508,4.305953503,3.149870157
Ecuador,1982,1.180414319,3.867421865,-2.861536503,4.789710045,4.116629601,5.166813374,4.251141548,6.382836819,3.05074811,6.330077648,-6.169833183
Ecuador,1998,2.09353447,3.971036911,-5.64503479,2.373633385,4.070915222,1.733292341,3.937101364,4.596543789,4.015086174,2.011186123,2.686446905
Ecuador,1999,-5.64503479,2.09353447,4.070915222,3.971036911,3.937101364,2.373633385,4.015086174,1.733292341,2.686446905,4.596543789,7.891304016
Ecuador,2008,6.163234711,2.166430235,0.56489861,4.309325218,3.464584112,5.156069756,7.573936462,7.891304016,5.488549232,2.686446905,4.452942371
Egypt,1979,9.795964241,7.620623589,9.486446381,7.497756004,3.687254429,12.84633732,9.446588516,4.962815762,14.55194569,2.455112457,9.712367058
Egypt,1980,9.486446381,9.795964241,3.687254429,7.620623589,9.446588516,7.497756004,14.55194569,12.84633732,9.712367058,4.962815762,6.533455849
Egypt,1984,9.712367058,14.55194569,6.533455849,9.446588516,1.973864555,3.687254429,7.567126751,9.486446381,5.165009022,9.795964241,5.653059959
Egypt,1990,5.652953625,5.653059959,5.203550339,5.165009022,6.450801373,7.567126751,2.863008499,1.973864555,3.872068405,6.533455849,4.456870079
Eritrea,1993,,,,,,,,,,,
Spain,1977,2.799034595,3.250386953,1.45240283,0.540744305,0.041537538,5.466607571,2.184694767,7.500045776,-0.132564604,7.834655285,1.238764048
Spain,1983,1.754630208,1.238764048,1.768950939,-0.132564604,2.294896841,2.184694767,3.20152235,0.041537538,5.398734093,1.45240283,4.968806267
Spain,2008,1.109749913,3.699656725,-3.639227152,4.089354992,0.013809531,3.655406713,-1.00511241,3.117649078,-2.655247927,3.137810946,-1.686110139
Estonia,1992,-23.7859478,-8.33799839,-5.91185236,,-2.011902094,,4.177096367,,5.186960697,,11.15289974
Ethiopia,1993,12.54257011,-9.329339981,3.42703104,-7.491636753,5.941024303,0.259668887,12.69203091,-6.294501781,2.800857067,28.48805046,-4.129470825
Finland,1991,-6.096546173,0.673517823,-3.38115263,4.962503433,-0.737207532,5.078678131,3.863656521,3.497225523,4.121038914,2.689642668,3.593477488
Finland,1993,-0.737207532,-3.38115263,3.863656521,-6.096546173,4.121038914,0.673517823,3.593477488,4.962503433,6.064163685,5.078678131,5.286297798
Fiji,1998,1.291625977,-2.224557161,8.434112549,4.688358784,-1.714621305,2.469263315,1.980267644,4.97420454,3.14986372,1.712887168,0.995037019
France,2008,0.195101187,2.334054947,-2.985462666,2.347184658,1.946588039,1.594922781,2.057903051,2.748306274,0.182526827,0.816192329,0.654339254
Gabon,1986,-0.80682987,-2.360596418,-18.80909157,7.240334511,12.08484268,5.456622124,8.199747086,-3.146491528,5.061923027,4.969752789,5.932965279
Gabon,1994,5.333134174,2.359209776,4.853889465,-3.138892889,3.561105013,5.932965279,5.579764843,5.061923027,2.914690495,8.199747086,-11.22495842
Gabon,2002,-1.811758637,2.326203585,2.462698221,-1.324599624,0.791275799,-11.22495842,1.088352084,2.914690495,-3.173413992,5.579764843,6.139834881
United Kingdom,2007,2.553162575,2.627016068,-0.467974395,2.952346325,-4.28234148,2.457999706,1.528432131,3.282207251,1.953201413,2.463319302,1.172164083
Georgia,1991,-23.99505997,,-58.88343811,,-34.65926743,,-10.96043968,,2.544902563,,10.69340038
Georgia,1992,-58.88343811,-23.99505997,-34.65926743,,-10.96043968,,2.544902563,,10.69340038,,10.00172138
Georgia,1999,2.828840256,3.057739258,1.821648717,10.00172138,4.6935606,10.69340038,5.329276085,2.544902563,10.48833656,-10.96043968,5.692206383
Ghana,1978,8.135821342,2.248640776,-2.545298815,-3.594016075,0.459752619,-13.27502155,-3.556874752,6.627933979,-7.172996521,5.396608829,-4.673165321
Ghana,1982,-7.172996521,-3.556874752,-4.673165321,0.459752619,8.293916702,-2.545298815,4.955159664,8.135821342,5.08134222,2.248640776,4.683489799
Ghana,1983,-4.673165321,-7.172996521,8.293916702,-3.556874752,4.955159664,0.459752619,5.08134222,-2.545298815,4.683489799,8.135821342,5.475490093
Ghana,1993,4.736055374,3.806063652,3.216904163,5.147061825,3.944573164,3.274610043,4.493657589,4.960769176,4.112512589,5.475490093,4.586923122
Ghana,2000,4.119529724,4.333250046,4.439050198,4.586923122,4.682291508,4.112512589,5.092263699,4.493657589,5.214640617,3.944573164,6.01139307
Ghana,2009,4.730490208,8.755772591,7.605361462,4.254173279,13.14234638,4.451241016,8.885305405,6.01139307,7.058497429,5.214640617,3.962390661
Guinea,1982,1.784002781,0.607882261,1.291631222,2.568126202,1.390296698,-1.21521306,4.878954411,6.575276852,3.066538095,-3.410571814,3.246655703
Guinea,1985,4.878954411,1.390296698,3.066538095,1.291631222,3.246655703,1.784002781,6.117143631,0.607882261,3.925415516,2.568126202,4.23318243
Guinea,1993,4.925191402,3.220097303,3.922709942,1.444343805,4.573830128,4.23318243,4.364916325,3.925415516,5.051824093,6.117143631,3.579294682
Guinea,2005,2.955877542,2.273950815,2.469261169,1.192861319,1.783991218,5.069303989,4.783736229,3.63319397,-0.300451219,2.472252369,1.882174611
"Gambia, The",1985,3.335187912,2.789844751,2.11989522,-3.572945833,3.024577379,6.792939663,4.963598728,16.58703423,3.52107811,0.241563603,3.529715061
"Gambia, The",1986,2.11989522,3.335187912,3.024577379,2.789844751,4.963598728,-3.572945833,3.52107811,6.792939663,3.529715061,16.58703423,2.838558912
"Gambia, The",2003,2.277023315,0.45614329,8.809668541,5.623118401,-0.946288288,5.953845501,1.117594361,6.621798038,3.566710472,3.589414835,5.576460838
Guinea-Bissau,1980,-17.37898445,1.974518657,-0.498752028,12.33324528,4.114188194,-7.440110683,-3.459145784,4.825155735,5.354085445,7.553019524,4.210114002
Guinea-Bissau,1994,2.919717073,2.250494003,3.937197208,3.048405409,3.678121567,2.956068993,5.821045876,3.246159792,-18.52456284,4.401481628,12.42216778
Guinea-Bissau,1995,3.937197208,2.919717073,3.678121567,2.250494003,5.821045876,3.048405409,-18.52456284,2.956068993,12.42216778,3.246159792,-0.171678647
Equatorial Guinea,1980,4.726749897,-5.121686935,5.608947754,-5.135210514,2.175058842,7.062241077,4.88512516,0.289453298,1.007181883,6.370932102,1.966605186
Equatorial Guinea,1983,4.88512516,2.175058842,1.007181883,5.608947754,1.966605186,4.726749897,-3.866763592,-5.121686935,7.210977077,-5.135210514,5.143182755
Equatorial Guinea,1994,8.965615273,9.059152603,11.06778431,12.4848032,29.71501923,0.321845084,66.9172821,-2.486947298,16.28227806,-2.797791004,20.86497116
Greece,1983,-1.084479928,-1.139116764,1.990633249,-1.565912485,2.478585243,0.674851,0.516329229,3.229366541,-2.28477025,6.996315956,4.198476315
Greece,2008,-0.335738838,3.221300125,-4.39594698,5.498456478,-5.63443327,0.597353697,-9.576769829,4.937168598,-7.580704212,5.632871151,-3.25050211
Greece,2012,-7.580704212,-9.576769829,-3.25050211,-5.63443327,0.651854455,-4.39594698,,-0.335738838,,3.221300125,
Grenada,2004,-0.649293184,9.045371056,12.46068382,3.372858763,-3.198344231,-2.041149616,5.068881035,4.772544384,0.944573283,6.670833588,-6.886917114
Guatemala,1986,0.13954629,-0.590870678,3.482615232,0.471740514,3.818550587,-2.585691214,3.866853714,-3.613550425,3.055411339,0.664042771,3.592921972
Guyana,1982,,,,,,,,,,,
Guyana,1987,,,,,,,,,,,
Guyana,1993,,,,,,,,,,,
Honduras,1981,2.501643896,0.666256785,-1.400988936,4.5589118,-0.928646207,9.536194801,4.253918171,9.879403114,4.10290432,9.985157967,0.720074534
Honduras,1990,0.096833862,4.234904766,3.200273514,4.506753922,5.471818447,5.856498718,6.043673992,0.720074534,-1.311831474,4.10290432,3.998874903
Croatia,1998,1.844757795,6.433979034,-0.939898133,5.707670689,3.698251963,6.610417366,3.376751184,5.704779148,5.113472939,-8.366156578,5.408951759
Haiti,1992,-5.457234383,1.864691377,-5.583977699,1.032766461,-12.7193594,-2.956704617,9.432536125,3.103414059,4.059317589,-0.751583934,2.666555405
Haiti,1994,-12.7193594,-5.583977699,9.432536125,-5.457234383,4.059317589,1.864691377,2.666555405,1.032766461,2.160217524,-2.956704617,2.676581621
Haiti,2003,0.361776829,-0.254153788,-3.582424641,-1.048248649,1.783790231,0.863818467,2.227984428,2.676581621,3.288609982,2.160217524,0.840398073
Hungary,1991,-12.66072464,-3.559263468,-3.112107992,0.733729601,-0.577780068,-0.065285198,2.904562712,3.97132206,1.47853899,1.52328527,0.043232135
Hungary,2008,0.835847318,0.42490992,-6.784078121,3.735707283,0.740448296,4.262473583,1.742238402,4.819684029,-1.70332551,3.771866083,1.872135878
Indonesia,1979,6.063080311,7.55321312,9.419157028,8.403367043,7.633747101,6.653496742,2.215021372,4.860022068,8.411224365,7.363189697,6.742251873
Indonesia,1997,4.592545033,7.527463913,-14.07174683,7.899727821,0.787858605,7.269245625,4.803013325,7.002630234,3.578662157,6.971727848,4.401189804
Indonesia,1998,-14.07174683,4.592545033,0.787858605,7.527463913,4.803013325,7.899727821,3.578662157,7.269245625,4.401189804,7.002630234,4.669622421
Indonesia,1999,0.787858605,-14.07174683,4.803013325,4.592545033,3.578662157,7.527463913,4.401189804,7.899727821,4.669622421,7.269245625,4.908419132
India,1993,4.836090565,5.278610706,7.198224545,0.422433227,7.367564678,5.50646162,7.134034634,6.365486145,4.380791187,9.461436272,5.814977169
Ireland,2008,-2.186132431,5.394593239,-5.803560257,6.118663788,0.397818565,6.141601086,2.555162907,4.31057024,0.15100351,3.77051115,1.424107552
Iran,1985,1.850433946,-7.407566071,-10.29734707,10.51409054,-0.172258198,20.84054565,-6.274809837,-5.865488529,5.951451778,-24.33418274,12.74687099
Iran,1992,3.244770765,11.97024441,-1.481943607,12.74687099,-1.712871194,5.951451778,2.372674465,-6.274809837,6.157028198,-0.172258198,1.341366887
Iran,1993,-1.481943607,3.244770765,-1.712871194,11.97024441,2.372674465,12.74687099,6.157028198,5.951451778,1.341366887,-6.274809837,2.05867672
Iran,2000,5.681055069,1.982900143,2.364014149,2.05867672,7.76906538,1.341366887,8.286301613,6.157028198,4.24526453,2.372674465,4.122535229
Iceland,1975,0.644079924,5.549422741,5.788552284,6.58439827,8.454581261,5.994051456,5.842658997,12.27558136,4.746152878,7.193856239,5.58880043
Iceland,1981,4.176558971,5.58880043,2.131682158,4.746152878,-2.174638987,5.842658997,4.046153069,8.454581261,3.239786863,5.788552284,6.081795692
Iceland,1989,0.258106053,-0.089763515,1.162582397,8.20032692,-0.22377041,6.081795692,-3.432126045,3.239786863,1.304900765,4.046153069,3.545261383
Iceland,2008,1.467951655,9.068959236,-4.79428339,4.120314121,-3.654641151,5.789485455,1.968616366,7.899905205,1.17599082,2.704902411,3.821993351
Israel,1975,3.191354036,6.275090218,0.321979254,5.436944008,1.02997911,11.46363544,5.406279087,10.39191914,6.022752285,11.97244263,1.656644344
Israel,1977,1.02997911,0.321979254,5.406279087,3.191354036,6.022752285,6.275090218,1.656644344,5.436944008,5.202234268,11.46363544,2.061108112
Israel,1980,1.656644344,6.022752285,5.202234268,5.406279087,2.061108112,1.02997911,3.303916216,0.321979254,0.928887069,3.191354036,3.957587004
Israel,1985,3.957587004,0.928887069,4.104728699,3.303916216,6.896351337,2.061108112,2.868486881,5.202234268,0.573098838,1.656644344,7.060009956
Italy,1981,0.840683341,3.372503996,0.412731916,5.788352966,1.162421584,3.188753366,3.174908638,2.528273106,2.759660959,6.88297987,2.819834709
Italy,2008,-1.055376887,1.463361263,-5.637328148,1.986546516,1.69611609,0.945135415,0.585101306,1.57087028,-2.858403921,0.152529582,-1.762860298
Jamaica,1978,0.542857349,-2.407575846,-1.858906746,-6.675219536,-5.897325516,-0.306140453,2.526720762,-3.963562489,1.218754768,1.267736197,2.260041714
Jamaica,1983,2.260041714,1.218754768,-0.858417511,2.526720762,-4.754189491,-5.897325516,1.668905497,-1.858906746,7.43748045,0.542857349,2.844384432
Jamaica,1991,0.870326519,5.314378738,9.831414223,6.614986897,1.948278904,2.844384432,0.888019562,7.43748045,1.024014473,1.668905497,0.313218951
Jamaica,1996,0.313218951,1.024014473,-0.98915875,0.888019562,-1.234024286,1.948278904,0.983899713,9.831414223,0.689009905,0.870326519,1.272694826
Jamaica,2010,-1.500157356,-4.526111603,1.708587408,-0.724928737,-0.605390847,1.433870316,0.546466112,2.857794762,0.685343623,0.889823675,
Jordan,1989,-11.34994984,1.450271368,-0.274539143,2.298030138,1.595721364,5.35793066,13.41284657,-2.745373249,4.382777691,4.201812744,4.866399765
Japan,1997,1.583028316,2.576574087,-2.023478746,1.923721075,-0.199537605,0.859874249,2.232390881,0.170913368,0.35483402,0.8156932,0.2891289
Kazakhstan,1999,2.650802612,-1.906071782,9.390471458,1.720004559,12.7047596,0.463757098,9.303571701,-8.603319168,8.919732094,-13.43245506,9.154165268
Kazakhstan,2008,3.262943029,8.565541267,1.196652293,10.1653595,7.045848846,9.257031441,7.039760113,9.154165268,4.846947193,8.919732094,5.803120136
Kenya,1985,4.185849667,1.752719283,6.92220211,1.356332183,5.754223347,3.620958567,6.013112068,3.695787907,4.58815527,5.440732002,4.125781536
Kenya,1992,-0.796346605,1.397785902,0.359141618,4.125781536,2.594995975,4.58815527,4.310929298,6.013112068,4.061378956,5.754223347,0.269957066
Kenya,1993,0.359141618,-0.796346605,2.594995975,1.397785902,4.310929298,4.125781536,4.061378956,4.58815527,0.269957066,6.013112068,3.300592184
Kyrgyz Republic,1995,-5.576450825,-22.4208622,6.844801426,-16.79374313,9.453949928,-14.89391232,2.09963727,-8.27722168,3.590548754,,5.300354481
Kyrgyz Republic,1997,9.453949928,6.844801426,2.09963727,-5.576450825,3.590548754,-22.4208622,5.300354481,-16.79374313,5.184855461,-14.89391232,-0.017327573
Cambodia,1971,-5.124800205,,-5.590178013,,-21.00309181,,-5.374830246,,-1.35871923,,0
Cambodia,1992,6.793839931,7.312651157,4.010088444,1.153510451,7.394993782,-0.259100169,5.75313139,15.00829697,4.49751091,19.50034714,5.46755743
Korea,1997,5.753454685,7.319938183,-5.626582623,9.139895439,10.7136507,8.806715965,8.54841423,6.622532845,4.425901413,5.992320061,7.169192791
Korea,1998,-5.626582623,5.753454685,10.7136507,7.319938183,8.54841423,9.139895439,4.425901413,8.806715965,7.169192791,6.622532845,2.891025782
Kuwait,1982,-12.4986372,-20.97922134,7.639121056,-21.58048058,5.108854294,13.01437378,-4.358197689,7.096877098,8.22039032,-3.923511028,7.831332684
Lao P.D.R.,1972,3.393494368,4.868246078,8.369539261,,3.577971458,,6.458353519,,2.913091183,,-2.014458179
Lao P.D.R.,1978,0.990035594,-2.014458179,-2.018408775,2.913091183,9.534531593,6.458353519,14.26430702,3.577971458,6.844105244,8.369539261,4.578597546
Lao P.D.R.,1986,4.769558907,4.945624828,-1.436056733,6.922114849,-2.030676126,4.578597546,13.26991272,6.844105244,6.489384174,14.26430702,4.206827641
Lao P.D.R.,1997,6.646250248,6.698850155,3.890922546,6.795076847,7.051794052,7.8432374,5.636878967,5.744357109,5.592100143,5.410794735,5.750211716
Lebanon,1984,36.79657745,20.46519852,21.75270653,-45.86890411,-7.013553143,0.548161745,15.46850204,3.396309137,-33.14095306,8.993322372,-55.25355148
Lebanon,1990,23.53342247,-55.25355148,32.3536911,-33.14095306,4.401625633,15.46850204,6.763970375,-7.013553143,7.699009418,21.75270653,6.330288887
Liberia,1980,-6.493340492,4.662843227,-3.966809511,5.595178604,1.739501834,0.93826443,-3.500139952,4.694477081,-0.590597332,-3.952881813,-2.040489197
Liberia,1991,-15.34450245,-71.397995,-43.21019363,2.749992609,-40.01103973,2.788344622,-24.54191399,1.779283881,-4.359894753,-1.186394572,11.44103622
Libya,2002,,,,,,,,,,,
Sri Lanka,1978,8.311861992,4.022619724,5.890458584,3.717202902,5.978195667,3.339022875,5.399405003,3.874866009,5.0556674,3.466178179,4.643210888
Sri Lanka,1989,1.954985976,2.741134644,6.052409172,1.608631849,4.70834589,4.184931278,4.285787582,4.894909859,6.686961174,4.927972317,5.495398045
Lesotho,1985,3.348132133,4.509045124,4.971184254,1.655043721,0.286365002,3.525793076,8.661603928,0.970877528,5.639060974,-2.783148527,5.968873978
Lithuania,1992,-23.90058517,-5.843091965,-17.70577431,,-10.27645111,,3.237113714,,5.021736145,,7.967248917
Lithuania,1995,3.237113714,-10.27645111,5.021736145,-17.70577431,7.967248917,-23.90058517,7.20152092,-5.843091965,-1.141123652,,3.760078192
Luxembourg,2008,-0.846697509,8.061775208,-5.52695179,4.984287739,5.521383286,3.165795803,2.533324003,4.316594124,-0.85067451,1.38796711,4.254858494
Latvia,1992,-42.86135483,-10.99547863,-16.09751892,,0.643848419,,-0.813975573,,2.326744795,,8.611276627
Latvia,1995,-0.813975573,0.643848419,2.326744795,-16.09751892,8.611276627,-42.86135483,6.328678608,-10.99547863,2.58771348,,5.260068417
Latvia,2008,-3.663950682,9.495103836,-15.48883629,11.2454977,-3.853587866,10.16679192,6.026213646,8.011810303,3.927104712,8.088482857,2.976884604
Morocco,1980,4.138952255,4.688877583,-2.805905342,2.221934795,9.184649467,5.872529507,-0.558726668,10.25946999,4.238450527,7.285902977,6.130642891
Morocco,1981,-2.805905342,4.138952255,9.184649467,4.688877583,-0.558726668,2.221934795,4.238450527,5.872529507,6.130642891,10.25946999,7.793001652
Morocco,1983,-0.558726668,9.184649467,4.238450527,-2.805905342,6.130642891,4.138952255,7.793001652,4.688877583,-2.516262293,2.221934795,10.02182579
Moldova,1999,-3.426273346,-6.765991688,2.085815907,1.633740306,5.960224152,-6.056848049,7.519681931,-1.384842634,6.413244724,-36.98926544,7.104802132
Moldova,2002,7.519681931,5.960224152,6.413244724,2.085815907,7.104802132,-3.426273346,7.233366489,-6.765991688,4.67371273,1.633740306,2.954352856
Madagascar,1981,-9.041835785,0.802334487,-1.845964193,9.359065056,0.806781888,-2.65835619,1.690317154,2.33720088,1.149239898,-3.117236614,1.940167069
Madagascar,1984,1.690317154,0.806781888,1.149239898,-1.845964193,1.940167069,-9.041835785,1.171205044,0.802334487,3.346776962,9.359065056,3.997899771
Madagascar,1988,3.346776962,1.171205044,3.997899771,1.940167069,3.08204031,1.149239898,-6.517372608,1.690317154,1.179178119,0.806781888,2.074881554
Madagascar,1994,-0.07163313,2.074881554,1.697715282,1.179178119,2.126153469,-6.517372608,3.623279095,3.08204031,3.845691204,3.997899771,4.592368603
Madagascar,2004,5.123476982,9.337136269,4.500112057,-13.5256834,4.900539875,5.816034794,6.053683758,4.62844944,6.885733128,4.592368603,-4.217716694
Maldives,1975,-8.326179504,5.570102215,0.597016573,1.565587282,10.66308498,2.395323515,13.70166397,5.076179981,10.13303089,,17.0357399
Mexico,1977,3.384833813,4.151398182,7.927146435,5.459309578,8.759653091,5.931326389,7.995765209,8.074165344,8.428625107,8.146806717,-0.709578574
Mexico,1981,8.428625107,7.995765209,-0.709578574,8.759653091,-4.390863895,7.927146435,3.536309004,3.384833813,2.734536171,4.151398182,-3.826198339
Mexico,1982,-0.709578574,8.428625107,-4.390863895,7.995765209,3.536309004,8.759653091,2.734536171,7.927146435,-3.826198339,3.384833813,1.838739872
Mexico,1994,4.320622921,1.931742311,-6.365346432,3.564381599,5.02492857,4.135540485,6.552528381,4.944053173,4.90793705,4.11255455,3.687998295
Mexico,1995,-6.365346432,4.320622921,5.02492857,1.931742311,6.552528381,3.564381599,4.90793705,4.135540485,3.687998295,4.944053173,6.38286829
"Macedonia, FYR",1993,-1.231850982,-8.507855415,-1.859250069,-3.18021369,-1.12105763,,1.177977443,,1.42984283,,3.323390007
Mali,1987,-2.385177135,14.94478321,0.249395698,8.156959534,7.222028255,0.678112388,2.381425381,-5.319874287,-0.19629845,6.044137955,9.247554779
Mali,1994,0.908029974,6.043564796,6.023863316,9.247554779,3.167704582,-0.19629845,4.783985138,2.381425381,7.766561031,7.222028255,5.5443573
Malta,1984,0.937958598,-0.614274979,2.552422285,2.258751154,3.811622143,3.258100748,4.028274059,6.812314034,8.078931808,9.976187706,7.861797333
Malta,1993,4.383257866,4.58423996,5.49720335,6.068564415,6.149477959,6.101417542,3.707744598,7.861797333,5.123461723,8.078931808,4.998561382
Myanmar,1975,4.005873203,2.975008249,5.36638689,1.472954273,5.111964226,0.44238922,6.034123421,3.183154821,4.606843948,111.5274429,7.60832119
Myanmar,1990,2.777984142,3.628660679,-0.652740061,-12.05016994,9.222310066,-4.088059425,5.864058495,-1.062979817,7.211557865,2.811105967,6.717305183
Myanmar,1996,6.243683815,6.717305183,5.497650623,7.211557865,4.834792614,5.864058495,10.3865509,9.222310066,12.87971401,-0.652740061,10.74551201
Myanmar,2001,10.74551201,12.87971401,11.35564518,10.3865509,12.9658947,4.834792614,12.7202177,5.497650623,12.72401428,6.243683815,12.28908539
Mongolia,1990,-2.548605204,4.095336914,-9.702645302,4.9788661,-9.979483604,3.480658293,-3.049137115,9.00812912,2.274042845,5.523773193,6.12082243
Mongolia,1997,3.92049098,2.325658321,3.471451521,6.12082243,3.165080547,2.274042845,1.050727487,-3.049137115,2.909957886,-9.979483604,4.624513149
Mongolia,2008,8.526259422,9.756160736,-1.276795387,8.209814072,6.170993328,7.002885342,15.94859028,10.09773254,11.61802101,6.770214558,11.01890278
Mozambique,1984,2.985294342,-14.10786057,-9.23733139,-3.871448517,1.600039005,1.273901701,4.65199852,4.14099741,4.445173264,3.028525114,6.297483921
Mozambique,1987,4.65199852,1.600039005,4.445173264,-9.23733139,6.297483921,2.985294342,0.995024383,-14.10786057,4.783736229,-3.871448517,-5.373136997
Malawi,1982,1.432762027,-11.43922901,4.128552914,8.958233833,3.843291998,3.272464514,4.599469185,7.98744297,2.012370586,4.246442318,-0.995370805
Malawi,1994,-12.31718063,10.22803497,8.638098717,-8.249256134,9.232803345,7.511395931,3.722275257,4.660752296,2.330497503,3.982851982,1.23513031
Malaysia,1997,7.06703949,9.533474922,-7.644290924,9.375519753,5.95663023,8.812117577,8.488204002,9.435462952,0.516347587,8.512319565,5.250692844
Malaysia,1998,-7.644290924,7.06703949,5.95663023,9.533474922,8.488204002,9.375519753,0.516347587,8.812117577,5.250692844,9.435462952,5.627156258
Namibia,1984,-0.499326319,-2.534653425,0.211558923,-1.151361823,5.312633991,1.151361823,4.05232048,6.439044952,0.244625315,3.725581169,2.123881102
Niger,1983,-4.867510319,1.610074639,-18.42276573,0.607065976,7.438875675,-2.257739782,-1.858780861,6.903150558,-1.387507796,12.63912773,5.918519497
Niger,1994,2.638622999,0.925938427,3.231765032,0.207747787,4.963979244,0.36205703,0.494910687,-0.768277645,11.96656132,-0.726907194,0.988912106
Nigeria,1983,-6.854717255,-1.738048553,-1.366200686,-0.905176997,10.73703957,2.19265008,1.868181109,-2.795070171,-0.69581753,-2.941634655,7.309370041
Nigeria,1989,6.902385712,7.309370041,10.75764942,-0.69581753,0.011713094,1.868181109,2.596232176,10.73703957,1.54507637,-1.366200686,0.781653523
Nigeria,1991,0.011713094,10.75764942,2.596232176,6.902385712,1.54507637,7.309370041,0.781653523,-0.69581753,2.125899076,1.868181109,4.049055576
Nigeria,1997,2.849053144,4.049055576,2.776462793,2.125899076,0.473119229,0.781653523,5.181499481,1.54507637,4.316545486,2.596232176,19.34879112
Nigeria,2009,6.704557896,6.08152914,7.547605991,6.250358582,4.771707535,5.856153011,4.190244675,6.308684826,5.253945351,9.965970039,6.118655682
Nicaragua,1979,-30.7596283,-7.422410965,4.50855732,6.094524384,5.22440958,4.920532703,-0.819711387,2.173067093,4.509962082,11.96111584,-1.578486443
Nicaragua,1980,4.50855732,-30.7596283,5.22440958,-7.422410965,-0.819711387,6.094524384,4.509962082,4.920532703,-1.578486443,2.173067093,-4.167498589
Nicaragua,1985,-4.167498589,-1.578486443,-1.022516966,4.509962082,-0.708860278,-0.819711387,-13.29591465,5.22440958,-1.753229856,4.50855732,-0.052412525
Nicaragua,1990,-0.052412525,-1.753229856,-0.189779758,-13.29591465,0.385888875,-0.708860278,-0.391350478,-1.022516966,3.281299114,-4.167498589,5.744439125
Nicaragua,2000,4.019704342,6.799487591,2.917858839,3.644451618,0.751105666,3.890000582,2.489492893,6.152326107,5.175875664,5.744439125,4.193236828
Netherlands,2008,1.684784174,3.631723642,-3.840405703,3.458158255,1.392930746,2.137362719,1.649935961,2.010365725,-1.062665343,0.2835145,-0.496608645
Norway,1991,3.058210373,1.908491015,3.462509394,0.992646396,2.748468876,-0.173083365,4.927979469,1.764342904,4.101090431,3.958247185,4.905677319
Nepal,1984,9.24081707,-3.02325511,5.963588238,3.710433245,4.464490414,8.011713028,1.681398511,-2.34780097,7.416849136,2.34242487,4.236677647
Nepal,1988,7.416849136,1.681398511,4.236677647,4.464490414,4.530824661,5.963588238,6.171984673,9.24081707,4.025941849,-3.02325511,3.774605036
Nepal,1992,4.025941849,6.171984673,3.774605036,4.530824661,7.898902893,4.236677647,3.409648657,7.416849136,5.200113773,1.681398511,5.126712799
New Zealand,1984,4.682665825,3.431611776,1.601759434,0.925819695,2.669844866,4.55065012,0.948942125,1.275034308,-0.351687431,2.168127775,0.156059548
Pakistan,1972,1.444514632,1.538556695,6.347153664,10.65512085,5.18320322,7.386570454,3.178958654,5.369974613,4.503582954,4.060348034,3.729199409
Panama,1983,-1.53542161,3.780410051,2.129869938,8.547124863,4.953133106,14.1626749,4.366416931,4.387885094,2.978487253,9.353695869,-10.69053555
Panama,1988,-10.69053555,2.978487253,1.550170183,4.366416931,7.787717342,4.953133106,9.001449585,2.129869938,7.882668495,-1.53542161,5.312114239
Peru,1976,1.43674314,4.210940361,0.348454177,8.972038269,-2.678045273,6.087804794,4.00929594,3.418436527,5.773420811,4.488291264,5.403389454
Peru,1978,-2.678045273,0.348454177,4.00929594,1.43674314,5.773420811,4.210940361,5.403389454,8.972038269,-0.222968519,6.087804794,-10.99051571
Peru,1981,5.403389454,5.773420811,-0.222968519,4.00929594,-10.99051571,-2.678045273,3.544718742,0.348454177,2.0401752,1.43674314,9.007804871
Peru,1983,-10.99051571,-0.222968519,3.544718742,5.403389454,2.0401752,5.773420811,9.007804871,4.00929594,9.281747818,-2.678045273,-9.917161942
Peru,1988,-9.917161942,9.281747818,-13.13856506,9.007804871,-5.110973358,2.0401752,2.194987774,3.544718742,-0.541977406,-10.99051571,5.110730171
Philippines,1983,1.857261777,3.555373192,-7.605719566,3.365976572,-7.587300777,5.020562172,3.359707355,5.487104893,4.221270561,5.042625427,6.534331322
Philippines,1997,5.055392265,5.68138504,-0.578393281,4.572546482,3.035377979,4.294091225,4.316703796,2.094223261,2.852906466,0.337033093,3.581081152
Philippines,1998,-0.578393281,5.055392265,3.035377979,5.68138504,4.316703796,4.572546482,2.852906466,4.294091225,3.581081152,2.094223261,4.850743294
Papua New Guinea,1995,,,,,,,,,,,
Poland,1981,-10.50414753,-6.187551975,-4.884333134,3.774974108,5.414550781,5.259492874,5.487409115,6.846545696,3.572975159,7.627182484,4.13852787
Poland,1992,2.48387146,-7.273819923,3.670128822,-12.26980495,5.157487869,0.160228401,6.720860481,4.049631596,5.880322456,1.938939214,6.25944519
Portugal,1983,-0.173259377,2.112895012,-1.897882819,1.605153918,2.768754482,4.487145901,4.057519913,5.48567915,6.186048031,2.777048826,7.221931934
Portugal,2008,0.199067667,2.461457729,-3.023353815,1.541122317,1.880895257,0.763860285,-1.843747616,1.795369029,-4.11163187,-0.938593924,-1.136594534
Paraguay,1982,-0.988399625,8.356579781,-3.045890093,10.83272171,3.027708292,10.75707626,3.892803907,10.75091553,0.008486075,10.37645054,4.236567497
Paraguay,1984,3.027708292,-3.045890093,3.892803907,-0.988399625,0.008486075,8.356579781,4.236567497,10.83272171,6.164092064,10.75707626,5.635921001
Paraguay,1989,5.635921001,6.164092064,3.045636892,4.236567497,2.438549757,0.008486075,1.784018636,3.892803907,4.058409214,3.027708292,3.054829359
Paraguay,1995,5.309943676,3.054829359,0.422289312,4.058409214,2.927930593,1.784018636,0.546466231,2.438549757,-1.487274408,3.045636892,-3.389671087
Paraguay,2002,14.00101471,2.05141139,4.23000288,-3.389671087,3.977268934,-1.487274408,2.111055613,0.546466231,4.695152283,2.927930593,5.279754639
Romania,1982,3.868407965,0.112293154,5.870826721,4.167270184,5.799639702,6.142285347,-0.098074868,7.028650761,2.30979681,8.085207939,0.831259131
Romania,1990,-5.779591084,-5.961879253,-13.83224392,-0.498214334,-9.175551414,0.831259131,1.517268538,2.30979681,3.85660696,-0.098074868,6.89495182
Romania,1996,3.796811819,6.89495182,-4.936003208,3.85660696,-2.109366179,1.517268538,-0.40233621,-9.175551414,2.366893053,-13.83224392,5.441239834
Russia,1998,-5.492997169,1.371681094,6.157574654,-3.674451113,9.572511673,-4.186425209,4.965762138,-13.58196545,4.634697914,-9.101942062,7.041984558
Russia,2008,5.114888191,8.190324783,-8.143665314,7.838068008,4.405259609,6.181157589,4.175759315,6.930167198,3.348846197,7.041984558,1.331885338
Rwanda,1991,-3.720665932,-2.428543568,6.434925079,-0.652042866,-9.022598267,0.723528922,-66.96722412,0.137622982,28.91007042,4.409128666,13.8721571
Sudan,1979,-5.148907661,-6.114151955,1.512811303,6.037849903,7.173966885,15.41382694,2.040093899,14.59468365,-5.138697624,10.8363657,-6.486973286
Sudan,1981,7.173966885,1.512811303,2.040093899,-5.148907661,-5.138697624,-6.114151955,-6.486973286,6.037849903,5.272349834,15.41382694,13.29639912
Sudan,1988,8.554800987,-0.331639767,-5.625350475,13.29639912,7.242220402,5.272349834,6.370560169,-6.486973286,4.467452049,-5.138697624,1.001195192
Sudan,1994,5.8241539,1.001195192,5.824148178,4.467452049,5.750560284,6.370560169,5.88106823,7.242220402,7.919609547,-5.625350475,4.147965908
Senegal,1981,-1.193439364,-3.347256422,14.27128983,9.201649666,2.154536963,-6.448336124,-4.086774349,-2.733189821,3.709922075,8.54394722,4.453722477
Senegal,1988,4.933087826,3.917151928,-1.414729714,4.453722477,3.829891205,3.709922075,-0.397369087,-4.086774349,2.18937993,2.154536963,-2.24338603
Senegal,1994,2.829281807,-2.24338603,4.617685318,2.18937993,5.089206219,-0.397369087,3.076225996,3.829891205,5.7312603,-1.414729714,6.165788651
Sierra Leone,1977,0.845926523,-0.725518465,3.778493643,0,4.972773552,3.431709528,2.826277494,3.424559355,3.889084816,0.907329679,1.737401366
Sierra Leone,1983,-0.101367369,1.737401366,4.26863718,3.889084816,2.302480936,2.826277494,1.449301839,4.972773552,3.955748081,3.778493643,2.435520649
Sierra Leone,1989,3.337651014,2.435520649,3.577287436,3.955748081,-8.330011368,1.449301839,-10.14381409,2.302480936,0.054289751,4.26863718,3.440130472
Sierra Leone,1990,3.577287436,3.337651014,-8.330011368,2.435520649,-10.14381409,3.955748081,0.054289751,1.449301839,3.440130472,2.302480936,-10.56382561
Sierra Leone,1998,-0.840964079,-19.3534584,-8.470609665,-28.4841671,3.736593246,-10.56382561,16.69535255,3.440130472,23.44027901,0.054289751,8.900005341
El Salvador,1986,0.632602036,1.95620954,2.652849674,2.273607731,1.603114724,0.769506693,1.044147968,-5.7645998,3.342924833,-8.632058144,3.513947248
El Salvador,1989,1.044147968,1.603114724,3.342924833,2.652849674,3.513947248,0.632602036,7.272368908,1.95620954,7.110618591,2.273607731,5.874397278
Serbia,2000,7.472904682,-12.95005417,4.872071266,2.401391506,6.874024868,6.938459873,4.320711613,2.397186995,8.660430908,5.531229973,5.392385006
São Tomé and Príncipe,1987,-2.97390151,-6.009100914,1.979017973,8.892518044,3.087168455,-6.219948769,-2.176148415,-3.951007605,1.193845034,3.045921326,0.697563648
São Tomé and Príncipe,1992,0.697563648,1.193845034,1.093984485,-2.176148415,2.176154613,3.087168455,1.980262995,1.979017973,1.488860488,-2.97390151,0.991396487
São Tomé and Príncipe,1997,0.991396487,1.488860488,2.469247103,1.980262995,2.469259977,2.176154613,0.447372407,1.093984485,3.01846242,0.697563648,1.983268738
Suriname,1990,-4.000538349,4.425927639,2.706518412,8.30766201,0.375236273,-7.622830391,-6.937185287,-1.736828208,3.333781719,13.07038116,0.008488817
Suriname,1995,0.008488817,3.333781719,1.032114983,-6.937185287,5.580684662,0.375236273,2.303663254,2.706518412,-1.413650632,-4.000538349,2.043801785
Suriname,2001,4.101951122,2.043801785,2.739293575,-1.413650632,6.093468189,2.303663254,7.695337772,5.580684662,3.848436356,1.032114983,5.604263306
Slovak Republic,1998,3.933429718,5.883599281,-0.205276623,6.538648129,1.202912331,5.679132462,3.262660027,6.020598412,4.423488617,1.883483171,5.276999474
Slovenia,1992,-5.618627071,-9.321362495,2.803740978,,5.190424442,,4.025055408,,3.455870867,,4.987912178
Slovenia,2008,3.246867895,6.711299419,-8.118067741,5.501852512,1.230159163,3.924943686,0.647262573,4.259758949,-2.755931139,2.802460432,-1.063390017
Sweden,1991,-1.152588129,0.751839519,-1.165356755,2.620179653,-2.087249517,2.526843786,4.006266117,3.298826456,3.945438862,2.655740976,1.50646615
Sweden,1993,-2.087249517,-1.165356755,4.006266117,-1.152588129,3.945438862,0.751839519,1.50646615,2.620179653,2.859210253,2.526843786,4.139897346
Sweden,2008,-0.558607519,3.348263264,-5.323898792,4.581552505,5.816449642,2.779345989,2.629524469,4.229804993,-0.286731631,2.357724905,1.233572006
Swaziland,1985,2.175377369,0.958113492,9.572167397,0.438064396,12.82511616,3.832417488,8.374377251,4.63509655,8.179207802,2.321583986,8.795322418
Swaziland,1995,3.563455105,2.710773706,4.231568336,3.116187572,3.40664196,2.469169378,2.809776068,5.091424465,2.741968155,8.795322418,2.319854021
Seychelles,2008,-2.163753748,9.910429001,-1.113355994,8.988847733,5.775393009,8.623874664,7.598566532,-2.040979147,6.593492985,-6.539108276,6.806675911
Syria,1988,12.45712471,1.889529109,-18.65969658,-5.072111607,4.485061646,5.935396194,7.604646683,-4.156983376,12.63712978,1.419053078,5.049332142
Chad,1983,14.54762268,5.236760139,4.960083008,-11.43478203,7.5867939,-6.238266468,5.767446041,-24.13213348,3.593800545,-0.470738262,7.36143446
Chad,1992,2.273659706,3.727645397,-1.766114593,3.192954779,5.554362297,1.812890768,1.388890743,7.36143446,2.116362095,3.593800545,5.488894463
Chad,1994,5.554362297,-1.766114593,1.388890743,2.273659706,2.116362095,3.727645397,5.488894463,3.192954779,6.688831806,1.812890768,-0.501606584
Togo,1979,5.816140652,9.601119995,-4.637197018,5.410335541,-6.390942574,-0.472767025,-3.778029442,-0.622369111,-5.294014931,4.163336277,5.714645386
Togo,1993,-17.82713699,-3.334292889,13.04522038,0.226133421,6.551465988,5.729903221,7.383441448,4.018177986,3.738017559,9.643808365,-2.215024948
Togo,1994,13.04522038,-17.82713699,6.551465988,-3.334292889,7.383441448,0.226133421,3.738017559,5.729903221,-2.215024948,4.018177986,2.587679625
Thailand,1983,5.43385458,5.214020252,5.593068123,5.738991261,4.542484283,4.673918724,5.386135578,5.176907063,9.092737198,9.929160118,12.47641087
Thailand,1997,-2.797941208,5.509333134,-7.958848,7.823849678,4.480428696,7.709950924,4.423522949,8.335205078,3.332013607,8.847223282,6.182380676
Thailand,1998,-7.958848,-2.797941208,4.480428696,5.509333134,4.423522949,7.823849678,3.332013607,7.709950924,6.182380676,8.335205078,6.942633152
Tajikistan,1999,3.630138397,5.150547504,8.102122307,1.671530128,9.124180794,-18.34683418,10.28063965,-13.2389183,10.53515911,-23.95270538,9.774348259
Turkmenistan,1993,1.488862038,-16.21188164,-18.99489021,-4.714680672,-7.47240448,,6.485093594,,-12.10383129,,6.859278202
Turkmenistan,2008,13.71137428,10.48941612,5.924442768,10.40635204,8.799072266,12.25747585,13.71441555,4.879405975,10.52770901,3.216539621,9.712677956
Trinidad and Tobago,1986,-3.336557865,-4.209828377,-4.667255878,-5.922549725,-3.999554873,-10.88198185,-0.827024579,3.732977867,1.492430329,4.483145237,2.648387432
Trinidad and Tobago,1989,-0.827024579,-3.999554873,1.492430329,-4.667255878,2.648387432,-3.336557865,-1.661577582,-4.209828377,-1.458982348,-5.922549725,3.500114441
Tunisia,1991,3.829321146,6.836432934,7.516058445,3.403478146,2.163789988,1.608689904,3.13296175,4.79068327,2.32136488,-2.021407366,6.907444954
Turkey,1978,1.493296981,3.348134518,-0.626444936,9.951075554,-2.476196766,6.927544117,4.740980625,5.443330288,3.500823498,3.209708214,4.849543095
Turkey,1982,3.500823498,4.740980625,4.849543095,-2.476196766,6.496140957,-0.626444936,4.154096127,1.493296981,6.780151367,3.348134518,9.06107235
Turkey,1984,6.496140957,4.849543095,4.154096127,3.500823498,6.780151367,4.740980625,9.06107235,-2.476196766,2.098186731,-0.626444936,0.251328796
Turkey,1991,0.922246337,8.851723671,5.812067032,0.251328796,7.735004425,2.098186731,-5.610136509,9.06107235,6.944416046,6.780151367,6.770834923
Turkey,1996,6.770834923,6.944416046,7.258860111,-5.610136509,3.045029163,7.735004425,-3.423281908,5.812067032,6.554858208,0.922246337,-5.86622858
Turkey,2000,6.554858208,-3.423281908,-5.86622858,3.045029163,5.981342793,7.258860111,5.131326199,6.770834923,8.950068474,6.944416046,8.067286491
Turkey,2001,-5.86622858,6.554858208,5.981342793,-3.423281908,5.131326199,3.045029163,8.950068474,7.258860111,8.067286491,6.770834923,6.666275501
Tanzania,1984,3.326626301,-2.405071974,4.488538742,0.590499401,1.873851657,-0.505135953,4.812888145,2.946615458,3.979776621,3.294814348,3.914801598
Tanzania,1985,4.488538742,3.326626301,1.873851657,-2.405071974,4.812888145,0.590499401,3.979776621,-0.505135953,3.914801598,2.946615458,4.367691517
Tanzania,1987,4.812888145,1.873851657,3.979776621,4.488538742,3.914801598,3.326626301,4.367691517,-2.405071974,5.544961929,0.590499401,3.466686726
Tanzania,1990,4.367691517,3.914801598,5.544961929,3.979776621,3.466686726,4.812888145,4.08366251,1.873851657,2.988230944,4.488538742,3.502797365
Uganda,1980,-3.458915234,-13.35313416,3.786759853,-4.082203388,7.504280567,1.342306137,6.151815891,0,-4.729547977,-1.342306137,-0.317594618
Uganda,1981,3.786759853,-3.458915234,7.504280567,-13.35313416,6.151815891,-4.082203388,-4.729547977,1.342306137,-0.317594618,0,1.50901556
Uganda,1988,7.522188187,6.201339722,6.671226501,1.50901556,6.000446796,-0.317594618,5.359498978,-4.729547977,4.526126862,6.151815891,6.819391727
Uganda,1994,10.25884247,6.819391727,8.976599693,4.526126862,6.038347244,5.359498978,5.353468895,6.000446796,8.908203125,6.671226501,6.39415741
Ukraine,1998,-1.963129282,-3.033817053,-0.160949722,-10.58452988,5.723757267,-12.95460129,8.463717461,-26.05086708,5.201972008,-15.34066677,9.090603828
Ukraine,2008,2.218695164,7.895763397,-16.41257668,7.298484325,4.010501385,3.025012016,5.302194118,11.14997673,0.152202427,9.090603828,0.045426439
Ukraine,2009,-16.41257668,2.218695164,4.010501385,7.895763397,5.302194118,7.298484325,0.152202427,3.025012016,0.045426439,11.14997673,-7.074611187
Uruguay,1972,-1.565026522,0.119819514,0.364236355,3.73605299,3.094817638,6.627170086,5.698156834,1.113672256,3.907609701,-2.783965826,1.167276978
Uruguay,1981,1.88117981,5.826086044,-9.86199379,5.985984802,-6.031156063,5.127628326,-1.098261714,1.167276978,1.464710832,3.907609701,8.486120224
Uruguay,1983,-6.031156063,-9.86199379,-1.098261714,1.88117981,1.464710832,5.826086044,8.486120224,5.985984802,7.63408947,5.127628326,-0.008703959
Uruguay,1990,0.911826193,1.277341366,3.130898476,-0.008703959,8.712452888,7.63408947,2.571679592,8.486120224,7.035693169,1.464710832,-1.460992932
Uruguay,2002,-8.047258377,-3.920011044,0.802060723,-1.948730111,4.883013725,-1.958266497,7.194780827,4.41976881,4.016887188,4.813297749,6.336417675
United States,1988,4.117696285,3.402928352,3.614742994,3.45161128,1.900476336,4.151871681,-0.072686985,7.00760746,3.493507385,4.528623104,2.708030462
United States,2007,1.762897015,2.631728411,-0.292019963,3.29046464,-2.8147645,3.715844154,2.500390053,2.768114567,1.5887959,1.770352125,2.199624777
Uzbekistan,1994,-5.339044094,-2.321474314,-0.904083192,-11.8783493,1.685720325,-0.493218213,5.069310188,,4.305944443,,4.305950642
Uzbekistan,2000,3.922071695,4.305950642,4.401684284,4.305944443,4.114199162,5.069310188,4.305943012,1.685720325,7.417944431,-0.904083192,6.765859604
Venezuela,1982,0.679968774,-0.30233404,-5.780911922,-2.00851655,-1.363132596,1.326657653,0.19310908,2.115816116,6.307190418,6.505848408,3.519002199
Venezuela,1984,-1.363132596,-5.780911922,0.19310908,0.679968774,6.307190418,-0.30233404,3.519002199,-2.00851655,5.658222675,1.326657653,-8.959524155
Venezuela,1989,-8.959524155,5.658222675,6.267379761,3.519002199,9.285154343,6.307190418,5.883926392,0.19310908,0.275010377,-1.363132596,-2.377546072
Venezuela,1994,-2.377546072,0.275010377,3.87558198,5.883926392,-0.198038056,9.285154343,6.17621994,6.267379761,0.293625891,-8.959524155,-6.156117439
Venezuela,2002,-9.272563934,3.337902069,-8.072529793,3.620596409,16.79403496,-6.156117439,9.819609642,0.293625891,9.41472435,6.17621994,8.391440392
Venezuela,2010,-1.499984145,-3.254697084,4.091567516,5.143290043,5.473393917,8.391440392,1.33415699,9.41472435,-4.082205296,9.819609642,
Vietnam,1972,1.941842794,3.734329939,-1.431351662,,2.45152688,,2.942653179,,10.43465805,,12.71807098
Vietnam,1981,5.635424137,-3.559340477,7.835151672,6.501488686,6.852795601,1.754047632,8.063259125,12.71807098,5.46728754,10.43465805,3.30197835
Vietnam,1985,5.46728754,8.063259125,3.30197835,6.852795601,2.516933918,7.835151672,4.974226475,5.635424137,4.581346035,-3.559340477,4.975074291
Vietnam,1987,2.516933918,3.30197835,4.974226475,5.46728754,4.581346035,8.063259125,4.975074291,6.852795601,5.78994894,7.835151672,8.292508125
Vietnam,1997,7.836458683,8.929228783,5.604388237,9.112395287,4.662387848,8.469938278,6.568003178,7.763418674,6.667682648,8.292508125,6.840434551
Yemen,1985,,,,,,,,,,,17.65852356
Yemen,1995,15.40442276,2.140668154,18.66899681,3.987795115,5.098646164,4.782997131,4.63817358,0.310604841,4.412598133,17.65852356,7.336463928
Yemen,1996,18.66899681,15.40442276,5.098646164,2.140668154,4.63817358,3.987795115,4.412598133,4.782997131,7.336463928,0.310604841,5.763932705
South Africa,1984,4.973371983,-1.863809466,-1.218885422,-0.384126037,0.017835796,5.221986294,2.078974485,6.41064167,4.114318848,3.720423222,2.36656189
South Africa,1985,-1.218885422,4.973371983,0.017835796,-1.863809466,2.078974485,-0.384126037,4.114318848,5.221986294,2.36656189,6.41064167,-0.318289846
Zambia,1983,2.900948048,2.447927475,-0.586331189,-0.826359987,-0.021379663,3.842916727,2.617563725,-4.031795979,2.713143349,-0.895086348,1.927960634
Zambia,1989,0.95021826,1.927960634,0.74590683,2.713143349,-1.974978209,2.617563725,-1.746073604,-0.021379663,6.576218128,-0.586331189,-9.02040863
Zambia,1995,2.856617689,-9.02040863,6.03272295,6.576218128,3.743112564,-1.746073604,-0.386416972,-1.974978209,4.5452075,0.74590683,3.823466063
Zambia,1996,6.03272295,2.856617689,3.743112564,-9.02040863,-0.386416972,6.576218128,4.5452075,-1.746073604,3.823466063,-1.974978209,5.18022871
Zambia,2009,8.819720268,7.486535072,9.801744461,8.021894455,6.145673752,7.606895447,6.513750553,6.985805511,6.497694969,6.796142578,5.447394371
Zimbabwe,1983,1.572872043,2.600197315,-1.925784349,11.8008976,6.713933945,10.04965496,2.106431007,3.732017756,1.104422569,-2.177581549,7.281562805
Zimbabwe,1991,5.375370979,6.750187874,-7.291825771,5.084547997,2.088448048,7.281562805,5.638915539,1.104422569,0.162291646,2.106431007,9.288882256
Zimbabwe,1995,0.162291646,5.638915539,9.288882256,2.088448048,1.415757537,-7.291825771,0.491024524,5.375370979,-3.663472652,6.750187874,-8.521695137
Zimbabwe,1998,0.491024524,1.415757537,-3.663472652,9.288882256,-8.521695137,0.162291646,-0.19372955,5.638915539,-6.122849941,2.088448048,-7.754888058
Zimbabwe,2003,-7.754888058,-6.122849941,-3.710535288,-0.19372955,-4.147905827,-8.521695137,-3.691310406,-3.663472652,-3.321855783,0.491024524,-4.857609272
"Yugoslavia, SFR",1983,,,,,,,,,,,
