Country,year,IMFsizeGDP,DPWT,LGrowth1,LGrowth2,LGrowth3,LGrowth4,LGrowth5,FGrowth1,FGrowth2,FGrowth3,FGrowth4,FGrowth5,FGrowth6
ANGOLA      ,2009,1.783608185996402,2.1188736,10.585403,13.105202,10.928154,14.001369,10.393524,3.5004616,1.8406868,7.3570251,4.1257858,4.684639,
Albania,1992,3.26054273736479,-7.4717522,-32.853413,-10.065651,9.3823433,-1.4302254,-.79126358,9.1669083,7.973671,12.486744,8.7111473,-11.471367,8.6257935
Argentina,1976,.3999099772446396,-.011825562,-.59509277,5.2645683,3.6770821,2.0557404,3.6930084,6.1904907,-3.2754898,6.7818642,1.4432907,-5.5691719,-3.2123566
Argentina,1977,.2640957970285561,6.1904907,-.011825562,-.59509277,5.2645683,3.6770821,2.0557404,-3.2754898,6.7818642,1.4432907,-5.5691719,-3.2123566,4.0300369
Argentina,1983,1.393194334505847,4.0300369,-3.2123566,-5.5691719,1.4432907,6.7818642,-3.2754898,1.9856453,-7.2097778,6.899929,2.501297,-1.9721031,-7.2684288
Argentina,1984,.9158294580922769,1.9856453,4.0300369,-3.2123566,-5.5691719,1.4432907,6.7818642,-7.2097778,6.899929,2.501297,-1.9721031,-7.2684288,-1.3476372
Argentina,1987,1.140542417363326,2.501297,6.899929,-7.2097778,1.9856453,4.0300369,-3.2123566,-1.9721031,-7.2684288,-1.3476372,9.9809647,9.8074913,6.0640335
Argentina,1989,1.092083384408029,-7.2684288,-1.9721031,2.501297,6.899929,-7.2097778,1.9856453,-1.3476372,9.9809647,9.8074913,6.0640335,5.6722641,-2.8864861
Argentina,1991,.542897440848503,9.9809647,-1.3476372,-7.2684288,-1.9721031,2.501297,6.899929,9.8074913,6.0640335,5.6722641,-2.8864861,5.3792953,7.7988625
Argentina,1996,.350816716535933,5.3792953,-2.8864861,5.6722641,6.0640335,9.8074913,9.9809647,7.7988625,3.7779808,-3.4440994,-.79212189,-4.5089722,-11.534882
Argentina,2000,7.15324771407919,-.79212189,-3.4440994,3.7779808,7.7988625,5.3792953,-2.8864861,-4.5089722,-11.534882,8.4681511,8.6448669,8.8252068,8.0429077
Argentina,2003,9.660074111418789,8.4681511,-11.534882,-4.5089722,-.79212189,-3.4440994,3.7779808,8.6448669,8.8252068,8.0429077,7.6642036,3.0286789,.049972534
ARMENIA     ,1995,5.069012956958342,6.6641808,5.1900864,-9.2233658,-54.053593,-12.418938,,5.7325363,3.2670975,7.0833206,3.2032967,5.7284355,9.1272354
ARMENIA     ,2009,9.673051217104574,-15.256786,6.7169189,12.882614,12.396812,12.985039,9.9554062,2.190876,4.5458794,6.9201469,3.4090042,3.3789635,
Antigua and Barbuda,2010,9.074393483908711,-7.4569702,-12.824345,.071191788,9.0744019,12.554216,5.9054852,-1.7637253,3.9408684,-.14901161,4.1697979,,
AZERBAIJAN  ,1995,3.597712637641766,-12.576103,-21.883965,-26.266861,-25.618362,-.7024765,,1.2462616,5.643177,9.499073,7.135582,10.520935,9.442234
BANGLADESH  ,1975,.4952331426524484,-4.1741371,9.1593742,3.2715797,-15.051746,-5.6353569,7.964325,5.506897,2.6379585,6.8348885,4.6898842,.81586838,3.3380508
BANGLADESH  ,1979,.6942258482125066,4.6898842,6.8348885,2.6379585,5.506897,-4.1741371,9.1593742,.81586838,3.3380508,1.2226105,4.7776222,5.2835464,2.9673576
BANGLADESH  ,1983,.33834196863927,4.7776222,1.2226105,3.3380508,.81586838,4.6898842,6.8348885,5.2835464,2.9673576,4.2482376,4.0964127,2.8499603,2.4884224
BANGLADESH  ,1985,.7986722752753436,2.9673576,5.2835464,4.7776222,1.2226105,3.3380508,.81586838,4.2482376,4.0964127,2.8499603,2.4884224,6.4170837,3.3432961
Bulgaria,1991,20.6057173181659,-8.8233948,-9.5601082,-3.3452988,10.386181,5.8783531,4.1214943,-7.5285912,-1.4914513,1.8018723,2.820015,-9.8684311,-1.0947227
Bulgaria,1992,2.711303257692397,-7.5285912,-8.8233948,-9.5601082,-3.3452988,10.386181,5.8783531,-1.4914513,1.8018723,2.820015,-9.8684311,-1.0947227,3.4042358
Bulgaria,1994,2.714771333987987,1.8018723,-1.4914513,-7.5285912,-8.8233948,-9.5601082,-3.3452988,2.820015,-9.8684311,-1.0947227,3.4042358,-6.1981201,4.8894882
Bulgaria,1996,6.060270146465538,-9.8684311,2.820015,1.8018723,-1.4914513,-7.5285912,-8.8233948,-1.0947227,3.4042358,-6.1981201,4.8894882,4.1602135,5.8440208
Bulgaria,1997,5.005910361531525,-1.0947227,-9.8684311,2.820015,1.8018723,-1.4914513,-7.5285912,3.4042358,-6.1981201,4.8894882,4.1602135,5.8440208,4.9528122
Bulgaria,2002,2.004612586251879,5.8440208,4.1602135,4.8894882,-6.1981201,3.4042358,-1.0947227,4.9528122,6.349659,6.9863319,6.5348625,7.3950768,5.4933548
Bulgaria,2004,.5982831037406854,6.349659,4.9528122,5.8440208,4.1602135,4.8894882,-6.1981201,6.9863319,6.5348625,7.3950768,5.4933548,-4.3113708,.054550171
BOSNIA & HERZEGOVINA,1998,2.517376990370652,15.371895,31.218815,43.30759,18.89658,10.55479,-2.2054672,9.095192,5.2727699,2.6535034,4.9180031,3.8244247,6.1230659
BOSNIA & HERZEGOVINA,2002,1.369466879421043,4.9180031,2.6535034,5.2727699,9.095192,15.371895,31.218815,3.8244247,6.1230659,3.827095,5.5356026,5.5706024,5.3365707
BOSNIA & HERZEGOVINA,2009,9.036996162991207,-2.9118538,5.3365707,5.5706024,5.5356026,3.827095,6.1230659,.7642746,.90417862,-.93755722,2.3659706,1.2383461,
BOSNIA & HERZEGOVINA,2012,4.982433558069174,-.93755722,.90417862,.7642746,-2.9118538,5.3365707,5.5706024,2.3659706,1.2383461,,,,
Belarus,1995,2.771071763696156,-11.03487,-12.424374,-7.8619003,-10.141373,-1.3954163,,2.7386665,10.814857,8.1068039,3.3904076,5.6263924,4.6313286
Belarus,2009,6.977087829057248,.15077591,9.7533226,8.2064629,9.5523834,8.9727402,10.753059,7.4557304,5.3956032,1.730442,1.0038376,1.5869141,
Belize,1984,3.311520112981513,1.9631863,-2.1763802,-.28347969,1.3059616,4.2796135,3.7958145,1.0142803,4.497242,10.650349,8.7968826,12.238932,10.85906
BOLIVIA     ,1980,2.358670231797568,-1.3813019,.1332283,2.0319939,4.851532,4.511261,7.0561409,.92058182,-4.4570923,-4.565239,-.60338974,-.97007751,-2.5224686
BOLIVIA     ,1986,1.774180450045892,-2.5224686,-.97007751,-.60338974,-4.565239,-4.4570923,.92058182,2.5681496,2.91605,3.7203789,4.5309067,5.1300049,1.63517
BOLIVIA     ,2003,2.676995019913951,2.6752472,2.4551392,1.6697884,2.4768829,.42600632,4.9069405,4.0885925,4.3263435,4.6855927,4.4631958,5.9669495,3.3020973
Brazil,1988,.4415656656896211,-.10004044,3.440094,7.2320938,7.5107574,5.2592278,-2.9428482,3.1498909,-4.3951988,.99506378,-.50134659,4.7838211,5.7324409
Brazil,1992,.5168107660498039,-.50134659,.99506378,-4.3951988,3.1498909,-.10004044,3.440094,4.7838211,5.7324409,4.1142464,2.1760941,3.3434868,.39920807
Brazil,1998,1.69805086607019,.39920807,3.3434868,2.1760941,4.1142464,5.7324409,4.7838211,.49877167,4.3059349,1.2916565,3.0529022,1.1928558,5.5434227
Brazil,2001,2.725488296599122,1.2916565,4.3059349,.49877167,.39920807,3.3434868,2.1760941,3.0529022,1.1928558,5.5434227,3.0529976,3.922081,5.8268547
Brazil,2002,7.300349917779283,3.0529022,1.2916565,4.3059349,.49877167,.39920807,3.3434868,1.1928558,5.5434227,3.0529976,3.922081,5.8268547,4.8789978
Barbados,1982,3.003633013576927,-5.024147,-1.9182682,4.3059349,7.6035023,4.7837257,3.5367012,.49877167,3.5367012,1.0940075,4.9742222,2.5667667,3.4401417
Barbados,1992,1.678381428371284,-7.2570801,-3.9780617,-3.3556938,3.5367012,3.4401417,2.5667667,1.1928558,3.7295818,1.980257,3.922081,4.5928955,3.6331654
CENTRAL AFR. REP.,1981,1.628795706004633,1.5359879,-4.5819759,-2.4959564,1.2019634,7.7343464,4.344368,1.7802238,-6.291008,6.9761276,3.2821655,3.5154343,-5.0566673
CENTRAL AFR. REP.,1983,2.731338248639027,-6.291008,1.7802238,1.5359879,-4.5819759,-2.4959564,1.2019634,6.9761276,3.2821655,3.5154343,-5.0566673,2.0628452,2.4452209
CENTRAL AFR. REP.,1984,2.193015028113072,6.9761276,-6.291008,1.7802238,1.5359879,-4.5819759,-2.4959564,3.2821655,3.5154343,-5.0566673,2.0628452,2.4452209,-1.5571117
CENTRAL AFR. REP.,1985,1.866271010587072,3.2821655,6.9761276,-6.291008,1.7802238,1.5359879,-4.5819759,3.5154343,-5.0566673,2.0628452,2.4452209,-1.5571117,1.172924
CENTRAL AFR. REP.,1994,2.803642010650324,5.0469398,-.34899712,-1.3397217,1.172924,-1.5571117,2.4452209,5.0246239,-7.8483105,5.9407711,4.4520378,5.7684898,1.9037247
CENTRAL AFR. REP.,2014,,1.0052681,-44.702339,2.857399,2.0197868,3.5021782,1.8888474,,,,,,
CENTRAL AFR. REP.,2015,,,1.0052681,-44.702339,2.857399,2.0197868,3.5021782,,,,,,
Chile,1975,1.225271202112862,-13.823032,.96979141,-5.7258606,-1.2206078,8.5766792,2.1429062,3.4575462,9.4026566,7.8971863,7.9564095,7.6451302,6.0270309
Chile,1983,2.532183424305175,-2.8420448,-14.604473,6.0270309,7.6451302,7.9564095,7.8971863,5.7188034,1.9493103,5.4451942,6.385994,7.0563316,10.039043
COTE D'IVOIRE,1984,1.204123078738016,-2.7381897,-3.9777756,.20074844,3.440094,-11.6045,2.3659706,4.402256,3.2066345,-.33788681,1.1011124,11.234474,-1.2379646
COTE D'IVOIRE,1985,1.052818871509002,4.402256,-2.7381897,-3.9777756,.20074844,3.440094,-11.6045,3.2066345,-.33788681,1.1011124,11.234474,-1.2379646,.056552887
COTE D'IVOIRE,1986,1.331558617241939,3.2066345,4.402256,-2.7381897,-3.9777756,.20074844,3.440094,-.33788681,1.1011124,11.234474,-1.2379646,.056552887,-.62446594
COTE D'IVOIRE,1988,1.238398171061633,1.1011124,-.33788681,3.2066345,4.402256,-2.7381897,-3.9777756,11.234474,-1.2379646,.056552887,-.62446594,-.3993988,2.1213531
COTE D'IVOIRE,1989,1.971180510216043,11.234474,1.1011124,-.33788681,3.2066345,4.402256,-2.7381897,-1.2379646,.056552887,-.62446594,-.3993988,2.1213531,6.8153381
COTE D'IVOIRE,1991,1.124119551828353,.056552887,-1.2379646,11.234474,1.1011124,-.33788681,3.2066345,-.62446594,-.3993988,2.1213531,6.8153381,6.5273285,5.5261612
COTE D'IVOIRE,2011,3.107673551840027,-4.4863701,1.9974709,3.1997681,6.264782,1.5936852,.69570541,10.171223,8.8180542,8.1890106,,,
CAMEROON    ,1988,.584844216890258,-3.8466454,-5.7671547,-5.3997993,2.3245811,7.7385902,8.0685616,-3.1966209,-.59719086,-3.8367271,-3.0976295,-3.2090187,-.12168884
CAMEROON    ,1991,.2830208384713955,-3.8367271,-.59719086,-3.1966209,-3.8466454,-5.7671547,-5.3997993,-3.0976295,-3.2090187,-.12168884,3.9739609,4.9134254,5.177784
CAMEROON    ,1994,1.285216402859116,-.12168884,-3.2090187,-3.0976295,-3.8367271,-.59719086,-3.1966209,3.9739609,4.9134254,5.177784,4.7793388,3.9818764,4.0888786
CAMEROON    ,1995,1.150623248725685,3.9739609,-.12168884,-3.2090187,-3.0976295,-3.8367271,-.59719086,4.9134254,5.177784,4.7793388,3.9818764,4.0888786,4.4153214
"CONGO, DEM. REP.",1977,.1090588926933944,.75798035,-5.4552078,-5.1099777,3.0825615,7.8231812,.15106201,-5.4934502,.42915344,2.1711349,2.3233414,-.45871735,1.4018059
"CONGO, DEM. REP.",1979,.2149660240902604,.42915344,-5.4934502,.75798035,-5.4552078,-5.1099777,3.0825615,2.1711349,2.3233414,-.45871735,1.4018059,5.3930283,.46672821
"CONGO, DEM. REP.",1983,.455735304521719,1.4018059,-.45871735,2.3233414,2.1711349,.42915344,-5.4934502,5.3930283,.46672821,4.6093941,2.6404381,.46930313,-1.2742043
"CONGO, DEM. REP.",1985,.5570660459315755,.46672821,5.3930283,1.4018059,-.45871735,2.3233414,2.1711349,4.6093941,2.6404381,.46930313,-1.2742043,-6.7938805,-8.7968826
"CONGO, DEM. REP.",1986,.7310494182187287,4.6093941,.46672821,5.3930283,1.4018059,-.45871735,2.3233414,2.6404381,.46930313,-1.2742043,-6.7938805,-8.7968826,-11.093235
"CONGO, DEM. REP.",1989,.3823668018463632,-1.2742043,.46930313,2.6404381,4.6093941,.46672821,5.3930283,-6.7938805,-8.7968826,-11.093235,-14.466763,-3.9780617,.6975174
"CONGO, DEM. REP.",2009,2.965439939202558,2.8158188,6.0386658,6.0713768,5.1841736,5.9550285,6.5218925,6.8667412,6.6485405,6.8476677,8.1406593,9.0459824,
"CONGO, REP",1979,.3612439775533798,10.66761,5.8440208,-7.6505661,4.6441078,-.86622238,-.82464218,11.936569,19.242287,21.162319,5.4579735,6.9699287,-1.1592865
"CONGO, REP",1986,1.569285805577098,-7.130146,-1.1592865,6.9699287,5.4579735,21.162319,19.242287,.18920898,1.7508507,1.7493248,.99840164,2.367115,2.5784492
"CONGO, REP",1990,1.421949370127953,.99840164,1.7493248,1.7508507,.18920898,-7.130146,-1.1592865,2.367115,2.5784492,-.98457336,-5.649662,3.9079666,6.1959267
"CONGO, REP",1994,1.910845510322082,-5.649662,-.98457336,2.5784492,2.367115,.99840164,1.7493248,3.9079666,6.1959267,-2.4671555,3.5351753,-2.636528,7.3004723
Colombia,2003,2.430431940284416,3.8434982,2.4731636,1.6639709,2.8828621,-4.2949677,.56819916,5.1956177,4.5991898,6.4827919,6.6729546,3.4852982,1.6381264
Colombia,2005,.3949944032069851,4.5991898,5.1956177,3.8434982,2.4731636,1.6639709,2.8828621,6.4827919,6.6729546,3.4852982,1.6381264,3.8949013,6.3815117
Colombia,2009,4.669028880984738,1.6381264,3.4852982,6.6729546,6.4827919,4.5991898,5.1956177,3.8949013,6.3815117,3.9643288,4.8183441,4.4518471,
Colombia,2010,1.246177350321485,3.8949013,1.6381264,3.4852982,6.6729546,6.4827919,4.5991898,6.3815117,3.9643288,4.8183441,4.4518471,,
Colombia,2011,1.77126760383469,6.3815117,3.8949013,1.6381264,3.4852982,6.6729546,6.4827919,3.9643288,4.8183441,4.4518471,,,
Colombia,2013,1.567668888257094,4.8183441,3.9643288,6.3815117,3.8949013,1.6381264,3.4852982,4.4518471,,,,,
Colombia,2015,1.839525681295666,,4.4518471,4.8183441,3.9643288,6.3815117,3.8949013,,,,,,
Colombia,2016,3.894575754257859,,,4.4518471,4.8183441,3.9643288,6.3815117,,,,,,
COMOROS     ,2008,.6362082103812066,.39920807,.79684258,10.526037,2.7975559,1.8987179,2.0863056,1.8821716,2.1761417,2.5667667,2.9558659,3.4401417,2.9559135
CAPE VERDE  ,1998,.6116835873955141,8.0776215,7.3552608,6.4882278,7.2227001,6.6980839,7.0585728,11.207962,7.0150375,5.9566021,5.1476955,4.5768738,4.1909695
Costa Rica,1980,1.594545584166482,.74901581,4.8242569,6.0768127,8.5287094,5.3666115,2.0822525,-2.2854805,-7.5642586,2.8193474,7.7224731,.71792603,5.3813934
Costa Rica,1982,3.900459621778342,-7.5642586,-2.2854805,.74901581,4.8242569,6.0768127,8.5287094,2.8193474,7.7224731,.71792603,5.3813934,4.6546936,3.3808708
Costa Rica,1985,1.51067785586765,.71792603,7.7224731,2.8193474,-7.5642586,-2.2854805,.74901581,5.3813934,4.6546936,3.3808708,5.5110931,3.490448,2.2371292
Costa Rica,1987,1.250860812982874,4.6546936,5.3813934,.71792603,7.7224731,2.8193474,-7.5642586,3.3808708,5.5110931,3.490448,2.2371292,8.7572098,7.1516991
Costa Rica,1989,1.055355542012588,5.5110931,3.3808708,4.6546936,5.3813934,.71792603,7.7224731,3.490448,2.2371292,8.7572098,7.1516991,4.6211243,3.8458824
Costa Rica,1991,.6648647706630113,2.2371292,3.490448,5.5110931,3.3808708,4.6546936,5.3813934,8.7572098,7.1516991,4.6211243,3.8458824,.88272095,5.4282188
Costa Rica,1993,.3014761235801731,7.1516991,8.7572098,2.2371292,3.490448,5.5110931,3.3808708,4.6211243,3.8458824,.88272095,5.4282188,8.0637932,7.9015732
Costa Rica,1995,.6695119783219641,3.8458824,4.6211243,7.1516991,8.7572098,2.2371292,3.490448,.88272095,5.4282188,8.0637932,7.9015732,1.7848015,1.0706902
Costa Rica,2009,2.503636836541526,-1.0209084,2.6949883,7.6361656,8.4154129,5.7196617,4.1711807,4.8355103,4.4186592,5.0385475,3.3795357,3.4423828,
Czech Republic,1993,0,.061893463,-.50783157,-12.346745,,,,2.867794,6.035614,4.1935921,-.67653656,-.31652451,1.4277458
DJIBOUTI,1996,2.40142882347514,-5.2251339,5.4502964,-2.4528503,4.725647,5.6974411,-3.1972885,4.5009613,-.18539429,2.1555901,1.2890816,1.980257,2.5667667
DOMINICA    ,1984,1.257173675311928,5.3556919,2.6762962,4.0316105,11.408567,13.403368,-20.456266,1.2818813,6.831646,7.3588848,8.332634,-.43325424,5.1662922
DOMINICA    ,2002,1.338322340258797,-2.058506,.33836365,.63452721,.63862801,3.1117439,2.4637699,7.3850632,2.6006222,-.32372475,4.4702053,5.7855129,7.5253487
DOMINICA    ,2012,,-1.1490822,.18391609,1.1688232,-1.1360168,7.5253487,5.7855129,.39205551,1.0962009,,,,
DOMINICA    ,2015,,,1.0962009,.39205551,-1.1490822,.18391609,1.1688232,,,,,,
Dominican Republic,1985,1.327321114877617,-2.1453857,1.2451172,4.5240402,1.6854286,4.1898727,7.670784,3.4613609,9.6376419,2.1330833,4.3064117,-5.1339149,.76675415
Dominican Republic,1991,.5677212362929975,.76675415,-5.1339149,4.3064117,2.1330833,9.6376419,3.4613609,9.9965096,6.9734573,2.2771835,5.3481102,6.8885803,7.7000618
Dominican Republic,1993,.3339121452654252,6.9734573,9.9965096,.76675415,-5.1339149,4.3064117,2.1330833,2.2771835,5.3481102,6.8885803,7.7000618,6.775856,6.4992905
Dominican Republic,2003,3.023353270277299,-.25377274,5.6269646,1.7930984,5.5024147,6.4992905,6.775856,1.3033867,8.8585854,10.139275,8.1346512,3.0953407,.9314537
Dominican Republic,2005,1.740688952143635,8.8585854,1.3033867,-.25377274,5.6269646,1.7930984,5.5024147,10.139275,8.1346512,3.0953407,.9314537,7.9754829,2.7817726
Dominican Republic,2009,3.551076704428486,.9314537,3.0953407,8.1346512,10.139275,8.8585854,1.3033867,7.9754829,2.7817726,2.59552,4.6671867,7.0838928,
Algeria,1991,.9194995681635759,-1.2072563,.79679489,4.3059349,-1.0050774,-.70238113,.39920807,1.7840385,-2.1224022,-.90408325,3.7296295,4.018116,1.0940552
Algeria,1994,1.573208206385639,-.90408325,-2.1224022,1.7840385,-1.2072563,.79679489,4.3059349,3.7296295,4.018116,1.0940552,4.9741745,3.1498909,3.7295341
Ecuador,1983,1.089909486587419,-2.8614998,1.1803627,3.8674355,4.7897339,5.1668167,6.3828468,4.1166306,4.2510986,3.0508041,-6.1698914,10.001278,.2573967
Ecuador,1985,.6154329260081161,4.2510986,4.1166306,-2.8614998,1.1803627,3.8674355,4.7897339,3.0508041,-6.1698914,10.001278,.2573967,2.9835701,4.8949242
Ecuador,1986,.6675371706163608,3.0508041,4.2510986,4.1166306,-2.8614998,1.1803627,3.8674355,-6.1698914,10.001278,.2573967,2.9835701,4.8949242,3.5037994
Ecuador,1988,.8259123883961358,10.001278,-6.1698914,3.0508041,4.2510986,4.1166306,-2.8614998,.2573967,2.9835701,4.8949242,3.5037994,2.0112038,4.5965195
Ecuador,1989,1.198652540654488,.2573967,10.001278,-6.1698914,3.0508041,4.2510986,4.1166306,2.9835701,4.8949242,3.5037994,2.0112038,4.5965195,1.7333031
Ecuador,1991,.7813760527660209,4.8949242,2.9835701,.2573967,10.001278,-6.1698914,3.0508041,3.5037994,2.0112038,4.5965195,1.7333031,2.3736954,3.9710045
Ecuador,1994,1.200465126184431,4.5965195,2.0112038,3.5037994,4.8949242,2.9835701,.2573967,1.7333031,2.3736954,3.9710045,2.0935059,-5.644989,4.0708542
Ecuador,2000,1.612616510944258,4.0708542,-5.644989,2.0935059,3.9710045,2.3736954,1.7333031,3.937149,4.0150642,2.6865005,7.8912735,5.1560402,4.3093681
Ecuador,2003,.6918337664897195,2.6865005,4.0150642,3.937149,4.0708542,-5.644989,2.0935059,7.8912735,5.1560402,4.3093681,2.1663666,6.163311,.5648613
Ecuador,2016,,,,3.6090851,4.4528961,5.4885864,7.5738907,,,,,,
Egypt,1977,.6882648252220655,7.4977875,12.846279,4.9628258,2.4551392,.7027626,3.7823677,7.6206207,9.7959518,9.4864845,3.687191,9.4466209,14.551926
Egypt,1987,.4584689058873497,7.5671196,1.9739151,6.533432,9.71241,14.551926,9.4466209,5.1650047,5.6529999,5.6529999,5.2035332,6.4508438,2.8629303
Egypt,1991,.6923160011042706,5.2035332,5.6529999,5.6529999,5.1650047,7.5671196,1.9739151,6.4508438,2.8629303,3.8721085,4.4569016,4.9909592,5.345726
Egypt,1996,.5487056297625054,4.9909592,4.4569016,3.8721085,2.8629303,6.4508438,5.2035332,5.345726,3.9451599,5.9305191,5.2433968,3.463459,3.1357765
Estonia,1992,0,-23.785877,-8.3380699,,,,,-5.9119225,-2.0118713,4.1770935,5.1869392,11.152935,4.0347099
Estonia,1993,.9185476405618666,-5.9119225,-23.785877,-8.3380699,,,,-2.0118713,4.1770935,5.1869392,11.152935,4.0347099,-.86011887
Estonia,1995,.5461535099286368,4.1770935,-2.0118713,-5.9119225,-23.785877,-8.3380699,,5.1869392,11.152935,4.0347099,-.86011887,10.046101,6.1365128
Estonia,1996,.4227744314007347,5.1869392,4.1770935,-2.0118713,-5.9119225,-23.785877,-8.3380699,11.152935,4.0347099,-.86011887,10.046101,6.1365128,5.8989525
Estonia,1997,.428320816004667,11.152935,5.1869392,4.1770935,-2.0118713,-5.9119225,-23.785877,4.0347099,-.86011887,10.046101,6.1365128,5.8989525,7.1540833
Estonia,2000,.669936641340348,10.046101,-.86011887,4.0347099,11.152935,5.1869392,4.1770935,6.1365128,5.8989525,7.1540833,6.1045647,8.9600563,9.777832
ETHIOPIA    ,1981,1.036810155687861,3.289032,4.6820641,9.8862648,-6.2296867,-.46186447,-.17004013,1.0216713,3.1152725,.87594986,-1.6180992,3.0029297,-13.560295
ETHIOPIA    ,2009,.7424948599059213,8.4362984,10.245419,10.845852,10.287094,11.170769,12.727261,11.823273,12.359142,8.2941055,9.9759102,9.472847,
Finland,1975,.4932411386973605,1.7888069,3.1852722,6.7507744,7.4508667,2.3295403,7.6961517,.34379959,.23918152,2.877903,6.8798065,5.2488327,1.2865067
Gabon,1978,.9925937434440877,-27.50845,-13.446903,30.472565,17.554951,33.280182,9.6967697,.4732132,2.5209427,4.9696922,-3.1464577,5.4566383,7.2402954
Gabon,1986,2.468857381215079,-.80690384,-2.3605347,7.2402954,5.4566383,-3.1464577,4.9696922,-18.809032,12.084866,8.1996918,5.0619125,5.9329987,-3.1389236
Gabon,1989,1.267497489397137,8.1996918,12.084866,-18.809032,-.80690384,-2.3605347,7.2402954,5.0619125,5.9329987,-3.1389236,2.3591995,5.3331375,4.8539162
Gabon,1991,.6961229291866772,5.9329987,5.0619125,8.1996918,12.084866,-18.809032,-.80690384,-3.1389236,2.3591995,5.3331375,4.8539162,3.5611153,5.5797577
Gabon,1994,1.262634249477628,5.3331375,2.3591995,-3.1389236,5.9329987,5.0619125,8.1996918,4.8539162,3.5611153,5.5797577,2.9147148,-11.224937,-1.3246536
Gabon,2000,2.235158717314481,-1.3246536,-11.224937,2.9147148,5.5797577,3.5611153,4.8539162,2.3262024,-1.8117905,2.4627686,.79126358,1.0883331,-3.1734467
Gabon,2004,1.390367902619473,.79126358,2.4627686,-1.8117905,2.3262024,-1.3246536,-11.224937,1.0883331,-3.1734467,6.1398506,-3.5155296,-.50125122,6.5788269
Gabon,2007,.9801166243899083,6.1398506,-3.1734467,1.0883331,.79126358,2.4627686,-1.8117905,-3.5155296,-.50125122,6.5788269,6.8592072,5.1643372,5.4488182
United Kingdom,1977,1.472572591093684,2.5639534,2.983284,-1.5617371,-2.5532722,6.3350677,4.1402817,4.046917,3.6102295,-2.1932602,-.85039139,2.0541191,4.115963
GEORGIA     ,1995,5.622955704201718,2.5448799,-10.960388,-34.65929,-58.883476,-23.995018,,10.693359,10.001755,3.057766,2.8287888,1.8217087,4.6935081
GEORGIA     ,2008,8.993554393670799,2.5795937,11.849022,8.9689255,9.1664314,5.6921959,10.488319,-3.8131714,6.0164452,6.9390297,6.2040329,3.2660484,4.6563148
GEORGIA     ,2014,.877258357889781,4.6563148,3.2660484,6.2040329,6.9390297,6.0164452,-3.8131714,,,,,,
GHANA       ,1979,.4242187132565455,-2.5452614,8.1357956,2.2486687,-3.594017,-13.275051,6.6279411,.45967102,-3.5568237,-7.172966,-4.6731949,8.2939148,4.955101
GHANA       ,1983,.6478361937337883,-4.6731949,-7.172966,-3.5568237,.45967102,-2.5452614,8.1357956,8.2939148,4.955101,5.0813675,4.6834946,5.4755211,4.9607277
GHANA       ,1984,1.462562705246762,8.2939148,-4.6731949,-7.172966,-3.5568237,.45967102,-2.5452614,4.955101,5.0813675,4.6834946,5.4755211,4.9607277,3.2746315
GHANA       ,1986,1.08847091233095,5.0813675,4.955101,8.2939148,-4.6731949,-7.172966,-3.5568237,4.6834946,5.4755211,4.9607277,3.2746315,5.1470757,3.8060188
GUINEA      ,1982,1.643412390817974,1.7839432,.60787201,2.5681496,-1.2151718,6.5752983,-3.4106255,1.2916565,1.3902664,4.8789978,3.0665398,3.2466888,6.1170578
GUINEA      ,1986,1.718046758329374,3.0665398,4.8789978,1.3902664,1.2916565,1.7839432,.60787201,3.2466888,6.1170578,3.9254189,4.2332649,1.4443398,3.2200813
"GAMBIA, THE ",1979,.6424592195905249,-3.2622337,4.881382,1.5465736,-1.3417721,5.9179783,7.2227955,.2415657,16.587019,6.7929268,-3.5729408,2.7898312,3.3351898
"GAMBIA, THE ",1982,5.654111550992047,6.7929268,16.587019,.2415657,-3.2622337,4.881382,1.5465736,-3.5729408,2.7898312,3.3351898,2.1199226,3.0245781,4.9635887
"GAMBIA, THE ",1984,5.277023664278448,2.7898312,-3.5729408,6.7929268,16.587019,.2415657,-3.2622337,3.3351898,2.1199226,3.0245781,4.9635887,3.5210609,3.5297394
"GAMBIA, THE ",2015,,,1.6148567,4.6701431,5.6968212,-4.4250011,6.3204288,,,,,,
GUINEA-BISSAU,2014,,2.8587341,.89597702,-2.2245407,8.6177349,4.3059826,3.2466888,,,,,,
Equatorial Guinea,1980,20.18458273269672,4.7267437,-5.1216602,-5.1352024,7.0622444,.28944016,6.3709259,5.6089401,2.175045,4.885149,1.0071754,1.9665718,-3.8667202
Equatorial Guinea,1985,12.41286812698924,1.9665718,1.0071754,4.885149,2.175045,5.6089401,4.7267437,-3.8667202,7.2109699,5.1431656,-2.7977943,-2.4869442,.32186508
Greece,2010,13.57280978706199,-5.6344032,-4.3959618,-.33578873,3.2213211,5.4984093,.59738159,-9.5767975,-7.5806618,-3.2505035,.6518364,,
GRENADA     ,1979,.9031614640820745,5.8381081,5.2731991,5.5474758,8.6414814,2.9631615,6.2035561,-.44670105,.84867477,4.8079967,2.8841019,4.6738148,7.771492
GRENADA     ,1981,3.421874911044133,.84867477,-.44670105,5.8381081,5.2731991,5.5474758,8.6414814,4.8079967,2.8841019,4.6738148,7.771492,7.9269409,10.57086
Guatemala,1983,1.429172177158438,-2.5856972,-3.6135674,.66404343,3.6815643,4.6023369,4.8758507,.47168732,-.59080124,.13952255,3.4826279,3.818512,3.8668633
Guatemala,1988,1.031955611563594,3.818512,3.4826279,.13952255,-.59080124,.47168732,-2.5856972,3.8668633,3.0553818,3.592968,4.724884,3.853035,3.9539337
Guatemala,1992,.7714391651376958,4.724884,3.592968,3.0553818,3.8668633,3.818512,3.4826279,3.853035,3.9539337,4.8159599,2.9192924,4.2807579,4.8734665
Guatemala,2002,.5496542017018363,3.7938118,2.3048401,3.5449028,3.7747383,4.8734665,4.2807579,2.4992943,3.1033516,3.2081604,5.2400589,6.1133385,3.2284737
Guatemala,2003,.5695039207543661,2.4992943,3.7938118,2.3048401,3.5449028,3.7747383,4.8734665,3.1033516,3.2081604,5.2400589,6.1133385,3.2284737,.52480698
Guatemala,2009,2.619889814708108,.52480698,3.2284737,6.1133385,5.2400589,3.2081604,3.1033516,2.8289795,4.0776253,2.9267311,3.6307335,4.1619301,
GUYANA      ,1978,1.656853026621262,,,,,,,,,,,,
HONDURAS    ,1982,2.12571873457689,-1.4010429,2.5016785,.66623688,4.5589447,9.536171,9.8793983,-.92859268,4.2538643,4.1028976,.72011948,5.856514,4.5066833
HONDURAS    ,1990,1.040892919248693,.096797943,4.2349815,4.5066833,5.856514,.72011948,4.1028976,3.2002449,5.4718018,6.0437202,-1.3118744,3.9989471,3.5158157
HONDURAS    ,2008,.4339425181500212,4.1447639,6.0043335,6.3603401,5.8749199,6.0458183,4.4466972,-2.4619102,3.6633492,3.7637711,4.0458679,2.7531624,3.0385971
Croatia,1994,.5503179549924139,5.704689,-8.3661079,-12.457943,-23.684502,,,6.6104889,5.7076454,6.4339638,1.8447876,-.93994141,3.6982536
Croatia,2001,1.079231871367022,3.37677,3.6982536,-.93994141,1.8447876,6.4339638,5.7076454,5.1135063,5.4089546,4.0016174,4.0793419,4.6743393,5.0217628
Croatia,2003,.4539548348843387,5.4089546,5.1135063,3.37677,3.6982536,-.93994141,1.8447876,4.0016174,4.0793419,4.6743393,5.0217628,2.0325661,-7.6705933
Croatia,2004,.3698171770764615,4.0016174,5.4089546,5.1135063,3.37677,3.6982536,-.93994141,4.0793419,4.6743393,5.0217628,2.0325661,-7.6705933,-1.7158508
HAITI       ,1975,.59354386685239,1.1164665,5.6190491,4.6457291,.97236633,6.2790871,.65612793,8.1009865,.47674179,4.7537804,7.2857857,7.1279526,-2.9020309
HAITI       ,1976,.7350868119767341,8.1009865,1.1164665,5.6190491,4.6457291,.97236633,6.2790871,.47674179,4.7537804,7.2857857,7.1279526,-2.9020309,-3.6653519
HAITI       ,1982,2.150415979880917,-3.6653519,-2.9020309,7.1279526,7.2857857,4.7537804,.47674179,.93393326,.29630661,.58984756,-.51107407,-.75149536,3.1033516
HAITI       ,1983,3.306961018886719,.93393326,-3.6653519,-2.9020309,7.1279526,7.2857857,4.7537804,.29630661,.58984756,-.51107407,-.75149536,3.1033516,-2.9566765
HAITI       ,1989,3.548619585969377,-2.9566765,3.1033516,-.75149536,-.51107407,.58984756,.29630661,1.0327339,1.8647194,-5.4572105,-5.5840492,-12.719345,9.4326019
HAITI       ,1995,1.056753977321105,9.4326019,-12.719345,-5.5840492,-5.4572105,1.8647194,1.0327339,4.0593147,2.6665688,2.1601677,2.6765823,.8638382,-1.0482788
HAITI       ,2016,,,,2.7127266,4.1602135,2.8442383,5.3766251,,,,,,
Hungary,1982,2.183920077159502,2.8015137,2.8264046,.061798096,1.5138626,4.4881821,6.5244675,.72031021,2.6233673,-.25339127,1.523304,3.9712906,-.065231323
Hungary,1984,1.973332969962497,2.6233673,.72031021,2.8015137,2.8264046,.061798096,1.5138626,-.25339127,1.523304,3.9712906,-.065231323,.73366165,-3.5592079
Hungary,1988,1.205730022688704,-.065231323,3.9712906,1.523304,-.25339127,2.6233673,.72031021,.73366165,-3.5592079,-12.660789,-3.11203,-.57783127,2.9046059
Hungary,1990,.6610525716854001,-3.5592079,.73366165,-.065231323,3.9712906,1.523304,-.25339127,-12.660789,-3.11203,-.57783127,2.9046059,1.4784813,.043296814
Hungary,1993,1.167330470988882,-.57783127,-3.11203,-12.660789,-3.5592079,.73366165,-.065231323,2.9046059,1.4784813,.043296814,3.3676147,4.1235924,3.1927109
Hungary,1996,.8162766044127339,.043296814,1.4784813,2.9046059,-.57783127,-3.11203,-12.660789,3.3676147,4.1235924,3.1927109,4.1404724,3.7769318,4.3833733
Hungary,2008,10.31883662016782,.83589554,.42486191,3.735733,4.2624474,4.8197746,3.7717819,-6.784153,.74043274,1.7422676,-1.7033577,1.8721581,3.6064148
Indonesia,1997,4.315770567516695,4.592514,7.5274467,7.8997612,7.2692871,7.0025444,6.9717407,-14.071751,.78792572,4.80299,3.5786629,4.401207,4.6695709
INDIA,1991,.8618736181020276,.42247772,5.5064201,6.36549,9.4614983,4.6589851,4.754734,5.2785873,4.8360825,7.1982384,7.3675156,7.1340561,4.3807983
Iraq,2005,1.357059757646622,4.3065071,43.281364,-40.199089,-7.1497917,2.2791862,1.396656,9.6747398,1.3682365,6.3996315,5.6465149,5.3907394,9.7253799
Iraq,2007,.8449773020094458,1.3682365,9.6747398,4.3065071,43.281364,-40.199089,-7.1497917,6.3996315,5.6465149,5.3907394,9.7253799,11.881733,5.4368019
Iraq,2010,2.642528089016471,5.3907394,5.6465149,6.3996315,1.3682365,9.6747398,4.3065071,9.7253799,11.881733,5.4368019,-3.9751053,,
Iraq,2015,,,-3.9751053,5.4368019,11.881733,9.7253799,5.3907394,,,,,,
Iraq,2016,2.999211275749874,,,-3.9751053,5.4368019,11.881733,9.7253799,,,,,,
Iceland,2008,12.22409914987308,1.4679909,9.0689659,4.1202545,5.789566,7.8998566,2.7049065,-4.7943115,-3.6546707,1.9686699,1.1759758,3.8219452,1.8101692
Israel,1975,.2675071677903704,3.1913757,6.2750816,5.4369926,11.463642,10.391903,11.972427,.32196045,1.0299683,5.4062843,6.0227394,1.6566277,5.2022934
Israel,1976,.231050257379307,.32196045,3.1913757,6.2750816,5.4369926,11.463642,10.391903,1.0299683,5.4062843,6.0227394,1.6566277,5.2022934,2.0610809
Italy,1977,.2172280450675333,2.528286,6.8829536,-2.1122932,5.3542137,6.8834305,3.6239624,3.1887054,5.7884216,3.3724785,.84066391,.41275024,1.1624336
Jamaica,1977,2.320463751255155,-2.4075508,-6.6752434,-.30612946,-3.9635658,1.2677193,8.7576866,.54283142,-1.858902,-5.8973312,2.5267601,1.2187004,2.2601128
Jamaica,1984,2.960532557693428,-.85849762,2.2601128,1.2187004,2.5267601,-5.8973312,-1.858902,-4.7541618,1.6689301,7.4375153,2.8443336,6.6149712,5.3144455
Jamaica,1985,6.337765392160908,-4.7541618,-.85849762,2.2601128,1.2187004,2.5267601,-5.8973312,1.6689301,7.4375153,2.8443336,6.6149712,5.3144455,.87032318
Jamaica,1987,4.51307136614606,7.4375153,1.6689301,-4.7541618,-.85849762,2.2601128,1.2187004,2.8443336,6.6149712,5.3144455,.87032318,9.8313332,1.9483566
Jamaica,1988,3.46520741938617,2.8443336,7.4375153,1.6689301,-4.7541618,-.85849762,2.2601128,6.6149712,5.3144455,.87032318,9.8313332,1.9483566,.88796616
Jamaica,1990,2.501527383733691,5.3144455,6.6149712,2.8443336,7.4375153,1.6689301,-4.7541618,.87032318,9.8313332,1.9483566,.88796616,1.0240555,.31318665
Jamaica,1991,1.45716546309575,.87032318,5.3144455,6.6149712,2.8443336,7.4375153,1.6689301,9.8313332,1.9483566,.88796616,1.0240555,.31318665,-.989151
Jamaica,2010,9.578326836453018,-1.5001297,-4.5261383,-.72488785,1.4338493,2.8577805,.88977814,1.7086029,-.60539246,.54645538,.68531036,,
Jamaica,2016,11.51921407250393,,,.68531036,.54645538,-.60539246,1.7086029,,,,,,
Jordan,1989,1.854221416245187,-11.349964,1.4503479,2.2979736,5.357933,-2.7453423,4.2017937,-.27456284,1.5956879,13.412857,4.3828011,4.8664093,6.0025215
Jordan,1992,1.137045349444525,13.412857,1.5956879,-.27456284,-11.349964,1.4503479,2.2979736,4.3828011,4.8664093,6.0025215,2.0617485,3.2598495,2.9676437
Jordan,2002,1.20991606474848,5.622673,5.1357269,4.15802,3.3334732,2.9676437,3.2598495,4.0774345,8.2199097,7.8317642,7.7821732,7.8590393,6.9716454
Jordan,2012,6.766595184627454,2.6165962,2.5539398,2.285099,5.3429604,6.9716454,7.8590393,2.7894974,3.0493736,,,,
Kazakhstan,1994,1.550908647409504,-13.432503,-9.6925735,-5.4656982,-11.602783,,,-8.6032867,.46377182,1.7199516,-1.9060135,2.6507378,9.3905449
Kazakhstan,1995,1.662594046275353,-8.6032867,-13.432503,-9.6925735,-5.4656982,-11.602783,,.46377182,1.7199516,-1.9060135,2.6507378,9.3905449,12.704754
KENYA       ,1979,1.860925242989864,3.6870003,8.6097717,8.7808609,3.9476395,-.37288666,4.7860146,5.4408073,3.6957741,3.6209106,1.3563156,1.752758,4.1858673
KENYA       ,1980,3.049774371937488,5.4408073,3.6870003,8.6097717,8.7808609,3.9476395,-.37288666,3.6957741,3.6209106,1.3563156,1.752758,4.1858673,6.9221497
KENYA       ,1982,1.824728480147203,3.6209106,3.6957741,5.4408073,3.6870003,8.6097717,8.7808609,1.3563156,1.752758,4.1858673,6.9221497,5.7542801,6.0131073
KENYA       ,1983,2.17487468136134,1.3563156,3.6209106,3.6957741,5.4408073,3.6870003,8.6097717,1.752758,4.1858673,6.9221497,5.7542801,6.0131073,4.5881271
KENYA       ,1985,1.070036109469681,4.1858673,1.752758,1.3563156,3.6209106,3.6957741,5.4408073,6.9221497,5.7542801,6.0131073,4.5881271,4.1257858,1.3978004
KENYA       ,2009,.5746268994648861,3.2533646,.2322197,6.6263199,6.1338425,5.7440758,4.9776077,8.0657005,5.9321404,4.4542313,5.5315018,5.1959038,
KYRGYZ REP.,1993,5.599400408349601,-16.793728,-14.893913,-8.2772255,,,,-22.420883,-5.5764198,6.8448067,9.4539642,2.0996094,3.5905838
KYRGYZ REP.,2008,1.995990085766891,8.0673218,8.1974983,3.0557632,-.17566681,6.7908287,6.7941666,2.8453827,-.47273636,5.785656,-.088119507,10.015392,3.5396576
KYRGYZ REP.,2010,,-.47273636,2.8453827,8.0673218,8.1974983,3.0557632,-.17566681,5.785656,-.088119507,10.015392,3.5396576,,
St. Kitts and Nevis,2011,10.70290060009371,1.6808987,-3.2802582,-5.7610989,4.0457249,2.7929783,5.718565,-1.2332439,5.657053,6.667757,,,
Korea,1975,.1078713448058324,7.5695992,9.0396881,13.82618,6.9066048,9.9435806,8.0774307,12.323666,11.580467,10.232639,8.2736969,-1.7159462,6.9344521
Korea,1980,1.251515231012288,-1.7159462,8.2736969,10.232639,11.580467,12.323666,7.5695992,6.9344521,7.9411507,12.435818,9.9328041,7.4640274,10.637665
Korea,1981,.9256943864856645,6.9344521,-1.7159462,8.2736969,10.232639,11.580467,12.323666,7.9411507,12.435818,9.9328041,7.4640274,10.637665,11.749268
Korea,1983,.6927011160810199,12.435818,7.9411507,6.9344521,-1.7159462,8.2736969,10.232639,9.9328041,7.4640274,10.637665,11.749268,11.24773,6.7935944
Korea,1985,.3066748895068921,7.4640274,9.9328041,12.435818,7.9411507,6.9344521,-1.7159462,10.637665,11.749268,11.24773,6.7935944,9.3592644,9.852314
Korea,1997,3.750961618709626,5.7535172,7.3199272,9.1399193,8.8067055,6.6225052,5.9923172,-5.6265831,10.713577,8.5484505,4.4259071,7.1691513,2.8910637
"LAO, PDR",1980,1.777627228491405,9.5345497,-2.0184517,.99010468,-2.0145416,2.9130936,6.4583778,14.264297,6.8441391,4.5785904,6.9220543,4.9456596,4.7696114
LIBERIA,1979,0,4.6628475,5.5952072,.93827248,4.6944618,-3.9528847,3.3405781,-6.4933777,-3.9668083,1.739502,-3.5001278,-.5906105,-2.0404816
LIBERIA,1980,0,-6.4933777,4.6628475,5.5952072,.93827248,4.6944618,-3.9528847,-3.9668083,1.739502,-3.5001278,-.5906105,-2.0404816,-1.1863708
LIBERIA,1981,0,-3.9668083,-6.4933777,4.6628475,5.5952072,.93827248,4.6944618,1.739502,-3.5001278,-.5906105,-2.0404816,-1.1863708,1.7792702
LIBERIA,1982,0,1.739502,-3.9668083,-6.4933777,4.6628475,5.5952072,.93827248,-3.5001278,-.5906105,-2.0404816,-1.1863708,1.7792702,2.788353
LIBERIA,1983,0,-3.5001278,1.739502,-3.9668083,-6.4933777,4.6628475,5.5952072,-.5906105,-2.0404816,-1.1863708,1.7792702,2.788353,2.7499676
LIBERIA,1984,0,-.5906105,-3.5001278,1.739502,-3.9668083,-6.4933777,4.6628475,-2.0404816,-1.1863708,1.7792702,2.788353,2.7499676,-71.397972
SRI LANKA,1977,2.326324843896221,4.0226936,3.7171364,3.3390999,3.8748741,3.4661293,3.1206131,8.3118439,5.8904648,5.9782028,5.3993225,5.0557137,4.6432495
SRI LANKA,1983,1.718409994813937,4.6432495,5.0557137,5.3993225,5.9782028,5.8904648,8.3118439,4.9279213,4.8949242,4.1849136,1.6086578,2.7411461,1.954937
SRI LANKA,2001,1.350611539317216,-1.3789177,5.807209,4.1857719,4.6401024,6.2465668,3.6884308,3.9415359,5.7704926,5.3019524,6.0546875,7.3884964,6.5758705
SRI LANKA,2009,5.388050843466194,3.4777641,5.7797432,6.5758705,7.3884964,6.0546875,5.3019524,7.7108383,7.9236031,6.1483383,6.9983482,7.1086884,
LESOTHO     ,1994,1.306021654269826,4.9844265,3.3700466,7.1788311,2.4925232,5.9689045,5.6390285,2.0037174,5.7109356,3.5388947,2.0766258,2.9315948,5.0115585
LESOTHO     ,1995,1.013357356145003,2.0037174,4.9844265,3.3700466,7.1788311,2.4925232,5.9689045,5.7109356,3.5388947,2.0766258,2.9315948,5.0115585,4.142189
LESOTHO     ,1996,1.035683981964152,5.7109356,2.0037174,4.9844265,3.3700466,7.1788311,2.4925232,3.5388947,2.0766258,2.9315948,5.0115585,4.142189,.53100586
Lithuania,1992,0,-23.900604,-5.8430672,,,,,-17.705727,-10.276413,3.2370567,5.0217628,7.9672813,7.2014809
Lithuania,1993,0,-17.705727,-23.900604,-5.8430672,,,,-10.276413,3.2370567,5.0217628,7.9672813,7.2014809,-1.1411667
Lithuania,2000,.6977800144836266,3.7601471,-1.1411667,7.2014809,7.9672813,5.0217628,3.2370567,6.3203812,6.5420151,10.019398,6.3445091,7.443428,7.1450233
Lithuania,2001,.8874154026750887,6.3203812,3.7601471,-1.1411667,7.2014809,7.9672813,5.0217628,6.5420151,10.019398,6.3445091,7.443428,7.1450233,10.514259
Latvia,1992,4.456031079058585,-42.861366,-10.995483,,,,,-16.097546,.6439209,-.8140564,2.3267746,8.6112976,6.3286781
Latvia,1993,1.151793433984413,-16.097546,-42.861366,-10.995483,,,,.6439209,-.8140564,2.3267746,8.6112976,6.3286781,2.5876999
Latvia,1995,.7542479926707605,-.8140564,.6439209,-16.097546,-42.861366,-10.995483,,2.3267746,8.6112976,6.3286781,2.5876999,5.2600861,6.2573433
Latvia,1996,.7225954310483754,2.3267746,-.8140564,.6439209,-16.097546,-42.861366,-10.995483,8.6112976,6.3286781,2.5876999,5.2600861,6.2573433,6.8702698
Latvia,1997,.6821845213193742,8.6112976,2.3267746,-.8140564,.6439209,-16.097546,-42.861366,6.3286781,2.5876999,5.2600861,6.2573433,6.8702698,8.088398
Latvia,1999,.6011448112494225,2.5876999,6.3286781,8.6112976,2.3267746,-.8140564,.6439209,5.2600861,6.2573433,6.8702698,8.088398,8.0118179,10.166836
Latvia,2001,.4966137069917828,6.2573433,5.2600861,2.5876999,6.3286781,8.6112976,2.3267746,6.8702698,8.088398,8.0118179,10.166836,11.245537,9.4950676
Latvia,2008,6.553392389569776,-3.6639214,9.4950676,11.245537,10.166836,8.0118179,8.088398,-15.488911,-3.8535118,6.0261726,3.9271355,2.9768944,2.3317337
Morocco,1982,1.720927220337457,9.1846466,-2.8059006,4.1389465,4.6888351,2.2219658,5.8725357,-.55875778,4.2385101,6.1306,7.793045,-2.5162697,10.021782
Morocco,1983,1.927429422542238,-.55875778,9.1846466,-2.8059006,4.1389465,4.6888351,2.2219658,4.2385101,6.1306,7.793045,-2.5162697,10.021782,2.4521828
Morocco,1985,1.460335687389023,6.1306,4.2385101,-.55875778,9.1846466,-2.8059006,4.1389465,7.793045,-2.5162697,10.021782,2.4521828,3.8100243,6.7183495
Morocco,1986,1.416300480906,7.793045,6.1306,4.2385101,-.55875778,9.1846466,-2.8059006,-2.5162697,10.021782,2.4521828,3.8100243,6.7183495,-4.1153908
Morocco,1988,1.089130052012782,10.021782,-2.5162697,7.793045,6.1306,4.2385101,-.55875778,2.4521828,3.8100243,6.7183495,-4.1153908,-1.0176659,9.8560333
Morocco,1990,.4713923374018257,3.8100243,2.4521828,10.021782,-2.5162697,7.793045,6.1306,6.7183495,-4.1153908,-1.0176659,9.8560333,-6.8058968,11.526585
Morocco,1992,.375160594167369,-4.1153908,6.7183495,3.8100243,2.4521828,10.021782,-2.5162697,-1.0176659,9.8560333,-6.8058968,11.526585,-2.2530556,7.3946953
Morocco,2012,6.439793377422206,2.9655457,5.1127434,3.7446976,4.156208,5.7544708,2.6698112,4.6171188,2.3882866,,,,
Morocco,2014,4.257823877526162,2.3882866,4.6171188,2.9655457,5.1127434,3.7446976,4.156208,,,,,,
Morocco,2016,3.249023863230762,,,2.3882866,4.6171188,2.9655457,5.1127434,,,,,,
MOLDOVA,1993,6.401649433452389,-1.1759758,-34.31673,-19.216442,,,,-36.989307,-1.3848305,-6.056881,1.6337395,-6.7659378,-3.4262657
MOLDOVA,1995,6.033494712452631,-1.3848305,-36.989307,-1.1759758,-34.31673,-19.216442,,-6.056881,1.6337395,-6.7659378,-3.4262657,2.0857811,5.9602737
MADAGASCAR  ,1980,2.035406506425193,.8023262,9.3590736,-2.6583672,2.337265,-3.1172752,1.25103,-9.0418816,-1.845932,.80680847,1.6902924,1.1492729,1.940155
MADAGASCAR  ,1981,3.528927707331238,-9.0418816,.8023262,9.3590736,-2.6583672,2.337265,-3.1172752,-1.845932,.80680847,1.6902924,1.1492729,1.940155,1.1712074
MADAGASCAR  ,1982,1.595317949752163,-1.845932,-9.0418816,.8023262,9.3590736,-2.6583672,2.337265,.80680847,1.6902924,1.1492729,1.940155,1.1712074,3.3467293
MADAGASCAR  ,1984,1.100449406811766,1.6902924,.80680847,-1.845932,-9.0418816,.8023262,9.3590736,1.1492729,1.940155,1.1712074,3.3467293,3.9978981,3.0820847
MADAGASCAR  ,1985,1.133874822756354,1.1492729,1.6902924,.80680847,-1.845932,-9.0418816,.8023262,1.940155,1.1712074,3.3467293,3.9978981,3.0820847,-6.5174103
MADAGASCAR  ,1986,1.126182020871615,1.940155,1.1492729,1.6902924,.80680847,-1.845932,-9.0418816,1.1712074,3.3467293,3.9978981,3.0820847,-6.5174103,1.1792183
MADAGASCAR  ,1988,.7327784111595452,3.3467293,1.1712074,1.940155,1.1492729,1.6902924,.80680847,3.9978981,3.0820847,-6.5174103,1.1792183,2.0748138,-.071620941
MADAGASCAR  ,2014,,3.3791542,2.2382736,2.9825211,1.4149666,.41294098,-4.21772,,,,,,
MADAGASCAR  ,2015,,,3.3791542,2.2382736,2.9825211,1.4149666,.41294098,,,,,,
Mexico,1986,1.181727352040765,-3.8262367,2.7345657,3.5363197,-4.3909073,-.70953369,8.4285736,1.8387794,1.2376785,4.1126251,4.9440384,4.1355133,3.5643578
Mexico,1995,5.176877830724017,-6.3652992,4.3206215,1.9317627,3.5643578,4.1355133,4.9440384,5.02491,6.5525055,4.9078941,3.6880493,6.3828468,-.032806396
Mexico,1999,.7400666854954807,3.6880493,4.9078941,6.5525055,5.02491,-6.3652992,4.3206215,6.3828468,-.032806396,.7689476,1.3807297,4.1236877,3.0293465
Mexico,2009,5.522778697078818,-4.8598289,1.3705254,3.1739235,4.8563957,3.0293465,4.1236877,5.0683975,3.844738,3.959465,1.3853073,2.2062302,
Mexico,2010,4.619234757782214,5.0683975,-4.8598289,1.3705254,3.1739235,4.8563957,3.0293465,3.844738,3.959465,1.3853073,2.2062302,,
Mexico,2011,6.199360364568809,3.844738,5.0683975,-4.8598289,1.3705254,3.1739235,4.8563957,3.959465,1.3853073,2.2062302,,,
Mexico,2012,6.125391315682846,3.959465,3.844738,5.0683975,-4.8598289,1.3705254,3.1739235,1.3853073,2.2062302,,,,
Mexico,2014,5.276772938170886,2.2062302,1.3853073,3.959465,3.844738,5.0683975,-4.8598289,,,,,,
Mexico,2016,8.011213900898325,,,2.2062302,1.3853073,3.959465,3.844738,,,,,,
"Macedonia, FYR",1995,.7072247974542222,-1.1210442,-1.8592834,-1.2318611,-8.5078239,-3.1802177,,1.1779785,1.4298439,3.3233643,4.2474747,4.4490814,-3.1151772
"Macedonia, FYR",2003,.6008608297877747,2.1982193,1.4824867,-3.1151772,4.4490814,4.2474747,3.3233643,4.5685768,4.6154976,5.0093651,6.2726021,5.3274155,-.35924911
"Macedonia, FYR",2005,1.180396598682763,4.6154976,4.5685768,2.1982193,1.4824867,-3.1151772,4.4490814,5.0093651,6.2726021,5.3274155,-.35924911,3.3036232,2.3131371
MALI,1982,2.283193322248633,6.0441017,4.2207718,-4.4221878,9.8900795,-1.4742851,6.1552048,-5.3198814,.67815781,8.1569672,14.944744,-2.3851395,.24938583
MALI,1983,2.989750516732622,-5.3198814,6.0441017,4.2207718,-4.4221878,9.8900795,-1.4742851,.67815781,8.1569672,14.944744,-2.3851395,.24938583,7.2219849
MALI,1985,1.76079718573493,8.1569672,.67815781,-5.3198814,6.0441017,4.2207718,-4.4221878,14.944744,-2.3851395,.24938583,7.2219849,2.3814201,-.19626617
MALI,2013,1.13902582644156,1.6929626,.030136108,2.6871681,5.6521416,4.3661118,4.8591614,6.9476128,,,,,
Myanmar,1977,0,5.1118851,5.3664207,4.005909,2.974987,1.47295,.44240952,6.0341835,4.6068192,7.6083183,6.1099052,5.2803993,4.2608261
Myanmar,1978,0,6.0341835,5.1118851,5.3664207,4.005909,2.974987,1.47295,4.6068192,7.6083183,6.1099052,5.2803993,4.2608261,4.8150063
Myanmar,1981,0,6.1099052,7.6083183,4.6068192,6.0341835,5.1118851,5.3664207,5.2803993,4.2608261,4.8150063,2.8110504,-1.0629654,-4.0880203
MONGOLIA    ,1991,.976094039069426,-9.7026825,-2.5485992,4.0953636,4.9788475,3.4806252,9.0081215,-9.9794388,-3.0491829,2.2740364,6.1208725,2.3256302,3.9204597
MONGOLIA    ,2009,4.021201653157137,-1.2767792,8.5262299,9.7561836,8.2098007,7.0029259,10.097694,6.1709404,15.948582,11.618042,11.018944,7.4768066,
MOZAMBIQUE  ,2009,1.584066756216842,6.1578751,6.6501617,7.1632385,9.395504,8.3611488,7.5211525,6.4736366,6.8757057,6.9508553,6.8982124,6.9718361,
MOZAMBIQUE  ,2015,1.913638400944712,,6.9718361,6.8982124,6.9508553,6.8757057,6.4736366,,,,,,
MAURITANIA  ,1980,0,.69828033,9.5441818,-7.7739716,-.38328171,6.4587593,9.6489906,3.9072037,-7.948494,2.4587631,-2.1567345,3.2972336,5.6484222
MAURITANIA  ,1981,0,3.9072037,.69828033,9.5441818,-7.7739716,-.38328171,6.4587593,-7.948494,2.4587631,-2.1567345,3.2972336,5.6484222,2.2857666
MAURITANIA  ,1985,0,3.2972336,-2.1567345,2.4587631,-7.948494,3.9072037,.69828033,5.6484222,2.2857666,1.2109756,3.6250114,-1.044178,2.8189659
MAURITANIA  ,1986,0,5.6484222,3.2972336,-2.1567345,2.4587631,-7.948494,3.9072037,2.2857666,1.2109756,3.6250114,-1.044178,2.8189659,2.1621704
MAURITANIA  ,1987,0,2.2857666,5.6484222,3.2972336,-2.1567345,2.4587631,-7.948494,1.2109756,3.6250114,-1.044178,2.8189659,2.1621704,8.313942
Mauritius,1979,7.92051123300781,3.4561157,3.7592888,6.3421249,19.990921,1.25103,7.717514,-10.604191,5.715847,5.3513527,.38309097,4.6643257,6.6502571
Mauritius,1980,3.804770976410123,-10.604191,3.4561157,3.7592888,6.3421249,19.990921,1.25103,5.715847,5.3513527,.38309097,4.6643257,6.6502571,9.2962265
Mauritius,1981,3.132927672765225,5.715847,-10.604191,3.4561157,3.7592888,6.3421249,19.990921,5.3513527,.38309097,4.6643257,6.6502571,9.2962265,9.6793175
Mauritius,1983,4.579093219388936,.38309097,5.3513527,5.715847,-10.604191,3.4561157,3.7592888,4.6643257,6.6502571,9.2962265,9.6793175,6.5542221,4.4595718
Mauritius,1985,5.074567468527062,6.6502571,4.6643257,.38309097,5.3513527,5.715847,-10.604191,9.2962265,9.6793175,6.5542221,4.4595718,6.9060326,4.044342
MALAWI,1979,1.964858316706537,3.272438,7.9874992,4.2464256,6.0386658,5.3807259,7.178688,8.9582443,-11.439228,1.4327049,4.1285515,3.8433075,4.5994759
MALAWI,1980,2.96392939803782,8.9582443,3.272438,7.9874992,4.2464256,6.0386658,5.3807259,-11.439228,1.4327049,4.1285515,3.8433075,4.5994759,2.0123482
MALAWI,1982,1.185921740877777,1.4327049,-11.439228,8.9582443,3.272438,7.9874992,4.2464256,4.1285515,3.8433075,4.5994759,2.0123482,-.99534988,3.2356262
MALAWI,1988,3.896359703816605,3.2356262,-.99534988,2.0123482,4.5994759,3.8433075,4.1285515,3.98283,4.6607018,7.511425,-8.2492828,10.228062,-12.317181
MALAWI,1994,1.052445160540122,-12.317181,10.228062,-8.2492828,7.511425,4.6607018,3.98283,8.6380959,9.2328072,3.7222862,2.3304939,1.2351036,1.5637398
MALAWI,2008,1.506658646534694,7.9994202,7.3619843,9.1667175,4.5928955,3.2164574,5.5487633,6.6480637,4.7399521,-.60558319,6.0693741,0,6.2904358
NIGER       ,1983,1.045133721312898,-4.8674583,1.609993,.60710907,-2.2577286,6.9031715,12.639141,-18.422794,7.4388504,-1.8587112,-1.3875008,5.9185028,-.72689056
NIGER       ,1984,1.073465066666667,-18.422794,-4.8674583,1.609993,.60710907,-2.2577286,6.9031715,7.4388504,-1.8587112,-1.3875008,5.9185028,-.72689056,-.76828003
NIGER       ,1985,1.027980027006641,7.4388504,-18.422794,-4.8674583,1.609993,.60710907,-2.2577286,-1.8587112,-1.3875008,5.9185028,-.72689056,-.76828003,.36201477
NIGER       ,1994,1.737004515727619,2.6386261,.92601776,.20771027,.36201477,-.76828003,-.72689056,3.2317162,4.9639702,.49495697,11.966515,.98896027,-2.6175499
NIGERIA     ,1987,0,-.69589615,1.868248,10.737038,-1.3662338,-6.8547249,-1.7380714,7.3094368,6.9023132,10.757732,.011634827,2.596283,1.5450478
NIGERIA     ,1989,0,6.9023132,7.3094368,-.69589615,1.868248,10.737038,-1.3662338,10.757732,.011634827,2.596283,1.5450478,.78163147,2.1259308
NIGERIA     ,1991,.758860014779261,.011634827,10.757732,6.9023132,7.3094368,-.69589615,1.868248,2.596283,1.5450478,.78163147,2.1259308,4.0491104,2.8490067
NIGERIA     ,2000,1.515574718966235,5.1815033,.47311783,2.776432,2.8490067,4.0491104,2.1259308,4.3166161,19.348717,9.7426414,9.9658966,6.3087463,5.8561325
NICARAGUA   ,1979,3.22632770651855,-30.759621,-7.4223518,6.0944557,4.920578,2.1730423,11.961079,4.5084953,5.2244186,-.81968307,4.5099258,-1.5784264,-4.1675568
NICARAGUA   ,1991,1.588995548004657,-.18978119,-.052452087,-1.7532349,-13.295937,-.70877075,-1.0225296,.385952,-.39138794,3.2813072,5.7444572,6.1523438,3.8899422
NEPAL       ,1985,.7283874498135396,5.9635162,9.240818,-3.023243,3.7104607,8.0117226,-2.3478508,4.4645309,1.6814232,7.4168205,4.2366982,4.5308113,6.1719894
NEPAL       ,2010,,4.7040939,4.4333458,5.92556,3.3546448,3.6540031,3.0752182,3.364563,4.6704292,4.0458679,5.2408218,,
NEPAL       ,2015,,,5.2408218,4.0458679,4.6704292,3.364563,4.7040939,,,,,,
PAKISTAN,1977,.5075414577514503,3.729248,4.5035362,3.178978,5.1832199,6.3471794,1.4444351,7.6984406,4.6936035,8.3422661,6.6966057,6.3326836,6.5585136
PAKISTAN,1993,.5405171770896177,1.7430305,7.422924,4.9376488,4.362011,4.8406601,7.3485374,3.6692619,4.8433304,4.7327995,1.0093689,2.518177,3.59478
PAKISTAN,1995,1.052560899496561,4.8433304,3.6692619,1.7430305,7.422924,4.9376488,4.362011,4.7327995,1.0093689,2.518177,3.59478,4.1718483,1.9629478
PAKISTAN,2000,.7601160204670657,4.1718483,3.59478,2.518177,1.0093689,4.7327995,4.8433304,1.9629478,3.1736374,4.7325134,7.1091652,7.3881149,5.9942245
PAKISTAN,2008,6.523281864635516,1.6870499,4.7197342,5.9942245,7.3881149,7.1091652,4.7325134,2.7923584,1.5938759,2.7112961,3.4469604,4.3143272,5.2703857
Panama,1978,1.151858332181971,9.3537331,1.1099815,1.6218185,1.5850067,2.3971558,5.2653313,4.3878555,14.162731,8.5471153,3.780365,-1.5354156,2.1298409
Panama,1979,1.224109958622246,4.3878555,9.3537331,1.1099815,1.6218185,1.5850067,2.3971558,14.162731,8.5471153,3.780365,-1.5354156,2.1298409,4.9531937
Panama,1980,2.842128857513769,14.162731,4.3878555,9.3537331,1.1099815,1.6218185,1.5850067,8.5471153,3.780365,-1.5354156,2.1298409,4.9531937,4.3663979
Panama,1982,.6487095703026194,3.780365,8.5471153,14.162731,4.3878555,9.3537331,1.1099815,-1.5354156,2.1298409,4.9531937,4.3663979,2.9785156,-10.690594
Panama,1983,3.028658115579161,-1.5354156,3.780365,8.5471153,14.162731,4.3878555,9.3537331,2.1298409,4.9531937,4.3663979,2.9785156,-10.690594,1.5501976
Panama,1985,1.726501558703278,4.9531937,2.1298409,-1.5354156,3.780365,8.5471153,14.162731,4.3663979,2.9785156,-10.690594,1.5501976,7.7877045,9.0014458
Panama,1992,1.448711672756729,7.8826904,9.0014458,7.7877045,1.5501976,-10.690594,2.9785156,5.3120613,2.8103828,1.7364502,2.7718544,6.2650681,7.086277
Panama,1995,1.495332841416858,1.7364502,2.8103828,5.3120613,7.8826904,9.0014458,7.7877045,2.7718544,6.2650681,7.086277,3.8360596,2.6853561,.57001114
Panama,2000,.6777130001314106,2.6853561,3.8360596,7.086277,6.2650681,2.7718544,1.7364502,.57001114,2.2044182,4.1196823,7.2525978,6.944561,8.1835747
Peru,1977,.7899515187525031,.34837723,1.4368057,4.2109489,8.9719772,6.0878754,3.4184456,-2.6780128,4.0093422,5.7733536,5.4034233,-.22296906,-10.990524
Peru,1978,2.017109760841461,-2.6780128,.34837723,1.4368057,4.2109489,8.9719772,6.0878754,4.0093422,5.7733536,5.4034233,-.22296906,-10.990524,3.5447121
Peru,1979,2.476402913393158,4.0093422,-2.6780128,.34837723,1.4368057,4.2109489,8.9719772,5.7733536,5.4034233,-.22296906,-10.990524,3.5447121,2.0401955
Peru,1984,1.26063984362043,3.5447121,-10.990524,-.22296906,5.4034233,5.7733536,4.0093422,2.0401955,9.0078354,9.2817307,-9.9171638,-13.13858,-5.1110268
Peru,2001,.3116670621524592,.61597824,2.6586533,1.4839172,-.39234161,6.2757492,2.7605057,5.3100586,4.0805817,4.8392296,6.0955048,7.2588921,8.1749916
Peru,2002,.6366766322177022,5.3100586,.61597824,2.6586533,1.4839172,-.39234161,6.2757492,4.0805817,4.8392296,6.0955048,7.2588921,8.1749916,8.7490082
Peru,2004,.6687889942719759,4.8392296,4.0805817,5.3100586,.61597824,2.6586533,1.4839172,6.0955048,7.2588921,8.1749916,8.7490082,1.0437012,8.1126213
Peru,2007,.2665541655156666,8.1749916,7.2588921,6.0955048,4.8392296,4.0805817,5.3100586,8.7490082,1.0437012,8.1126213,6.2525749,5.7800293,5.5977821
Philippines,1979,.422307138290803,5.4871559,5.0425529,5.4510117,8.4387779,5.4164886,3.4970284,5.0205231,3.3659935,3.5553932,1.8572807,-7.6057434,-7.5873375
Philippines,1980,1.450745175466953,5.0205231,5.4871559,5.0425529,5.4510117,8.4387779,5.4164886,3.3659935,3.5553932,1.8572807,-7.6057434,-7.5873375,3.3596992
Philippines,1983,.8939636302126112,1.8572807,3.5553932,3.3659935,5.0205231,5.4871559,5.0425529,-7.6057434,-7.5873375,3.3596992,4.221344,6.5342903,6.0203552
Philippines,1984,1.729449342004573,-7.6057434,1.8572807,3.5553932,3.3659935,5.0205231,5.4871559,-7.5873375,3.3596992,4.221344,6.5342903,6.0203552,2.9917717
Philippines,1986,.7300617460476445,3.3596992,-7.5873375,-7.6057434,1.8572807,3.5553932,3.3659935,4.221344,6.5342903,6.0203552,2.9917717,-.58002472,.33712387
Philippines,1991,.9500102395596118,-.58002472,2.9917717,6.0203552,6.5342903,4.221344,3.3596992,.33712387,2.0941734,4.2941093,4.5724869,5.6814194,5.0554276
Philippines,1998,1.990532951770478,-.57840347,5.0554276,5.6814194,4.5724869,4.2941093,2.0941734,3.0353546,4.3167114,2.8529167,3.5810471,4.850769,6.4828873
PAPUA NEW GUINEA,1990,.7747639102302639,,,,,,,,,,,,
PAPUA NEW GUINEA,1991,.6623274808659064,,,,,,,,,,,,
PAPUA NEW GUINEA,1995,1.460886761589214,,,,,,,,,,,,
PAPUA NEW GUINEA,2000,2.119471852613784,,,,,,,,,,,,
Poland,1990,1.248870895229427,-12.269783,.16021729,4.0495872,1.9390106,4.1384697,3.5730362,-7.2738647,2.4839401,3.6701202,5.1574707,6.720829,5.8803558
Poland,1993,.7235186058576909,3.6701202,2.4839401,-7.2738647,-12.269783,.16021729,4.0495872,5.1574707,6.720829,5.8803558,6.2594414,4.5113564,4.5376778
Poland,1994,.4692855510933341,5.1574707,3.6701202,2.4839401,-7.2738647,-12.269783,.16021729,6.720829,5.8803558,6.2594414,4.5113564,4.5376778,4.4586182
Poland,2009,4.913193768256908,2.6000977,3.8455009,6.9541931,6.0085297,3.4856796,5.0080299,3.6320686,4.887104,1.5496254,1.2568474,3.2795906,
Poland,2010,4.399987381461244,3.6320686,2.6000977,3.8455009,6.9541931,6.0085297,3.4856796,4.887104,1.5496254,1.2568474,3.2795906,,
Poland,2011,5.566936756065076,4.887104,3.6320686,2.6000977,3.8455009,6.9541931,6.0085297,1.5496254,1.2568474,3.2795906,,,
Poland,2013,6.460940891351844,1.2568474,1.5496254,4.887104,3.6320686,2.6000977,3.8455009,3.2795906,,,,,
Poland,2015,3.774027957778298,,3.2795906,1.2568474,1.5496254,4.887104,3.6320686,,,,,,
Poland,2017,1.861862590396677,,,,3.2795906,1.2568474,1.5496254,,,,,,
Portugal,1978,.3296269528997052,2.7770996,5.4512978,6.6725731,-4.4449806,1.1363983,10.616589,5.48563,4.487133,1.6051292,2.1129608,-.17328262,-1.8979073
Portugal,1983,1.648024133319862,-.17328262,2.1129608,1.6051292,4.487133,5.48563,2.7770996,-1.8979073,2.7688026,4.0575027,6.1860085,7.2219849,6.241703
Paraguay,2003,1.127767425243759,4.2300224,14.000988,2.0513535,-3.3896446,-1.4872551,.54645538,3.9772987,2.1110535,4.6951294,5.2797318,6.165123,-4.0464401
Paraguay,2006,.4239241749183013,4.6951294,2.1110535,3.9772987,4.2300224,14.000988,2.0513535,5.2797318,6.165123,-4.0464401,12.30402,4.2508125,-1.2467384
Romania,1975,.3760017463822715,9.8238945,11.617088,9.8939896,10.09264,12.221718,8.2582474,10.536003,8.0852509,7.0286751,6.1422348,4.1672707,.11234283
Romania,1977,.2181717988193567,8.0852509,10.536003,9.8238945,11.617088,9.8939896,10.09264,7.0286751,6.1422348,4.1672707,.11234283,3.8683891,5.8708191
Romania,1981,2.304981181085828,.11234283,4.1672707,6.1422348,7.0286751,8.0852509,10.536003,3.8683891,5.8708191,5.7995796,-.09803772,2.3097992,.83122253
Romania,1991,1.860415218945455,-13.832283,-5.7795525,-5.961895,-.49819946,.83122253,2.3097992,-9.1754913,1.5172958,3.8565636,6.8949699,3.7967682,-4.9360275
Romania,1992,2.16923900663888,-9.1754913,-13.832283,-5.7795525,-5.961895,-.49819946,.83122253,1.5172958,3.8565636,6.8949699,3.7967682,-4.9360275,-2.1093369
Romania,1994,1.530483558781039,3.8565636,1.5172958,-9.1754913,-13.832283,-5.7795525,-5.961895,6.8949699,3.7967682,-4.9360275,-2.1093369,-.40235519,2.3669243
Romania,1997,1.134033704441272,-4.9360275,3.7967682,6.8949699,3.8565636,1.5172958,-9.1754913,-2.1093369,-.40235519,2.3669243,5.4412842,5.0542831,5.3770065
Romania,1999,1.51730625823879,-.40235519,-2.1093369,-4.9360275,3.7967682,6.8949699,3.8565636,2.3669243,5.4412842,5.0542831,5.3770065,8.0276489,4.0872574
Romania,2001,.9259482454160991,5.4412842,2.3669243,-.40235519,-2.1093369,-4.9360275,3.7967682,5.0542831,5.3770065,8.0276489,4.0872574,7.7474594,6.6384315
Romania,2004,.5094012995753523,8.0276489,5.3770065,5.0542831,5.4412842,2.3669243,-.40235519,4.0872574,7.7474594,6.6384315,8.1202507,-7.3289871,-.80165863
Romania,2009,10.67573363263643,-7.3289871,8.1202507,6.6384315,7.7474594,4.0872574,8.0276489,-.80165863,1.0507584,.63896179,3.4706116,2.7395248,
Romania,2011,2.549802160829569,1.0507584,-.80165863,-7.3289871,8.1202507,6.6384315,7.7474594,.63896179,3.4706116,2.7395248,,,
Romania,2013,1.40767693775466,3.4706116,.63896179,1.0507584,-.80165863,-7.3289871,8.1202507,2.7395248,,,,,
Russia,1995,1.903503792560598,-4.1864395,-13.581944,-9.101963,-15.665627,-5.1291466,,-3.6744118,1.3716698,-5.4929733,6.157589,9.572506,4.9657822
Russia,1999,2.151755458680034,6.157589,-5.4929733,1.3716698,-3.6744118,-4.1864395,-13.581944,9.572506,4.9657822,4.6346664,7.0419312,6.9302559,6.1811447
RWANDA      ,1979,.5798283414792507,8.962059,9.3673706,5.0428391,17.818451,-2.1365166,.80595016,8.5733414,5.2936554,1.7946243,5.8059692,-4.3346405,4.3115616
RWANDA      ,2016,2.305679116715384,,,6.7317009,4.5781136,8.4234238,7.558918,,,,,,
SUDAN       ,1982,4.225305166009076,2.0401001,7.174015,1.5128136,-5.148983,-6.1141014,6.0378075,-5.1386833,-6.4869881,5.2722931,13.296413,-.33159256,8.5547447
SUDAN       ,1983,2.520984876909227,-5.1386833,2.0401001,7.174015,1.5128136,-5.148983,-6.1141014,-6.4869881,5.2722931,13.296413,-.33159256,8.5547447,-5.6253433
SUDAN       ,1984,1.013920839427123,-6.4869881,-5.1386833,2.0401001,7.174015,1.5128136,-5.148983,5.2722931,13.296413,-.33159256,8.5547447,-5.6253433,7.2422028
SENEGAL     ,1979,.4864793093151616,9.2017174,-6.4483643,-2.7332306,8.5439682,7.2710037,4.1135788,-3.3473015,-1.193428,14.271259,2.154541,-4.0867805,3.7099838
SENEGAL     ,1981,2.308289541879658,-1.193428,-3.3473015,9.2017174,-6.4483643,-2.7332306,8.5439682,14.271259,2.154541,-4.0867805,3.7099838,4.4536591,3.9172173
SENEGAL     ,1982,1.676088562872209,14.271259,-1.193428,-3.3473015,9.2017174,-6.4483643,-2.7332306,2.154541,-4.0867805,3.7099838,4.4536591,3.9172173,4.9330711
SENEGAL     ,1983,2.377508131669656,2.154541,14.271259,-1.193428,-3.3473015,9.2017174,-6.4483643,-4.0867805,3.7099838,4.4536591,3.9172173,4.9330711,-1.4147758
SENEGAL     ,1985,2.840402901084877,3.7099838,-4.0867805,2.154541,14.271259,-1.193428,-3.3473015,4.4536591,3.9172173,4.9330711,-1.4147758,3.8299561,-.39739609
SENEGAL     ,1987,.5989124076018841,3.9172173,4.4536591,3.7099838,-4.0867805,2.154541,14.271259,4.9330711,-1.4147758,3.8299561,-.39739609,2.1893501,-2.2433281
SENEGAL     ,1994,4.924489763249359,2.8292656,-2.2433281,2.1893501,-.39739609,3.8299561,-1.4147758,4.617691,5.0891876,3.0761719,5.7312965,6.1657906,3.1369209
SENEGAL     ,2008,1.39085390571759,3.616333,4.8204422,2.4317741,5.4701805,5.7165146,6.4578056,2.3942947,4.0944099,1.7457962,4.270649,3.5582542,4.2689323
SOLOMON ISLANDS,1981,.9923953750408693,,,,,,,,,,,,
SOLOMON ISLANDS,1983,1.431527485222149,,,,,,,,,,,,
SOLOMON ISLANDS,2010,2.861394905871894,,,,,,,,,,,,
SOLOMON ISLANDS,2011,.9003187567867927,,,,,,,,,,,,
SIERRA LEONE,1979,1.46555459485594,4.972744,3.778553,.84590912,-.72555542,0,3.4317017,2.8263092,3.8890839,1.7374039,-.10137558,4.2686462,2.3024559
SIERRA LEONE,1984,2.386014671929909,4.2686462,-.10137558,1.7374039,3.8890839,2.8263092,4.972744,2.3024559,1.4492989,3.9557457,2.4354935,3.3376694,3.5773277
El Salvador,1982,1.397576846949798,-5.7645798,-8.6320877,-9.0906143,-1.7338753,6.2484741,5.861187,.76951981,2.2736549,1.9561768,.63257217,2.6528358,1.6031265
El Salvador,1990,1.054941698431544,3.3429146,1.044178,1.6031265,2.6528358,.63257217,1.9561768,3.5139084,7.2724342,7.1105957,5.8744431,6.2003136,1.6911507
El Salvador,1992,.9582766554150505,7.2724342,3.5139084,3.3429146,1.044178,1.6031265,2.6528358,7.1105957,5.8744431,6.2003136,1.6911507,4.1586876,3.6801338
El Salvador,1993,.9326666416834821,7.1105957,7.2724342,3.5139084,3.3429146,1.044178,1.6031265,5.8744431,6.2003136,1.6911507,4.1586876,3.6801338,3.3909798
El Salvador,1995,.5895578464291353,6.2003136,5.8744431,7.1105957,7.2724342,3.5139084,3.3429146,1.6911507,4.1586876,3.6801338,3.3909798,2.1298409,1.6944885
El Salvador,1997,.4565883229902917,4.1586876,1.6911507,6.2003136,5.8744431,7.1105957,7.2724342,3.6801338,3.3909798,2.1298409,1.6944885,2.3137093,2.2742271
El Salvador,1998,.4418121514939541,3.6801338,4.1586876,1.6911507,6.2003136,5.8744431,7.1105957,3.3909798,2.1298409,1.6944885,2.3137093,2.2742271,1.833725
El Salvador,2009,3.899307347175836,-3.1831741,1.2653351,3.768158,3.8375854,3.5005569,1.833725,1.3561249,2.1924973,1.8636703,1.8297195,1.9338608,
El Salvador,2010,3.695071116755296,1.3561249,-3.1831741,1.2653351,3.768158,3.8375854,3.5005569,2.1924973,1.8636703,1.8297195,1.9338608,,
Serbia,2001,2.041351836864325,4.8721313,7.4728966,-12.950039,2.4013519,6.9384575,2.3971558,6.8739891,4.3207169,8.6604118,5.3923607,4.7879219,5.7218552
Serbia,2009,9.635949005761688,-3.1655312,5.2276611,5.7218552,4.7879219,5.3923607,8.6604118,.58279037,1.3916969,-1.0204315,2.5391579,-1.8293381,
Serbia,2011,3.087871827287937,1.3916969,.58279037,-3.1655312,5.2276611,5.7218552,4.7879219,-1.0204315,2.5391579,-1.8293381,,,
Serbia,2015,3.48816068577903,,-1.8293381,2.5391579,-1.0204315,1.3916969,.58279037,,,,,,
Suriname,2016,12.87667453782826,,,1.8213272,2.8015137,3.0229568,5.1412582,,,,,,
Seychelles,2008,2.802772577515368,-2.163744,9.9104404,8.9888096,8.6238861,-2.0409584,-6.5391064,-1.1133671,5.775404,7.5985909,6.5934658,6.8066597,8.3534241
CHAD        ,1994,1.806232926915678,5.55439,-1.7661095,2.2736549,3.7276268,3.192997,1.8128395,1.3888359,2.116394,5.4888725,6.6887856,-.50153732,-.50354004
TOGO        ,1979,2.130728202135861,5.8161736,9.6011162,5.4102898,-.47273636,-.62236786,4.1633606,-4.6372414,-6.3908577,-3.7780762,-5.2940369,5.7147026,3.6497116
TOGO        ,1981,6.36569365214058,-6.3908577,-4.6372414,5.8161736,9.6011162,5.4102898,-.47273636,-3.7780762,-5.2940369,5.7147026,3.6497116,3.2084465,-2.5154114
TOGO        ,1983,3.18868128806799,-5.2940369,-3.7780762,-6.3908577,-4.6372414,5.8161736,9.6011162,5.7147026,3.6497116,3.2084465,-2.5154114,9.6438408,4.0182114
TOGO        ,1984,3.003213597425716,5.7147026,-5.2940369,-3.7780762,-6.3908577,-4.6372414,5.8161736,3.6497116,3.2084465,-2.5154114,9.6438408,4.0182114,5.729866
TOGO        ,1985,2.495218697209515,3.6497116,5.7147026,-5.2940369,-3.7780762,-6.3908577,-4.6372414,3.2084465,-2.5154114,9.6438408,4.0182114,5.729866,.22611618
TOGO        ,1986,2.656413069347057,3.2084465,3.6497116,5.7147026,-5.2940369,-3.7780762,-6.3908577,-2.5154114,9.6438408,4.0182114,5.729866,.22611618,-3.3342361
Thailand,1981,2.633543057919877,5.7390213,4.6739578,5.1768303,9.9291801,9.4388962,8.9616776,5.2140236,5.4338455,5.5930138,4.5425415,5.3861618,9.0927124
Thailand,1982,.79232405689356,5.2140236,5.7390213,4.6739578,5.1768303,9.9291801,9.4388962,5.4338455,5.5930138,4.5425415,5.3861618,9.0927124,12.476349
Thailand,1985,1.093358008977399,4.5425415,5.5930138,5.4338455,5.2140236,5.7390213,4.6739578,5.3861618,9.0927124,12.476349,11.505604,10.564613,8.085537
Thailand,1997,2.605421693211586,-2.7978897,5.5092812,7.8238487,7.70998,8.3352089,8.8472366,-7.958889,4.4804573,4.4235229,3.3320427,6.1823845,6.9425583
Trinidad and Tobago,1989,3.009502147184167,-.82702637,-3.9995193,-4.6672821,-3.336525,-4.2098999,-5.9225082,1.4924049,2.6483536,-1.6614914,-1.4590263,3.5000801,3.8805008
Trinidad and Tobago,1990,2.386038195298826,1.4924049,-.82702637,-3.9995193,-4.6672821,-3.336525,-4.2098999,2.6483536,-1.6614914,-1.4590263,3.5000801,3.8805008,6.8061829
Tunisia,1986,1.279280077519883,-2.0214081,5.5076599,5.5715561,4.5737267,-.48294067,5.3748131,4.7906876,1.6087532,3.4034729,6.8364143,3.8292885,7.516098
Tunisia,2013,3.815619326975819,2.4094582,3.8202286,-1.9363403,2.9164314,3.0747414,4.3631554,2.273941,,,,,
Turkey,1978,.4393090950959568,1.4933586,3.3480644,9.9511147,6.9274902,5.4433823,3.2096863,-.62646866,-2.4762154,4.7410011,3.500843,4.8495293,6.4961433
Turkey,1979,.28014102547047,-.62646866,1.4933586,3.3480644,9.9511147,6.9274902,5.4433823,-2.4762154,4.7410011,3.500843,4.8495293,6.4961433,4.15411
Turkey,1980,1.651634915400675,-2.4762154,-.62646866,1.4933586,3.3480644,9.9511147,6.9274902,4.7410011,3.500843,4.8495293,6.4961433,4.15411,6.7801476
Turkey,1983,.2774392734228677,4.8495293,3.500843,4.7410011,-2.4762154,-.62646866,1.4933586,6.4961433,4.15411,6.7801476,9.0610504,2.0981789,.25138855
Turkey,1984,.2670619104289415,6.4961433,4.8495293,3.500843,4.7410011,-2.4762154,-.62646866,4.15411,6.7801476,9.0610504,2.0981789,.25138855,8.8517189
Turkey,1994,.4973218330790438,-5.6100845,7.7349663,5.8120728,.92220306,8.8517189,.25138855,6.9443703,6.7708969,7.2587967,3.0450821,-3.4233093,6.5548897
Turkey,1999,8.04718895101302,-3.4233093,3.0450821,7.2587967,6.7708969,6.9443703,-5.6100845,6.5548897,-5.8662415,5.9813499,5.13134,8.9500427,8.0673218
Turkey,2002,7.313309002188484,5.9813499,-5.8662415,6.5548897,-3.4233093,3.0450821,7.2587967,5.13134,8.9500427,8.0673218,6.6662788,4.5628548,.65660477
Turkey,2005,1.899951339644843,8.0673218,8.9500427,5.13134,5.9813499,-5.8662415,6.5548897,6.6662788,4.5628548,.65660477,-4.9461365,8.7615967,8.4091187
TANZANIA,1975,.3290625598020992,5.7411194,2.4692535,3.0108452,6.5076828,4.094696,3.5400391,6.1898232,.40102005,1.2024879,3.2948494,2.9465675,-.50506592
TANZANIA,1980,3.09063513254385,2.9465675,3.2948494,1.2024879,.40102005,6.1898232,5.7411194,-.50506592,.59041977,-2.4050713,3.3267021,4.4884682,1.8738747
TANZANIA,1986,.7257662196280096,1.8738747,4.4884682,3.3267021,-2.4050713,.59041977,-.50506592,4.8129082,3.9797783,3.9148331,4.3676376,5.5449486,3.4667015
TANZANIA,2009,1.200383436024477,5.2425385,5.4171562,8.1251144,4.5552254,7.1109772,7.5369835,6.1649323,7.6076508,5.0131798,7.0114136,6.7332268,
TANZANIA,2012,.5858637781353102,5.0131798,7.6076508,6.1649323,5.2425385,5.4171562,8.1251144,7.0114136,6.7332268,,,,
UGANDA      ,1981,1.401856370283308,3.7867546,-3.4588814,-13.353157,-4.0822029,1.3422966,0,7.5042725,6.1517715,-4.729557,-.31757355,1.5089989,6.2013626
UGANDA      ,1982,1.914703134303852,7.5042725,3.7867546,-3.4588814,-13.353157,-4.0822029,1.3422966,6.1517715,-4.729557,-.31757355,1.5089989,6.2013626,7.5222015
UGANDA      ,1983,1.341630839923815,6.1517715,7.5042725,3.7867546,-3.4588814,-13.353157,-4.0822029,-4.729557,-.31757355,1.5089989,6.2013626,7.5222015,6.6712379
Ukraine,1995,3.873265857304315,-12.954521,-26.050949,-15.340614,-10.476398,-9.1005325,,-10.584545,-3.0338287,-1.9631386,-.16098022,5.7237625,8.4637642
Ukraine,1996,1.866600108931628,-10.584545,-12.954521,-26.050949,-15.340614,-10.476398,-9.1005325,-3.0338287,-1.9631386,-.16098022,5.7237625,8.4637642,5.2019119
Ukraine,1997,1.037734082409877,-3.0338287,-10.584545,-12.954521,-26.050949,-15.340614,-10.476398,-1.9631386,-.16098022,5.7237625,8.4637642,5.2019119,9.0906143
Ukraine,2004,.9508570715975723,11.149979,9.0906143,5.2019119,8.4637642,5.7237625,-.16098022,3.0250549,7.2984695,7.8957558,2.2187233,-16.41264,4.010582
Ukraine,2008,9.000708427701767,2.2187233,7.8957558,7.2984695,3.0250549,11.149979,9.0906143,-16.41264,4.010582,5.3021431,.15220642,.045394897,-7.0745468
Ukraine,2010,11.32283975171356,4.010582,-16.41264,2.2187233,7.8957558,7.2984695,3.0250549,5.3021431,.15220642,.045394897,-7.0745468,,
Ukraine,2014,12.01581295419164,-7.0745468,.045394897,.15220642,5.3021431,4.010582,-16.41264,,,,,,
Uruguay,1979,.3413902083083183,5.9859276,5.1276207,1.1672974,3.9075851,5.698204,3.0947685,5.8260918,1.881218,-9.8620415,-6.0311317,-1.0982513,1.4647484
Uruguay,1983,7.055778036767839,-6.0311317,-9.8620415,1.881218,5.8260918,5.9859276,5.1276207,-1.0982513,1.4647484,8.4860802,7.6340675,-.0086784363,1.2773514
Uruguay,1985,2.589265681003609,1.4647484,-1.0982513,-6.0311317,-9.8620415,1.881218,5.8260918,8.4860802,7.6340675,-.0086784363,1.2773514,.91180801,3.1309128
Uruguay,1990,1.313284248414086,.91180801,1.2773514,-.0086784363,7.6340675,8.4860802,1.4647484,3.1309128,8.7124825,2.5716782,7.0356369,-1.4609337,5.4123878
Uruguay,1992,.4833878336041432,8.7124825,3.1309128,.91180801,1.2773514,-.0086784363,7.6340675,2.5716782,7.0356369,-1.4609337,5.4123878,4.8132896,4.4198036
Uruguay,1996,.6346614565993275,5.4123878,-1.4609337,7.0356369,2.5716782,8.7124825,3.1309128,4.8132896,4.4198036,-1.9582748,-1.9487381,-3.9199829,-8.0472946
Uruguay,1997,.7034911587613593,4.8132896,5.4123878,-1.4609337,7.0356369,2.5716782,8.7124825,4.4198036,-1.9582748,-1.9487381,-3.9199829,-8.0472946,.8020401
Uruguay,1999,.4004049857585819,-1.9582748,4.4198036,4.8132896,5.4123878,-1.4609337,7.0356369,-1.9487381,-3.9199829,-8.0472946,.8020401,4.8830032,7.1948051
Uruguay,2000,.8559609678539061,-1.9487381,-1.9582748,4.4198036,4.8132896,5.4123878,-1.4609337,-3.9199829,-8.0472946,.8020401,4.8830032,7.1948051,4.0168762
Uruguay,2002,19.83071703209434,-8.0472946,-3.9199829,-1.9487381,-1.9582748,4.4198036,4.8132896,.8020401,4.8830032,7.1948051,4.0168762,6.3364029,6.9304466
Uruguay,2005,6.294724799886672,7.1948051,4.8830032,.8020401,-8.0472946,-3.9199829,-1.9487381,4.0168762,6.3364029,6.9304466,4.1560173,7.5138092,5.0333977
KOSOVO,2010,2.45208619657146,,,,,,,,,,,,
KOSOVO,2012,2.150543445412229,,,,,,,,,,,,
KOSOVO,2015,3.17206399416201,,,,,,,,,,,,
UZBEKISTAN  ,1995,1.823053684815936,-.90408325,-5.3390503,-2.321434,-11.878395,-.49324036,,1.6857147,5.0693512,4.3059349,4.3059349,3.922081,4.4016838
ST. VINCENT & GRENADINES ,2009,.8675547738437037,-2.1214008,6.5150738,-1.6300201,7.381916,2.4579048,4.072237,-3.4230709,-.42452812,1.3710499,1.6562462,.59561729,
ST. VINCENT & GRENADINES ,2011,,-.42452812,-3.4230709,-2.1214008,6.5150738,-1.6300201,7.381916,1.3710499,1.6562462,.59561729,,,
ST. VINCENT & GRENADINES ,2014,,.59561729,1.6562462,1.3710499,-.42452812,-3.4230709,-2.1214008,,,,,,
Venezuela,1996,1.988985474582908,-.19807816,3.8755417,-2.3775101,.27503967,5.8838844,9.2851639,6.176281,.29363632,-6.1561584,3.6206245,3.3378601,-9.2725754
VIETNAM,1993,1.511014869460798,7.7633858,8.2925797,5.7899475,4.9750328,4.581356,4.9742699,8.4699631,9.1123581,8.9292526,7.8364372,5.6043625,4.6624184
VANUATU     ,2015,,,,,,,,,,,,,
"YEMEN, REP.",1996,2.930190282478524,18.669033,15.404415,2.1407127,3.9877892,4.7829628,.31061172,5.098629,4.638195,4.4125557,7.3364258,5.7640076,4.9217224
"YEMEN, REP.",2012,,1.9990921,-13.657379,5.5395126,4.05159,3.9360046,3.415966,3.1912804,-.18892288,,,,
South Africa,1982,.5120611777073872,-.38404465,5.2219391,6.4105988,3.7204742,2.9700279,-.094127655,-1.8638611,4.9734116,-1.2188911,.01783371,2.0789146,4.1143417
ZAMBIA      ,1976,2.744621261108953,2.722168,-.63314438,3.3526421,-1.5851974,9.4115257,2.127552,-3.1831741,-.89502335,-4.0318489,3.842926,-.8263588,2.4478912
ZAMBIA      ,1978,10.6037009959888,-.89502335,-3.1831741,2.722168,-.63314438,3.3526421,-1.5851974,-4.0318489,3.842926,-.8263588,2.4478912,2.9009819,-.58631897
ZAMBIA      ,1983,6.061610537341623,2.9009819,2.4478912,-.8263588,3.842926,-4.0318489,-.89502335,-.58631897,-.021362305,2.6175499,2.7131081,1.927948,.95024109
ZAMBIA      ,1984,7.344838840900077,-.58631897,2.9009819,2.4478912,-.8263588,3.842926,-4.0318489,-.021362305,2.6175499,2.7131081,1.927948,.95024109,.74586868
ZAMBIA      ,1986,14.32771297846771,2.6175499,-.021362305,-.58631897,2.9009819,2.4478912,-.8263588,2.7131081,1.927948,.95024109,.74586868,-1.9749641,-1.7460823
ZIMBABWE    ,1983,0,1.5728951,2.600193,11.800957,10.049629,3.7320137,-2.1776199,-1.9258499,6.7139626,2.1064758,1.1043549,7.2815895,5.0845146
ZIMBABWE    ,1998,1.740038454784821,.49104691,1.4157295,9.2888832,.16231537,5.6388855,2.0884514,-3.6634445,-8.5217476,-.19369125,-6.1228752,-7.7548981,-3.710556
ZIMBABWE    ,1999,1.888196749717508,-3.6634445,.49104691,1.4157295,9.2888832,.16231537,5.6388855,-8.5217476,-.19369125,-6.1228752,-7.7548981,-3.710556,-4.1479111
