Country,year,LIC,AmountAgreedPercentGDP,DWDI,LGrowth1,LGrowth2,LGrowth3,LGrowth4,LGrowth5,FGrowth1,FGrowth2,FGrowth3,FGrowth4,FGrowth5,FGrowth6
Afghanistan,1965,1,.67052984,,,,,,,,,,,,
Afghanistan,1966,1,.5714286,,,,,,,,,,,,
Afghanistan,1968,1,.5097087,,,,,,,,,,,,
Afghanistan,1969,1,.851735,,,,,,,,,,,,
Afghanistan,1973,1,.68776816,,,,,,,,,,,,
Afghanistan,1975,1,.43606696,,,,,,,,,,,,
Angola,2009,0,1.8825516,2.4129097,13.817098,23.189598,18.989035,20.907026,10.238357,3.4528747,3.8733306,5.1775937,6.8427167,4.7039704,2.9997475
Albania,1992,0,4.3190022,-7.1999998,-29.588997,-9.5756397,9.8365488,-1.4200397,-.78784263,9.6000004,8.3000002,13.3,9.1000004,-10.837855,9.008853
Argentina,1967,0,.51532221,3.1919966,-.65972614,,,,,4.8225007,9.6795263,3.0456433,5.6581311,1.6284165,2.811754
Argentina,1968,0,.47282472,4.8225007,3.1919966,-.65972614,,,,9.6795263,3.0456433,5.6581311,1.6284165,2.811754,5.5338044
Argentina,1976,0,.58663017,-2.0182514,-.028412104,5.5338044,2.811754,1.6284165,5.6581311,6.9341478,-4.506125,10.222763,4.1517625,-5.689528,-4.9571786
Argentina,1977,0,.32796147,6.9341478,-2.0182514,-.028412104,5.5338044,2.811754,1.6284165,-4.506125,10.222763,4.1517625,-5.689528,-4.9571786,3.8751235
Argentina,1983,0,1.5421331,3.8751235,-4.9571786,-5.689528,4.1517625,10.222763,-4.506125,2.2117734,-7.5866771,7.8757796,2.9099932,-2.5569048,-7.4961896
Argentina,1984,0,1.5324867,2.2117734,3.8751235,-4.9571786,-5.689528,4.1517625,10.222763,-7.5866771,7.8757796,2.9099932,-2.5569048,-7.4961896,-2.3989592
Argentina,1987,0,1.1027205,2.9099932,7.8757796,-7.5866771,2.2117734,3.8751235,-4.9571786,-2.5569048,-7.4961896,-2.3989592,12.66971,11.940775,5.9069195
Argentina,1989,0,1.2309605,-7.4961896,-2.5569048,2.9099932,7.8757796,-7.5866771,2.2117734,-2.3989592,12.66971,11.940775,5.9069195,5.8362007,-2.8452096
Argentina,1991,0,.56249148,12.66971,-2.3989592,-7.4961896,-2.5569048,2.9099932,7.8757796,11.940775,5.9069195,5.8362007,-2.8452096,5.52669,8.1110468
Argentina,1996,0,.38407704,5.52669,-2.8452096,5.8362007,5.9069195,11.940775,12.66971,8.1110468,3.850179,-3.385457,-.78899896,-4.4088397,-10.894485
Argentina,2000,0,7.8590217,-.78899896,-3.385457,3.850179,8.1110468,5.52669,-2.8452096,-4.4088397,-10.894485,8.8370409,9.0295734,8.8516598,8.0471516
Armenia,1995,0,4.5330181,6.8999982,5.400003,-8.7999992,-41.800003,-11.699999,,5.8654008,3.3210797,7.3000002,3.3,5.9000001,9.5566416
Armenia,2009,0,9.5083933,-14.149988,6.9000001,13.749202,13.198004,13.865711,10.467842,2.2,4.6999998,7.1999998,3.3,3.5999999,3.2
Antigua and Barbuda,2010,0,8.9360676,-7.2000246,-12.107536,-.030133268,9.2594204,12.728507,6.412405,-2.0791271,3.5066092,-.10393914,5.1019402,4.0602188,5.3424792
Azerbaijan,1995,0,2.907335,-11.800001,-19.700001,-23.1,-22.6,-.69999999,,1.3000002,5.8000007,10,7.4000006,11.099999,9.8999996
Burundi,1965,1,2.5158029,,,,,,,4.6129928,13.821519,-.29788366,-1.4595412,21.32567,2.7468288
Burundi,1966,1,3.0221603,4.6129928,,,,,,13.821519,-.29788366,-1.4595412,21.32567,2.7468288,-6.403965
Burundi,1967,1,3.3651688,13.821519,4.6129928,,,,,-.29788366,-1.4595412,21.32567,2.7468288,-6.403965,6.8890505
Burundi,1968,1,3.2751091,-.29788366,13.821519,4.6129928,,,,-1.4595412,21.32567,2.7468288,-6.403965,6.8890505,-.72683954
Burundi,1969,1,2.1029863,-1.4595412,-.29788366,13.821519,4.6129928,,,21.32567,2.7468288,-6.403965,6.8890505,-.72683954,.69792026
Burundi,1970,1,.61796403,21.32567,-1.4595412,-.29788366,13.821519,4.6129928,,2.7468288,-6.403965,6.8890505,-.72683954,.69792026,7.9426608
Burundi,1976,1,1.6735457,7.9426608,.69792026,-.72683954,6.8890505,-6.403965,2.7468288,11.469453,-.94057602,1.6649549,.99105573,12.163276,-1.0535998
Burundi,1986,1,4.9680324,3.2501805,11.78318,.155544,3.715327,-1.0535998,12.163276,5.5030961,5.0310245,1.3495022,3.4998221,4.9968367,1.0099983
Bangladesh,1974,1,.30035952,9.5919561,3.3256803,-13.973729,-5.4794831,5.6198521,1.2208579,-4.0882139,5.6613612,2.6730561,7.0738378,4.8016348,.81914186
Bangladesh,1975,1,.39018327,-4.0882139,9.5919561,3.3256803,-13.973729,-5.4794831,5.6198521,5.6613612,2.6730561,7.0738378,4.8016348,.81914186,7.2339435
Bangladesh,1979,1,.70553827,4.8016348,7.0738378,2.6730561,5.6613612,-4.0882139,9.5919561,.81914186,7.2339435,2.1343279,3.8810463,4.8033099,3.3420146
Bangladesh,1983,1,.41523781,3.8810463,2.1343279,7.2339435,.81914186,4.8016348,7.0738378,4.8033099,3.3420146,4.1733828,3.7724018,2.4162569,2.8365822
Bangladesh,1985,1,.82034653,3.3420146,4.8033099,3.8810463,2.1343279,7.2339435,.81914186,4.1733828,3.7724018,2.4162569,2.8365822,5.6222582,3.4852278
Bulgaria,1991,0,3.4880321,-8.4453554,-9.1173773,-3.2898822,10.944692,6.0545139,4.207602,-7.272388,-1.4802148,1.8180113,2.8601894,.70468068,-1.0888202
Bulgaria,1992,0,2.1090522,-7.272388,-8.4453554,-9.1173773,-3.2898822,10.944692,6.0545139,-1.4802148,1.8180113,2.8601894,.70468068,-1.0888202,3.4627297
Bulgaria,1994,0,2.0592442,1.8180113,-1.4802148,-7.272388,-8.4453554,-9.1173773,-3.2898822,2.8601894,.70468068,-1.0888202,3.4627297,-6.0098462,4.9405537
Bulgaria,1996,0,4.7657423,.70468068,2.8601894,1.8180113,-1.4802148,-7.272388,-8.4453554,-1.0888202,3.4627297,-6.0098462,4.9405537,3.7702179,5.9375162
Bulgaria,1997,0,4.5644073,-1.0888202,.70468068,2.8601894,1.8180113,-1.4802148,-7.272388,3.4627297,-6.0098462,4.9405537,3.7702179,5.9375162,5.1562185
Bulgaria,2002,0,1.9092683,5.9375162,3.7702179,4.9405537,-6.0098462,3.4627297,-1.0888202,5.1562185,6.4353585,7.1235113,6.8743582,7.3444219,6.0218835
Bulgaria,2004,0,.57052809,6.4353585,5.1562185,5.9375162,3.7702179,4.9405537,-6.0098462,7.1235113,6.8743582,7.3444219,6.0218835,-3.5861456,1.3240879
Bosnia and Herzegovina,1998,0,3.1111107,15.599997,34.389576,88.957664,20.800001,,,9.5999994,5.5000005,4.3999996,5.3000002,4,6.0999999
Bosnia and Herzegovina,2002,0,1.3160378,5.3000002,4.3999996,5.5000005,9.5999994,15.599997,34.389576,4,6.0999999,8.7582302,5.3784766,5.7287569,5.5831275
Bosnia and Herzegovina,2009,0,8.8765612,-2.9896626,5.5831275,5.7287569,5.3784766,8.7582302,6.0999999,.86798322,.95570451,-.82173699,2.3493907,1.149628,3.0767474
Bosnia and Herzegovina,2012,0,4.9616017,-.82173699,.95570451,.86798322,-2.9896626,5.5831275,5.7287569,2.3493907,1.149628,3.0767474,3.1440773,3.0313883,
Belarus,1995,0,2.1310163,-10.400001,-11.700004,-7.6000018,-9.6000013,-1.1999956,,2.8000047,11.400005,8.399992,3.3999991,5.8000035,4.725306
Belarus,2009,0,6.8744941,.19999523,10.2,8.6000061,9.9999943,9.4000015,11.449743,7.7936978,5.5437107,1.7313927,1.0239855,1.7230856,-3.8295693
Belize,1984,0,3.4066286,1.9579451,-2.1060174,-.28315622,1.2906398,15.166518,7.5170217,1.0668492,4.5742588,11.215779,9.2375965,13.090841,10.628576
Bolivia,1965,0,2.3164346,,,,,,,6.4972959,6.9088678,-12.169028,3.0960135,-.49482137,5.0633364
Bolivia,1966,0,2.6898112,6.4972959,,,,,,6.9088678,-12.169028,3.0960135,-.49482137,5.0633364,7.9674854
Bolivia,1967,0,2.6461744,6.9088678,6.4972959,,,,,-12.169028,3.0960135,-.49482137,5.0633364,7.9674854,5.7391615
Bolivia,1969,0,2.1513944,3.0960135,-12.169028,6.9088678,6.4972959,,,-.49482137,5.0633364,7.9674854,5.7391615,2.939568,7.3110175
Bolivia,1973,0,2.5768805,5.7391615,7.9674854,5.0633364,-.49482137,3.0960135,-12.169028,2.939568,7.3110175,4.6145673,4.9712162,2.0526946,.13334404
Bolivia,1980,0,1.9083421,-1.3717734,.13334404,2.0526946,4.9712162,4.6145673,7.3110175,.27561674,-3.9387379,-4.0421219,-.20067175,-1.6763871,-2.5738773
Bolivia,2003,0,1.4859426,2.7113407,2.4855649,1.6838009,2.5078075,.42688957,5.0293522,4.1732945,4.4214349,4.797009,4.5643826,6.1484971,3.3570013
Brazil,1965,0,.57365674,,,,,,,4.1503601,4.9152656,11.427282,9.7358265,8.7699471,11.295087
Brazil,1966,0,.46189007,4.1503601,,,,,,4.9152656,11.427282,9.7358265,8.7699471,11.295087,12.052802
Brazil,1967,0,.098065384,4.9152656,4.1503601,,,,,11.427282,9.7358265,8.7699471,11.295087,12.052802,13.978692
Brazil,1968,0,.25829586,11.427282,4.9152656,4.1503601,,,,9.7358265,8.7699471,11.295087,12.052802,13.978692,9.04212
Brazil,1969,0,.13347964,9.7358265,11.427282,4.9152656,4.1503601,,,8.7699471,11.295087,12.052802,13.978692,9.04212,5.2090759
Brazil,1970,0,.11812624,8.7699471,9.7358265,11.427282,4.9152656,4.1503601,,11.295087,12.052802,13.978692,9.04212,5.2090759,9.79041
Brazil,1971,0,.10192001,11.295087,8.7699471,9.7358265,11.427282,4.9152656,4.1503601,12.052802,13.978692,9.04212,5.2090759,9.79041,4.606318
Brazil,1972,0,.092734523,12.052802,11.295087,8.7699471,9.7358265,11.427282,4.9152656,13.978692,9.04212,5.2090759,9.79041,4.606318,3.2317095
Brazil,1988,0,.44580537,-.10267272,3.5996294,7.9882951,7.9458618,5.2691431,-3.4097934,3.2794588,-3.102356,1.5119373,-.46691322,4.6651688,5.3345518
Brazil,1992,0,.52734971,-.46691322,1.5119373,-3.102356,3.2794588,-.10267272,3.5996294,4.6651688,5.3345518,4.4167314,2.2075355,3.3950286,.33835617
Brazil,1998,0,3.47733,.33835617,3.3950286,2.2075355,4.4167314,5.3345518,4.6651688,.46906659,4.1124845,1.3828321,3.0540166,1.1398869,5.7644114
Brazil,2001,0,5.0285177,1.3828321,4.1124845,.46906659,.33835617,3.3950286,2.2075355,3.0540166,1.1398869,5.7644114,3.1964641,3.9572968,6.0603538
Brazil,2002,0,8.9179182,3.0540166,1.3828321,4.1124845,.46906659,.33835617,3.3950286,1.1398869,5.7644114,3.1964641,3.9572968,6.0603538,5.090858
Barbados,1982,0,3.5566878,-4.9000001,-1.9,4.4000001,7.9000001,4.9000001,3.5999999,.5,3.5999999,1.1,5.0999999,2.5999999,3.5
Barbados,1992,0,1.7246411,-7,-3.9000001,-3.3,3.5999999,3.5,2.5999999,1.2,3.8,2,4,4.6999998,3.7
Central African Republic,1980,1,.65317529,-4.4786386,-2.4651377,1.2092354,3.8062348,5.432519,.4049871,-1.5444657,7.7157836,-8.1265135,9.4817266,3.9272196,3.5779793
Central African Republic,1981,1,1.7649957,-1.5444657,-4.4786386,-2.4651377,1.2092354,3.8062348,5.432519,7.7157836,-8.1265135,9.4817266,3.9272196,3.5779793,-4.9389877
Central African Republic,1983,1,2.921293,-8.1265135,7.7157836,-1.5444657,-4.4786386,-2.4651377,1.2092354,9.4817266,3.9272196,3.5779793,-4.9389877,1.7101653,1.9772705
Central African Republic,1984,1,2.4105759,9.4817266,-8.1265135,7.7157836,-1.5444657,-4.4786386,-2.4651377,3.9272196,3.5779793,-4.9389877,1.7101653,1.9772705,-2.1475282
Central African Republic,1985,1,1.7610021,3.9272196,9.4817266,-8.1265135,7.7157836,-1.5444657,-4.4786386,3.5779793,-4.9389877,1.7101653,1.9772705,-2.1475282,-.55254298
Central African Republic,1994,1,2.7719836,4.8999496,.33527568,-6.424078,-.55254298,-2.1475282,1.9772705,7.2000456,-4.000093,5.2999358,4.7001424,3.5999749,-2.4894323
Chile,1965,0,.59735239,,,,,,,11.236242,3.6159999,3.5920134,3.9379833,1.828967,9.4226866
Chile,1966,0,.56555963,11.236242,,,,,,3.6159999,3.5920134,3.9379833,1.828967,9.4226866,-1.0199478
Chile,1968,0,.64182281,3.5920134,3.6159999,11.236242,,,,3.9379833,1.828967,9.4226866,-1.0199478,-5.0292482,2.3821492
Chile,1969,0,.4774926,3.9379833,3.5920134,3.6159999,11.236242,,,1.828967,9.4226866,-1.0199478,-5.0292482,2.3821492,-12.912101
Chile,1974,0,.58609414,2.3821492,-5.0292482,-1.0199478,9.4226866,1.828967,3.9379833,-12.912101,3.8325839,10.444686,7.7011037,8.4183044,7.9866209
Chile,1975,0,1.2583954,-12.912101,2.3821492,-5.0292482,-1.0199478,9.4226866,1.828967,3.8325839,10.444686,7.7011037,8.4183044,7.9866209,6.5253706
Chile,1983,0,2.6257606,-5.0174203,-11.014305,6.5253706,7.9866209,8.4183044,7.7011037,4.1036835,4.0099163,5.3776922,6.4604683,7.3451104,9.9233828
Chile,1989,0,.27448651,9.9233828,7.3451104,6.4604683,5.3776922,4.0099163,4.1036835,3.3335655,7.8043923,11.166708,6.5887837,5.0301981,8.9332962
China,1981,0,.27090994,5.1724138,7.8066916,7.5999999,11.666644,7.5700002,-1.5700001,8.9344263,10.835215,15.139172,13.443397,8.9397087,11.688931
China,1986,0,.23315318,8.9397087,13.443397,15.139172,10.835215,8.9344263,5.1724138,11.688931,11.234515,4.1858678,3.9071138,9.294076,14.216164
Cote d'Ivoire,1984,1,1.2397553,-2.7012615,-3.9002404,.20082235,3.500499,-10.957697,2.3944075,4.5012231,3.2593489,-.34897292,1.1364839,2.948005,-1.0959084
Cote d'Ivoire,1985,1,.9632923,4.5012231,-2.7012615,-3.9002404,.20082235,3.500499,-10.957697,3.2593489,-.34897292,1.1364839,2.948005,-1.0959084,.040925168
Cote d'Ivoire,1986,1,1.2809798,3.2593489,4.5012231,-2.7012615,-3.9002404,.20082235,3.500499,-.34897292,1.1364839,2.948005,-1.0959084,.040925168,-.24456061
Cote d'Ivoire,1988,1,1.2318457,1.1364839,-.34897292,3.2593489,4.5012231,-2.7012615,-3.9002404,2.948005,-1.0959084,.040925168,-.24456061,-.19248509,.8112067
Cote d'Ivoire,1989,1,1.9244528,2.948005,1.1364839,-.34897292,3.2593489,4.5012231,-2.7012615,-1.0959084,.040925168,-.24456061,-.19248509,.8112067,7.1257448
Cote d'Ivoire,1991,1,1.0789917,.040925168,-1.0959084,2.948005,1.1364839,-.34897292,3.2593489,-.24456061,-.19248509,.8112067,7.1257448,7.7293272,3.7435532
Cameroon,1988,0,.66478789,-7.8236318,-2.1466503,6.7716632,8.0631618,7.4745727,6.8668303,-1.8191205,-6.1056976,-3.8085995,-3.1000032,-7.9320664,2.1239355
Cameroon,1991,0,.30808365,-3.8085995,-6.1056976,-1.8191205,-7.8236318,-2.1466503,6.7716632,-3.1000032,-7.9320664,2.1239355,3.4697921,4.3610864,5.2313209
Cameroon,1994,0,1.094829,2.1239355,-7.9320664,-3.1000032,-3.8085995,-6.1056976,-1.8191205,3.4697921,4.3610864,5.2313209,4.5022912,4.292017,3.5533743
Cameroon,1995,0,1.0633639,3.4697921,2.1239355,-7.9320664,-3.1000032,-3.8085995,-6.1056976,4.3610864,5.2313209,4.5022912,4.292017,3.5533743,4.3680844
"Congo, Dem. Rep.",1967,1,.7978574,-.98573864,6.7754855,,,,,4.3326983,9.3288374,-.24505657,6.0050182,.15113552,8.1372757
"Congo, Dem. Rep.",1976,1,.49011567,-5.3090019,-4.9816308,3.1305859,8.1372757,.15113552,6.0050182,.76079363,-5.3452916,.43008825,2.1949129,2.3505242,-.4576776
"Congo, Dem. Rep.",1977,1,.42560515,.76079363,-5.3090019,-4.9816308,3.1305859,8.1372757,.15113552,-5.3452916,.43008825,2.1949129,2.3505242,-.4576776,1.4117037
"Congo, Dem. Rep.",1979,1,1.011762,.43008825,-5.3452916,.76079363,-5.3090019,-4.9816308,3.1305859,2.1949129,2.3505242,-.4576776,1.4117037,5.5410738,.46785095
"Congo, Dem. Rep.",1983,1,2.2143891,1.4117037,-.4576776,2.3505242,2.1949129,.43008825,-5.3452916,5.5410738,.46785095,4.7172098,2.6756425,.47038135,-1.2660506
"Congo, Dem. Rep.",1985,1,2.2860773,.46785095,5.5410738,1.4117037,-.4576776,2.3505242,2.1949129,4.7172098,2.6756425,.47038135,-1.2660506,-6.5683107,-8.421051
"Congo, Dem. Rep.",1986,1,3.1041317,4.7172098,.46785095,5.5410738,1.4117037,-.4576776,2.3505242,2.6756425,.47038135,-1.2660506,-6.5683107,-8.421051,-10.500009
"Congo, Dem. Rep.",1989,1,1.6537163,-1.2660506,.47038135,2.6756425,4.7172098,.46785095,5.5410738,-6.5683107,-8.421051,-10.500009,-13.46905,-3.8999968,.69999886
"Congo, Rep.",1977,1,.71709132,-8.9534283,.91628677,7.7315969,7.8855209,8.2311888,8.6175508,6.3597469,9.8132248,17.636606,17.619722,23.5977,5.8539629
"Congo, Rep.",1979,1,.43111753,9.8132248,6.3597469,-8.9534283,.91628677,7.7315969,7.8855209,17.636606,17.619722,23.5977,5.8539629,6.976131,-1.1856608
"Congo, Rep.",1986,1,1.4210368,-6.8615265,-1.1856608,6.976131,5.8539629,23.5977,17.619722,.18937664,1.7662635,2.5998764,1.0000036,2.3953674,2.611948
"Congo, Rep.",1990,1,1.3561467,1.0000036,2.5998764,1.7662635,.18937664,-6.8615265,-1.1856608,2.3953674,2.611948,-.97968322,-5.4930758,3.9853244,4.2904816
"Congo, Rep.",1994,1,1.8740147,-5.4930758,-.97968322,2.611948,2.3953674,1.0000036,2.5998764,3.9853244,4.2904816,-.62481213,3.7375529,-2.5821993,7.5759802
Colombia,1966,0,.67237496,5.3223681,,,,,,4.1906357,6.4274445,6.5209351,6.9565153,5.9512229,7.6734147
Colombia,1967,0,1.0300127,4.1906357,5.3223681,,,,,6.4274445,6.5209351,6.9565153,5.9512229,7.6734147,6.7274818
Colombia,1968,0,.56206048,6.4274445,4.1906357,5.3223681,,,,6.5209351,6.9565153,5.9512229,7.6734147,6.7274818,5.7425222
Colombia,1969,0,.51548988,6.5209351,6.4274445,4.1906357,5.3223681,,,6.9565153,5.9512229,7.6734147,6.7274818,5.7425222,2.2480471
Colombia,1970,0,.53484404,6.9565153,6.5209351,6.4274445,4.1906357,5.3223681,,5.9512229,7.6734147,6.7274818,5.7425222,2.2480471,4.8171873
Colombia,1971,0,.48735967,5.9512229,6.9565153,6.5209351,6.4274445,4.1906357,5.3223681,7.6734147,6.7274818,5.7425222,2.2480471,4.8171873,4.1480136
Colombia,1972,0,.50082916,7.6734147,5.9512229,6.9565153,6.5209351,6.4274445,4.1906357,6.7274818,5.7425222,2.2480471,4.8171873,4.1480136,8.4634504
Colombia,1973,0,.23112819,6.7274818,7.6734147,5.9512229,6.9565153,6.5209351,6.4274445,5.7425222,2.2480471,4.8171873,4.1480136,8.4634504,5.3828535
Colombia,2003,0,2.2908478,3.918272,2.5039804,1.6778983,4.4199929,-4.2040153,.5697841,5.3330221,4.7065558,6.6975155,6.9006276,3.5468049,1.6515492
Colombia,2005,0,.41201717,4.7065558,5.3330221,3.918272,2.5039804,1.6778983,4.4199929,6.6975155,6.9006276,3.5468049,1.6515492,3.9718008,6.5895114
Colombia,2009,0,4.6171641,1.6515492,3.5468049,6.9006276,6.6975155,4.7065558,5.3330221,3.9718008,6.5895114,4.0439439,4.8740654,4.3936086,3.0520165
Colombia,2010,0,1.2382569,3.9718008,1.6515492,3.5468049,6.9006276,6.6975155,4.7065558,6.5895114,4.0439439,4.8740654,4.3936086,3.0520165,2.0430598
Colombia,2011,0,1.8267105,6.5895114,3.9718008,1.6515492,3.5468049,6.9006276,6.6975155,4.0439439,4.8740654,4.3936086,3.0520165,2.0430598,1.7680718
Colombia,2013,0,1.5400971,4.8740654,4.0439439,6.5895114,3.9718008,1.6515492,3.5468049,4.3936086,3.0520165,2.0430598,1.7680718,,
Colombia,2015,0,1.8449435,3.0520165,4.3936086,4.8740654,4.0439439,6.5895114,3.9718008,2.0430598,1.7680718,,,,
Colombia,2016,0,4.0201216,2.0430598,3.0520165,4.3936086,4.8740654,4.0439439,6.5895114,1.7680718,,,,,
Cabo Verde,1998,1,.64870781,12.517285,11.118426,11.346525,14.211637,19.182642,8.7083111,11.222649,14.284869,2.2316544,5.2508912,4.1762595,10.197073
Costa Rica,1965,0,1.6863942,,,,,,,7.870708,5.650126,8.3850174,5.5777297,7.5031343,6.7785053
Costa Rica,1966,0,1.5448653,7.870708,,,,,,5.650126,8.3850174,5.5777297,7.5031343,6.7785053,8.1780453
Costa Rica,1967,0,2.2160058,5.650126,7.870708,,,,,8.3850174,5.5777297,7.5031343,6.7785053,8.1780453,7.7089157
Costa Rica,1976,0,.55511492,5.5175643,2.100071,5.5448999,7.7089157,8.1780453,6.7785053,8.9044743,6.2676868,4.9391241,.75189543,-2.2616556,-7.2855687
Costa Rica,1980,0,1.6297927,.75189543,4.9391241,6.2676868,8.9044743,5.5175643,2.100071,-2.2616556,-7.2855687,2.8629928,6.2017035,1.0414122,5.7849493
Costa Rica,1982,0,3.9071512,-7.2855687,-2.2616556,.75189543,4.9391241,6.2676868,8.9044743,2.8629928,6.2017035,1.0414122,5.7849493,6.8754396,3.8193929
Costa Rica,1985,0,1.3989596,1.0414122,6.2017035,2.8629928,-7.2855687,-2.2616556,.75189543,5.7849493,6.8754396,3.8193929,5.0656729,3.9049177,2.5719199
Costa Rica,1987,0,1.1410465,6.8754396,5.7849493,1.0414122,6.2017035,2.8629928,-7.2855687,3.8193929,5.0656729,3.9049177,2.5719199,9.1965609,7.0875177
Costa Rica,1989,0,1.0252018,5.0656729,3.8193929,6.8754396,5.7849493,1.0414122,6.2017035,3.9049177,2.5719199,9.1965609,7.0875177,4.4872675,4.1214962
Costa Rica,1991,0,.64199531,2.5719199,3.9049177,5.0656729,3.8193929,6.8754396,5.7849493,9.1965609,7.0875177,4.4872675,4.1214962,1.2378163,5.5649452
Costa Rica,1993,0,.30804095,7.0875177,9.1965609,2.5719199,3.9049177,5.0656729,3.8193929,4.4872675,4.1214962,1.2378163,5.5649452,6.9617,3.9433539
Costa Rica,1995,0,.68515253,4.1214962,4.4872675,7.0875177,9.1965609,2.5719199,3.9049177,1.2378163,5.5649452,6.9617,3.9433539,3.7345331,3.4904695
Costa Rica,2009,0,2.4822571,-.97054833,4.6495981,8.1678963,7.2377329,3.870873,4.336575,4.9518638,4.3071017,4.7969198,2.2690275,3.5153387,3.631691
Cyprus,1980,0,.51352865,5.7532449,9.9055691,7.7774034,16.362001,20.266293,,2.5169985,6.021709,5.5821819,8.7578945,4.8825407,3.7039504
Czech Republic,1993,0,.60852975,.061904248,-.50654233,-11.614943,,,,2.9093094,6.221406,4.2228146,-.59465909,-.3287155,1.4328395
Djibouti,1996,1,2.4244695,,,,,,,,,,,,
Dominica,1984,1,1.3146322,5.4263935,2.6916957,4.1344223,12.084369,14.260685,-18.444155,1.2845607,7.0777373,7.518692,8.5590172,-.2431661,5.2548981
Dominica,2002,1,1.2746494,-1.7531602,.47310305,.37531096,.68329477,4.9780869,1.4908179,7.6872129,3.2501442,-.088242374,2.9296875,6.3210058,7.1207418
Dominican Republic,1985,0,1.5799844,-2.122535,1.252896,4.6279464,1.6987087,4.2798676,7.9687386,3.5219932,10.117368,2.1559634,4.4005389,-5.4543123,.94413888
Dominican Republic,1991,0,.55151552,.94413888,-5.4543123,4.4005389,2.1559634,10.117368,3.5219932,11.220933,7.3645129,2.6003542,5.6854305,5.9778252,8.8852692
Dominican Republic,1993,0,.33944765,7.3645129,11.220933,.94413888,-5.4543123,4.4005389,2.1559634,2.6003542,5.6854305,5.9778252,8.8852692,6.7144775,5.9400492
Dominican Republic,2003,0,2.8331332,-1.3457062,4.4951034,2.4595163,4.6617622,5.9400492,6.7144775,2.5701342,9.428237,9.1743555,7.4159517,3.2095044,.94615519
Dominican Republic,2005,0,1.7902325,9.428237,2.5701342,-1.3457062,4.4951034,2.4595163,4.6617622,9.1743555,7.4159517,3.2095044,.94615519,8.3396511,3.1334231
Dominican Republic,2009,0,3.48646,.94615519,3.2095044,7.4159517,9.1743555,9.428237,2.5701342,8.3396511,3.1334231,2.7173679,4.875205,7.6360316,7.033371
Algeria,1989,0,.35873368,4.400002,-1.0000055,-.69999754,.40000099,3.6999972,5.5999966,.80000061,-1.2000006,1.8000023,-2.1000009,-.89999652,3.7999947
Algeria,1991,0,.89782864,-1.2000006,.80000061,4.400002,-1.0000055,-.69999754,.40000099,1.8000023,-2.1000009,-.89999652,3.7999947,4.0999985,1.0999999
Algeria,1994,0,1.538631,-.89999652,-2.1000009,1.8000023,-1.2000006,.80000061,4.400002,3.7999947,4.0999985,1.0999999,5.1000037,3.2000015,3.8196785
Ecuador,1965,0,.50271291,,,,,,,-.33952564,4.6210737,1.9094384,4.6692381,6.8719292,6.2926064
Ecuador,1966,0,.53513145,-.33952564,,,,,,4.6210737,1.9094384,4.6692381,6.8719292,6.2926064,5.0176406
Ecuador,1969,0,.57837516,4.6692381,1.9094384,4.6210737,-.33952564,,,6.8719292,6.2926064,5.0176406,13.950682,11.208509,10.972154
Ecuador,1970,0,.76855785,6.8719292,4.6692381,1.9094384,4.6210737,-.33952564,,6.2926064,5.0176406,13.950682,11.208509,10.972154,7.3971877
Ecuador,1972,0,.5622853,5.0176406,6.2926064,6.8719292,4.6692381,1.9094384,4.6210737,13.950682,11.208509,10.972154,7.3971877,1.6048421,5.7068248
Ecuador,1983,0,.98159027,-.33686876,.61484534,5.612864,3.708683,3.7340484,5.7068248,2.6252732,3.9350014,3.4647825,-.25909871,5.8904672,1.005778
Ecuador,1985,0,.6246267,3.9350014,2.6252732,-.33686876,.61484534,5.612864,3.708683,3.4647825,-.25909871,5.8904672,1.005778,3.679914,4.2913423
Ecuador,1986,0,.57761157,3.4647825,3.9350014,2.6252732,-.33686876,.61484534,5.612864,-.25909871,5.8904672,1.005778,3.679914,4.2913423,2.1143107
Ecuador,1988,0,.77585638,5.8904672,-.25909871,3.4647825,3.9350014,2.6252732,-.33686876,1.005778,3.679914,4.2913423,2.1143107,1.9732181,4.2582502
Ecuador,1989,0,1.0140835,1.005778,5.8904672,-.25909871,3.4647825,3.9350014,2.6252732,3.679914,4.2913423,2.1143107,1.9732181,4.2582502,2.2525487
Ecuador,1991,0,.60400391,4.2913423,3.679914,1.005778,5.8904672,-.25909871,3.4647825,2.1143107,1.9732181,4.2582502,2.2525487,1.7317475,4.3278646
Ecuador,1994,0,1.0963768,4.2582502,1.9732181,2.1143107,4.2913423,3.679914,1.005778,2.2525487,1.7317475,4.3278646,3.2665293,-4.7393856,1.0918015
Ecuador,2000,0,1.6314223,1.0918015,-4.7393856,3.2665293,4.3278646,1.7317475,2.2525487,4.0156298,4.0967765,2.7228773,8.2110205,5.2913084,4.4035263
"Egypt, Arab Rep.",1977,0,1.0134175,12.836938,14.627279,8.939147,2.4855037,.70523542,2.0288975,5.7797217,6.038847,10.011329,3.7561002,9.9071712,7.4011359
"Egypt, Arab Rep.",1987,0,.79907155,2.5194113,2.6465857,6.6020355,6.0915179,7.4011359,9.9071712,5.3007336,4.9723749,5.7017493,1.0788373,4.431994,2.9007866
"Egypt, Arab Rep.",1991,0,.85775191,1.0788373,5.7017493,4.9723749,5.3007336,2.5194113,2.6465857,4.431994,2.9007866,3.9731724,4.6424665,4.9887304,5.4911237
"Egypt, Arab Rep.",1996,0,.5825941,4.9887304,4.6424665,3.9731724,2.9007866,4.431994,1.0788373,5.4911237,4.0363731,6.1054635,5.3679976,3.5352519,2.37046
Spain,1978,0,.11193085,1.4630034,2.8385744,3.3037915,.54220331,5.6187859,7.788465,.04154652,2.2087281,-.13246861,1.2464617,1.7701157,1.7846875
Estonia,1992,0,,,,,,,,,,,5.3238449,11.798618,4.1172576
Estonia,1993,0,,,,,,,,,,5.3238449,11.798618,4.1172576,-.85644829
Estonia,1995,0,.48385915,,,,,,,5.3238449,11.798618,4.1172576,-.85644829,10.568075,6.3287106
Estonia,1996,0,.42670745,5.3238449,,,,,,11.798618,4.1172576,-.85644829,10.568075,6.3287106,6.0763946
Estonia,1997,0,.4372842,11.798618,5.3238449,,,,,4.1172576,-.85644829,10.568075,6.3287106,6.0763946,7.4161634
Estonia,2000,0,.68051451,10.568075,-.85644829,4.1172576,11.798618,5.3238449,,6.3287106,6.0763946,7.4161634,6.2947464,9.3737116,10.271884
Ethiopia,1981,1,1.0866113,,,,,,,.91601384,8.2350054,-2.8480215,-11.144353,9.6616125,13.85933
Ethiopia,2009,1,.73044443,8.8025532,10.788522,11.456167,10.834727,11.818766,13.572603,12.550538,11.178296,8.6478119,10.58227,10.257493,10.392463
Finland,1967,0,1.0006453,2.168829,2.372823,,,,,2.3032899,9.5932875,5.3339076,2.3569202,7.7354856,6.9838281
Finland,1975,0,.39106926,1.8048977,3.2365336,6.9838281,7.7354856,2.3569202,5.3339076,.34438297,.2395104,2.919708,7.1219263,5.3890476,1.2947744
Fiji,1974,0,.69972026,2.6011498,11.612868,7.4852767,6.8889866,12.702711,2.5964105,.53021121,2.7361631,5.9040117,1.8634014,12.22482,-1.603457
France,1969,0,.69994426,6.9905305,4.2590246,4.688159,5.2140079,,,5.5582495,5.3457117,4.5415788,6.3104506,4.2913518,-.98016226
Gabon,1978,0,.78594965,-24.049206,-12.582091,35.62534,19.190115,39.487095,10.182434,.47440529,2.5529373,5.0953293,-3.0975204,5.6082406,7.5089021
Gabon,1986,0,3.4014571,-.80359775,-2.3329494,7.5089021,5.6082406,-3.0975204,5.0953293,-17.146042,12.845353,8.54531,5.1922374,6.1125035,-3.0901456
Gabon,1989,0,1.31653,8.54531,12.845353,-17.146042,-.80359775,-2.3329494,7.5089021,5.1922374,6.1125035,-3.0901456,3.9465549,3.7127547,4.9738479
Gabon,1991,0,.70902884,6.1125035,5.1922374,8.54531,12.845353,-17.146042,-.80359775,-3.0901456,3.9465549,3.7127547,4.9738479,3.6250491,5.7383676
Gabon,1994,0,1.3186829,3.7127547,3.9465549,-3.0901456,6.1125035,5.1922374,8.54531,4.9738479,3.6250491,5.7383676,3.4778335,-8.9326229,-1.8829664
Gabon,2000,0,2.4091234,-1.8829664,-8.9326229,3.4778335,5.7383676,3.6250491,4.9738479,2.1352334,-.24903317,2.24733,.68954307,2.6762116,-2.8065951
Gabon,2004,0,1.3258771,.68954307,2.24733,-.24903317,2.1352334,-1.8829664,-8.9326229,2.6762116,-2.8065951,6.0081158,-3.3084204,.13033198,7.0886922
Gabon,2007,0,.94931859,6.0081158,-2.8065951,2.6762116,.68954307,2.24733,-.24903317,-3.3084204,.13033198,7.0886922,7.0920105,5.2523661,5.6389289
United Kingdom,1967,0,1.2591584,2.3109651,2.0493112,,,,,3.9847381,2.0524457,6.5962863,3.4843681,4.3019457,6.5087209
United Kingdom,1969,0,.88749355,2.0524457,3.9847381,2.3109651,2.0493112,,,6.5962863,3.4843681,4.3019457,6.5087209,-2.4634101,-1.4790616
United Kingdom,1975,0,.35155314,-1.4790616,-2.4634101,6.5087209,4.3019457,3.4843681,6.5962863,2.910059,2.4430938,4.2018495,3.7414536,-2.0277686,-.77098995
United Kingdom,1977,0,1.4912107,2.4430938,2.910059,-1.4790616,-2.4634101,6.5087209,4.3019457,4.2018495,3.7414536,-2.0277686,-.77098995,2.0105598,4.2219176
Georgia,1995,0,4.0632381,2.5999951,-10.399993,-29.300001,-44.900002,-21.1,-14.788226,11.200003,10.519041,3.1049035,2.8692565,1.8383418,4.8054523
Georgia,2008,0,9.2262964,2.3140473,12.344,9.383276,9.5996408,5.8573298,11.058102,-3.6501014,6.2494183,7.2215233,6.3504825,3.3870437,4.6233315
Georgia,2012,0,2.4164472,6.3504825,7.2215233,6.2494183,-3.6501014,2.3140473,12.344,3.3870437,4.6233315,2.8803184,2.8489735,4.986095,
Georgia,2014,0,.92028803,4.6233315,3.3870437,6.3504825,7.2215233,6.2494183,-3.6501014,2.8803184,2.8489735,4.986095,,,
Ghana,1966,1,1.7118934,-4.2582903,,,,,,3.0753641,.36886033,6.006175,9.7234726,5.2161245,-2.4876554
Ghana,1967,1,1.430871,3.0753641,-4.2582903,,,,,.36886033,6.006175,9.7234726,5.2161245,-2.4876554,2.8845842
Ghana,1968,1,.71989483,.36886033,3.0753641,-4.2582903,,,,6.006175,9.7234726,5.2161245,-2.4876554,2.8845842,6.8525167
Ghana,1969,1,.25483534,6.006175,.36886033,3.0753641,-4.2582903,,,9.7234726,5.2161245,-2.4876554,2.8845842,6.8525167,-12.431629
Ghana,1979,1,1.7032931,-2.5149415,8.4759359,2.2741072,-3.5301828,-12.431629,6.8525167,.47169593,-3.503067,-6.9236503,-4.5637374,8.6475697,5.0916171
Ghana,1983,1,6.2839198,-4.5637374,-6.9236503,-3.503067,.47169593,-2.5149415,8.4759359,8.6475697,5.0916171,5.1991606,4.794899,5.6281686,5.0858727
Ghana,1984,1,4.1815529,8.6475697,-4.5637374,-6.9236503,-3.503067,.47169593,-2.5149415,5.0916171,5.1991606,4.794899,5.6281686,5.0858727,3.3288178
Ghana,1986,1,1.6754738,5.1991606,5.0916171,8.6475697,-4.5637374,-6.9236503,-3.503067,4.794899,5.6281686,5.0858727,3.3288178,5.2818265,3.8794193
Guinea,1982,1,,,,,,,,,,,,3.2999389,6.3081169
Guinea,1986,1,1.6475244,,,,,,,3.2999389,6.3081169,4.0034761,4.3240628,2.6134231,3.2709472
"Gambia, The",1977,1,2.1389968,3.4395761,7.3512259,12.393429,5.8787937,9.250329,.24170478,6.3164463,-1.3281832,6.2700796,3.3218939,-.76458263,10.883227
"Gambia, The",1979,1,.99809968,-1.3281832,6.3164463,3.4395761,7.3512259,12.393429,5.8787937,6.2700796,3.3218939,-.76458263,10.883227,3.5352573,-.81226468
"Gambia, The",1982,1,8.6357718,-.76458263,3.3218939,6.2700796,-1.3281832,6.3164463,3.4395761,10.883227,3.5352573,-.81226468,4.0910707,2.4543326,4.4768271
"Gambia, The",1984,1,7.4156804,3.5352573,10.883227,-.76458263,3.3218939,6.2700796,-1.3281832,-.81226468,4.0910707,2.4543326,4.4768271,5.8957219,3.5588794
Equatorial Guinea,1980,0,14.135088,,,,,,,5.7694206,2.2016759,5.0043874,1.0113816,12.905179,-2.3305564
Equatorial Guinea,1985,0,15.037501,12.905179,1.0113816,5.0043874,2.2016759,5.7694206,,-2.3305564,4.4367375,2.6552622,-1.2291781,-1.7585641,-1.0222389
Greece,2010,0,13.471647,-5.4790373,-4.3007336,-.33517256,3.273747,5.6524339,.59914207,-9.132494,-7.3004937,-3.241425,.73977715,-.29090229,-.24431475
Grenada,1975,1,,,,,,,,,,5.3414154,5.602078,-.53479093,1.534188
Grenada,1976,1,,,,,,,,,5.3414154,5.602078,-.53479093,1.534188,4.1242681
Grenada,1979,1,.82263237,5.602078,5.3414154,,,,,-.53479093,1.534188,4.1242681,3.6325758,3.5684698,5.9796977
Grenada,1981,1,3.4920468,1.534188,-.53479093,5.602078,5.3414154,,,4.1242681,3.6325758,3.5684698,5.9796977,7.1942811,9.0974216
Guatemala,1966,0,1.0785935,5.512104,,,,,,4.1121755,8.7660351,4.7369089,5.7078838,5.5837545,7.3330517
Guatemala,1967,0,.92191261,4.1121755,5.512104,,,,,8.7660351,4.7369089,5.7078838,5.5837545,7.3330517,6.7828345
Guatemala,1968,0,.62092519,8.7660351,4.1121755,5.512104,,,,4.7369089,5.7078838,5.5837545,7.3330517,6.7828345,6.37503
Guatemala,1969,0,.69954532,4.7369089,8.7660351,4.1121755,5.512104,,,5.7078838,5.5837545,7.3330517,6.7828345,6.37503,1.9499909
Guatemala,1970,0,.7352941,5.7078838,4.7369089,8.7660351,4.1121755,5.512104,,5.5837545,7.3330517,6.7828345,6.37503,1.9499909,7.3872657
Guatemala,1972,0,.46501955,7.3330517,5.5837545,5.7078838,4.7369089,8.7660351,4.1121755,6.7828345,6.37503,1.9499909,7.3872657,7.8092208,4.9966898
Guatemala,1981,0,.26165476,.64685863,3.7599781,4.7134562,4.9966898,7.8092208,7.3872657,-3.5300889,-2.5720913,.49669775,-.60933894,.1430496,3.5439832
Guatemala,1983,0,1.3554416,-2.5720913,-3.5300889,.64685863,3.7599781,4.7134562,4.9966898,.49669775,-.60933894,.1430496,3.5439832,3.8923872,3.9425895
Guatemala,1988,0,.92546558,3.8923872,3.5439832,.1430496,-.60933894,.49669775,-2.5720913,3.9425895,3.1025631,3.6582487,4.8383389,3.9271319,4.0337415
Guatemala,1992,0,.72840989,4.8383389,3.6582487,3.1025631,3.9425895,3.8923872,3.5439832,3.9271319,4.0337415,4.9485474,2.9577799,4.36409,4.9935279
Guatemala,2002,0,.52350271,3.8666265,2.3325741,3.6088688,3.8470621,4.9935279,4.36409,2.5307899,3.1520817,3.2601111,5.379777,6.3040566,3.2811522
Guatemala,2003,0,.53677285,2.5307899,3.8666265,2.3325741,3.6088688,3.8470621,4.9935279,3.1520817,3.2601111,5.379777,6.3040566,3.2811522,.52567458
Guatemala,2009,0,2.575278,.52567458,3.2811522,6.3040566,5.379777,3.2601111,3.1520817,2.8699028,4.1619458,2.9700253,3.6971774,4.1744008,4.1400442
Guyana,1967,1,2.9978838,4.313622,5.233274,,,,,1.0248276,6.9943867,4.2554569,3.1128509,-3.3176708,1.2447194
Guyana,1968,1,1.7410228,1.0248276,4.313622,5.233274,,,,6.9943867,4.2554569,3.1128509,-3.3176708,1.2447194,7.7028399
Guyana,1969,1,1.6044925,6.9943867,1.0248276,4.313622,5.233274,,,4.2554569,3.1128509,-3.3176708,1.2447194,7.7028399,8.4830217
Guyana,1970,1,1.120239,4.2554569,6.9943867,1.0248276,4.313622,5.233274,,3.1128509,-3.3176708,1.2447194,7.7028399,8.4830217,1.5369133
Guyana,1971,1,1.4224198,3.1128509,4.2554569,6.9943867,1.0248276,4.313622,5.233274,-3.3176708,1.2447194,7.7028399,8.4830217,1.5369133,-2.6386797
Guyana,1972,1,1.0652459,-3.3176708,3.1128509,4.2554569,6.9943867,1.0248276,4.313622,1.2447194,7.7028399,8.4830217,1.5369133,-2.6386797,-1.8061888
Guyana,1973,1,1.5530246,1.2447194,-3.3176708,3.1128509,4.2554569,6.9943867,1.0248276,7.7028399,8.4830217,1.5369133,-2.6386797,-1.8061888,-1.8356962
Guyana,1974,1,1.3856703,7.7028399,1.2447194,-3.3176708,3.1128509,4.2554569,6.9943867,8.4830217,1.5369133,-2.6386797,-1.8061888,-1.8356962,1.7338897
Guyana,1975,1,1.2269278,8.4830217,7.7028399,1.2447194,-3.3176708,3.1128509,4.2554569,1.5369133,-2.6386797,-1.8061888,-1.8356962,1.7338897,1.4961659
Guyana,1976,1,1.8418899,1.5369133,8.4830217,7.7028399,1.2447194,-3.3176708,3.1128509,-2.6386797,-1.8061888,-1.8356962,1.7338897,1.4961659,-13.190134
Guyana,1978,1,1.5431575,-1.8061888,-2.6386797,1.5369133,8.4830217,7.7028399,1.2447194,-1.8356962,1.7338897,1.4961659,-13.190134,-6.7923865,-5.028738
Honduras,1966,1,1.8183471,5.3738422,,,,,,5.9775429,6.5981832,.65543884,3.6267209,3.9950037,5.7623048
Honduras,1968,1,1.7006803,6.5981832,5.9775429,5.3738422,,,,.65543884,3.6267209,3.9950037,5.7623048,7.8698525,-1.2276417
Honduras,1969,1,1.6467065,.65543884,6.5981832,5.9775429,5.3738422,,,3.6267209,3.9950037,5.7623048,7.8698525,-1.2276417,2.1306818
Honduras,1971,1,2.0581062,3.9950037,3.6267209,.65543884,6.5981832,5.9775429,5.3738422,5.7623048,7.8698525,-1.2276417,2.1306818,10.500693,10.383889
Honduras,1972,1,2.0281148,5.7623048,3.9950037,3.6267209,.65543884,6.5981832,5.9775429,7.8698525,-1.2276417,2.1306818,10.500693,10.383889,10.005701
Honduras,1982,1,1.9795254,-1.3912164,2.5332022,.66848081,4.6644206,10.005701,10.383889,-.92435229,4.3456912,4.1882339,.72267687,6.0313902,4.6098528
Honduras,1990,1,.84056097,.096880399,4.3258529,4.6098528,6.0313902,.72267687,4.1882339,3.2520337,5.6242957,6.230032,-1.3032572,4.0629759,3.5952497
Honduras,2008,1,.445171,4.2316003,6.1883273,6.5672436,6.0505991,6.2323031,4.5470381,-2.431628,3.7311404,3.8356907,4.1286879,2.7915597,3.0580807
Honduras,2014,1,1.0028948,3.0580807,2.7915597,4.1286879,3.8356907,3.7311404,-2.431628,3.84008,3.7521489,4.7852979,,,
Croatia,1994,0,,,,,,,,,5.8736982,6.645474,1.8618809,-.93549997,3.7565227
Croatia,2001,0,1.0932214,3.4344044,3.7565227,-.93549997,1.8618809,6.645474,5.8736982,5.2464747,5.5579071,4.0828109,4.163702,4.7852607,5.1500049
Croatia,2003,0,.42776045,5.5579071,5.2464747,3.4344044,3.7565227,-.93549997,1.8618809,4.0828109,4.163702,4.7852607,5.1500049,2.0533655,-7.3837829
Croatia,2004,0,.35309359,4.0828109,5.5579071,5.2464747,3.4344044,3.7565227,-.93549997,4.163702,4.7852607,5.1500049,2.0533655,-7.3837829,-1.4204413
Haiti,1965,1,1.1323367,,,,,,,,,,,,
Haiti,1966,1,1.0841619,,,,,,,,,,,,
Haiti,1970,1,.66425121,,,,,,,,,,,,
Haiti,1971,1,.82936913,,,,,,,,,,,,
Haiti,1972,1,1.167438,,,,,,,,,,,,
Haiti,1973,1,1.021535,,,,,,,,,,,,
Haiti,1974,1,.85082126,,,,,,,,,,,,
Haiti,1975,1,.84637499,,,,,,,,,,,,
Haiti,1976,1,.90365309,,,,,,,,,,,,
Haiti,1977,1,.8506763,,,,,,,,,,,,
Haiti,1982,1,2.5836544,,,,,,,,,,,,
Haiti,1983,1,3.9504712,,,,,,,,,,,,
Haiti,1989,1,.98371369,,,,,,,,,,,,
Haiti,1995,1,1.0784553,,,,,,,,2.7047133,2.1818409,2.7102473,.87005979,-1.0443749
Hungary,1982,0,,,,,,,,,,,,,
Hungary,1984,0,,,,,,,,,,,,,
Hungary,1988,0,,,,,,,,,,,-3.0641804,-.57610852,2.9471545
Hungary,1990,0,,,,,,,,,-3.0641804,-.57610852,2.9471545,1.4895254,.014154782
Hungary,1993,0,1.1833577,-.57610852,-3.0641804,,,,,2.9471545,1.4895254,.014154782,3.3401635,4.2358479,3.1868963
Hungary,1996,0,.82196045,.014154782,1.4895254,2.9471545,-.57610852,-3.0641804,,3.3401635,4.2358479,3.1868963,4.2091799,3.8405104,4.5282059
Hungary,2008,0,10.538442,.85551304,.43476164,3.8511729,4.3882151,5.0049181,3.8486197,-6.5999742,.68237817,1.6619167,-1.6437799,2.0962167,4.2277331
Indonesia,1968,0,.73129731,10.915178,1.3804028,2.7913468,,,,6.822298,7.5546346,7.0239973,7.0376434,8.1039753,7.6346731
Indonesia,1969,0,.83958793,6.822298,10.915178,1.3804028,2.7913468,,,7.5546346,7.0239973,7.0376434,8.1039753,7.6346731,4.9773006
Indonesia,1970,0,.50597304,7.5546346,6.822298,10.915178,1.3804028,2.7913468,,7.0239973,7.0376434,8.1039753,7.6346731,4.9773006,6.8865652
Indonesia,1971,0,.53730106,7.0239973,7.5546346,6.822298,10.915178,1.3804028,2.7913468,7.0376434,8.1039753,7.6346731,4.9773006,6.8865652,8.7613258
Indonesia,1972,0,.49361604,7.0376434,7.0239973,7.5546346,6.822298,10.915178,1.3804028,8.1039753,7.6346731,4.9773006,6.8865652,8.7613258,6.7670698
Indonesia,1973,0,.36628553,8.1039753,7.0376434,7.0239973,7.5546346,6.822298,10.915178,7.6346731,4.9773006,6.8865652,8.7613258,6.7670698,7.3243093
Indonesia,1997,0,5.3180122,4.6998787,7.8181872,8.2200069,7.5399709,6.496408,6.4975066,-13.126725,.79112607,4.9200678,3.6434665,4.4994755,4.7803693
India,1965,0,.33582485,,,,,,,-.055328771,7.825963,3.3879292,6.5397005,5.1572299,1.6429304
Iraq,2005,0,1.4054475,4.4006176,54.157776,-33.100838,-6.9001808,2.3053167,1.4064747,10.158199,1.3775982,8.2281075,3.3792992,6.402565,7.5464711
Iraq,2007,0,.81898105,1.3775982,10.158199,4.4006176,54.157776,-33.100838,-6.9001808,8.2281075,3.3792992,6.402565,7.5464711,13.93643,7.5999999
Iraq,2010,0,2.6179562,6.402565,3.3792992,8.2281075,1.3775982,10.158199,4.4006176,7.5464711,13.93643,7.5999999,.69999999,4.8000002,11
Iraq,2016,0,3.1282783,11,4.8000002,.69999999,7.5999999,13.93643,7.5464711,-.78008842,,,,,
Iceland,2008,0,12.354897,1.6589137,9.4282808,5.0171876,6.3905263,8.0742884,2.3567128,-6.5052543,-3.6056371,1.963024,1.3192601,4.3081379,2.2003469
Israel,1974,0,.23953585,6.4761615,5.5874639,12.146555,5.1463518,7.3073297,13.565703,3.2428195,.32250321,1.0352992,5.5550871,6.2078156,1.6704416
Israel,1975,0,.25727093,3.2428195,6.4761615,5.5874639,12.146555,5.1463518,7.3073297,.32250321,1.0352992,5.5550871,6.2078156,1.6704416,5.3399267
Israel,1976,0,.22274102,.32250321,3.2428195,6.4761615,5.5874639,12.146555,5.1463518,1.0352992,5.5550871,6.2078156,1.6704416,5.3399267,2.0825
Italy,1974,0,.60462451,5.5001411,7.1258621,3.6904857,1.818108,5.268693,6.0980601,-2.090163,7.1253853,2.5605009,3.2401397,5.9591594,3.4300163
Italy,1977,0,.20463175,2.5605009,7.1253853,-2.090163,5.5001411,7.1258621,3.6904857,3.2401397,5.9591594,3.4300163,.84422761,.41358566,1.1692035
Jamaica,1973,0,1.6575471,-5.4855089,18.008554,2.4580734,12.064409,5.5746737,5.744132,-4.2292614,-.25609225,-6.6942449,-2.5975487,-.053700313,-1.0600413
Jamaica,1977,0,2.299335,-2.5975487,-6.6942449,-.25609225,-4.2292614,-5.4855089,18.008554,-.053700313,-1.0600413,-5.714159,2.6394479,2.0692315,1.9090784
Jamaica,1984,0,2.7637999,-1.5423458,1.9090784,2.0692315,2.6394479,-5.714159,-1.0600413,-2.9436355,1.8825881,7.8503547,3.9743021,7.1733046,4.2005353
Jamaica,1985,0,5.559576,-2.9436355,-1.5423458,1.9090784,2.0692315,2.6394479,-5.714159,1.8825881,7.8503547,3.9743021,7.1733046,4.2005353,4.8382387
Jamaica,1987,0,3.3438389,7.8503547,1.8825881,-2.9436355,-1.5423458,1.9090784,2.0692315,3.9743021,7.1733046,4.2005353,4.8382387,1.9555424,9.4171028
Jamaica,1988,0,2.8785782,3.9743021,7.8503547,1.8825881,-2.9436355,-1.5423458,1.9090784,7.1733046,4.2005353,4.8382387,1.9555424,9.4171028,1.3833898
Jamaica,1990,0,2.4226511,4.2005353,7.1733046,3.9743021,7.8503547,1.8825881,-2.9436355,4.8382387,1.9555424,9.4171028,1.3833898,2.349957,-.11373121
Jamaica,1991,0,1.4668787,4.8382387,4.2005353,7.1733046,3.9743021,7.8503547,1.8825881,1.9555424,9.4171028,1.3833898,2.349957,-.11373121,-1.1404599
Jamaica,2010,0,9.4834681,-1.4662956,-4.3365364,-.8117367,1.431954,2.8991253,.89379793,1.7314652,-.62395829,.49874091,.68276668,.89265162,1.3735274
Jamaica,2016,0,11.806485,1.3735274,.89265162,.68276668,.49874091,-.62395829,1.7314652,.48148853,,,,,
Jordan,1989,0,1.8219891,-13.452115,-1.8521067,2.8956077,7.0141582,3.4563906,8.6406441,.97375649,1.8238964,18.664835,4.6309152,4.9864402,6.1863422
Jordan,1992,0,1.1773276,18.664835,1.8238964,.97375649,-13.452115,-1.8521067,2.8956077,4.6309152,4.9864402,6.1863422,2.0873475,3.307893,2.9939382
Jordan,2002,0,1.1523544,5.7844806,5.2686167,4.2452474,3.4094744,2.9939382,3.307893,4.1610503,8.5672979,8.1465836,8.0933313,8.1757193,7.2324085
Jordan,2012,0,6.7467933,2.6511705,2.5867844,2.3113925,5.4765811,7.2324085,8.1757193,2.8287668,3.0963302,2.391696,2.0037336,1.9700238,
Kazakhstan,1994,0,.8337217,-12.6,-9.1999998,-5.3000002,-11,,,-8.1999998,.5,1.7,-1.9,2.7,9.8000002
Kazakhstan,1995,0,1.381928,-8.1999998,-12.6,-9.1999998,-5.3000002,-11,,.5,1.7,-1.9,2.7,9.8000002,13.5
Kenya,1978,1,.40720585,6.9124937,9.4537983,2.1539645,.88220316,4.0656176,5.8965802,7.6152263,5.5919762,3.7735443,1.5064783,1.3090502,1.755217
Kenya,1979,1,2.538152,7.6152263,6.9124937,9.4537983,2.1539645,.88220316,4.0656176,5.5919762,3.7735443,1.5064783,1.3090502,1.755217,4.3005619
Kenya,1980,1,4.3263025,5.5919762,7.6152263,6.9124937,9.4537983,2.1539645,.88220316,3.7735443,1.5064783,1.3090502,1.755217,4.3005619,7.1775556
Kenya,1982,1,2.6005592,1.5064783,3.7735443,5.5919762,7.6152263,6.9124937,9.4537983,1.3090502,1.755217,4.3005619,7.1775556,5.9371076,6.2031837
Kenya,1983,1,3.1457412,1.3090502,1.5064783,3.7735443,5.5919762,7.6152263,6.9124937,1.755217,4.3005619,7.1775556,5.9371076,6.2031837,4.6903486
Kenya,1985,1,1.4100413,4.3005619,1.755217,1.3090502,1.5064783,3.7735443,5.5919762,7.1775556,5.9371076,6.2031837,4.6903486,4.1920509,1.4383467
Kenya,2016,1,2.1372931,5.8691931,5.7185073,5.3571167,5.8786893,4.5632091,6.1082635,4.8854446,,,,,
Kyrgyz Republic,1993,1,1.8649442,-15.459325,-13.888709,-7.8510656,5.7027965,2.7897511,13.20003,-20.085159,-5.4238219,7.0845022,9.9151678,2.1218355,3.6557896
Kyrgyz Republic,2008,1,2.0474164,8.4016161,8.5428753,3.1028986,-.17554823,7.0268598,7.0302963,2.8862946,-.47156686,5.9562745,-.088150196,10.915469,4.0240388
St. Kitts and Nevis,2011,0,10.125057,2.3987305,-2.2491031,-3.0200415,6.2919154,-.17654093,1.8120326,-.60055041,6.2198944,5.9630566,3.9763548,2.2091205,1.7430953
"Korea, Rep.",1965,0,.2980296,,,,,,,11.98353,9.1168938,13.188629,14.541235,9.997407,10.454693
"Korea, Rep.",1966,0,.30547705,11.98353,,,,,,9.1168938,13.188629,14.541235,9.997407,10.454693,7.1507149
"Korea, Rep.",1967,0,.37077287,9.1168938,11.98353,,,,,13.188629,14.541235,9.997407,10.454693,7.1507149,14.827555
"Korea, Rep.",1968,0,.40868935,13.188629,9.1168938,11.98353,,,,14.541235,9.997407,10.454693,7.1507149,14.827555,9.4608736
"Korea, Rep.",1969,0,.32569283,14.541235,13.188629,9.1168938,11.98353,,,9.997407,10.454693,7.1507149,14.827555,9.4608736,7.8635116
"Korea, Rep.",1970,0,.27780163,9.997407,14.541235,13.188629,9.1168938,11.98353,,10.454693,7.1507149,14.827555,9.4608736,7.8635116,13.115159
"Korea, Rep.",1971,0,.25353581,10.454693,9.997407,14.541235,13.188629,9.1168938,11.98353,7.1507149,14.827555,9.4608736,7.8635116,13.115159,12.277661
"Korea, Rep.",1972,0,.30041376,7.1507149,10.454693,9.997407,14.541235,13.188629,9.1168938,14.827555,9.4608736,7.8635116,13.115159,12.277661,10.774491
"Korea, Rep.",1973,0,.17224985,14.827555,7.1507149,10.454693,9.997407,14.541235,13.188629,9.4608736,7.8635116,13.115159,12.277661,10.774491,8.6256323
"Korea, Rep.",1974,0,.12346099,9.4608736,14.827555,7.1507149,10.454693,9.997407,14.541235,7.8635116,13.115159,12.277661,10.774491,8.6256323,-1.7012765
"Korea, Rep.",1975,0,.11187848,7.8635116,9.4608736,14.827555,7.1507149,10.454693,9.997407,13.115159,12.277661,10.774491,8.6256323,-1.7012765,7.180511
"Korea, Rep.",1977,0,.061022859,12.277661,13.115159,7.8635116,9.4608736,14.827555,7.1507149,10.774491,8.6256323,-1.7012765,7.180511,8.2650213,13.242064
"Korea, Rep.",1980,0,1.2818849,-1.7012765,8.6256323,10.774491,12.277661,13.115159,7.8635116,7.180511,8.2650213,13.242064,10.442911,7.7496462,11.224087
"Korea, Rep.",1981,0,.93778384,7.180511,-1.7012765,8.6256323,10.774491,12.277661,13.115159,8.2650213,13.242064,10.442911,7.7496462,11.224087,12.467266
"Korea, Rep.",1983,0,.70727503,13.242064,8.2650213,7.180511,-1.7012765,8.6256323,10.774491,10.442911,7.7496462,11.224087,12.467266,11.904718,7.0297098
"Korea, Rep.",1985,0,.28351948,7.7496462,10.442911,13.242064,8.2650213,7.180511,-1.7012765,11.224087,12.467266,11.904718,7.0297098,9.8112297,10.353951
"Korea, Rep.",1997,0,6.2815123,5.9221854,7.5945091,9.5706043,9.2061415,6.8467441,6.1755056,-5.4712191,11.308621,8.9244261,4.5253067,7.4324336,2.933218
Lao PDR,1980,1,,,,,,,,,,,,5.0699639,4.8851333
Liberia,1965,1,,,,,,,,7.7026558,6.745791,4.7688718,7.2884731,6.6631927,4.9048305
Liberia,1966,1,,7.7026558,,,,,,6.745791,4.7688718,7.2884731,6.6631927,4.9048305,4.1404958
Liberia,1967,1,,6.745791,7.7026558,,,,,4.7688718,7.2884731,6.6631927,4.9048305,4.1404958,-2.2559752
Liberia,1968,1,,4.7688718,6.745791,7.7026558,,,,7.2884731,6.6631927,4.9048305,4.1404958,-2.2559752,4.7532005
Liberia,1969,1,,7.2884731,4.7688718,6.745791,7.7026558,,,6.6631927,4.9048305,4.1404958,-2.2559752,4.7532005,-3.4685895
Liberia,1970,1,,6.6631927,7.2884731,4.7688718,6.745791,7.7026558,,4.9048305,4.1404958,-2.2559752,4.7532005,-3.4685895,5.3107343
Liberia,1972,1,,4.1404958,4.9048305,6.6631927,7.2884731,4.7688718,6.745791,-2.2559752,4.7532005,-3.4685895,5.3107343,1.5879846,4.8162208
Liberia,1973,1,,-2.2559752,4.1404958,4.9048305,6.6631927,7.2884731,4.7688718,4.7532005,-3.4685895,5.3107343,1.5879846,4.8162208,3.2648196
Liberia,1974,1,,4.7532005,-2.2559752,4.1404958,4.9048305,6.6631927,7.2884731,-3.4685895,5.3107343,1.5879846,4.8162208,3.2648196,-4.0983639
Liberia,1976,1,,5.3107343,-3.4685895,4.7532005,-2.2559752,4.1404958,4.9048305,1.5879846,4.8162208,3.2648196,-4.0983639,-2.1367502,-2.4329371
Liberia,1979,1,,3.2648196,4.8162208,1.5879846,5.3107343,-3.4685895,4.7532005,-4.0983639,-2.1367502,-2.4329371,-1.8968529,-2.1073158,-.84331816
Liberia,1980,1,,-4.0983639,3.2648196,4.8162208,1.5879846,5.3107343,-3.4685895,-2.1367502,-2.4329371,-1.8968529,-2.1073158,-.84331816,-1.678598
Liberia,1981,1,,-2.1367502,-4.0983639,3.2648196,4.8162208,1.5879846,5.3107343,-2.4329371,-1.8968529,-2.1073158,-.84331816,-1.678598,-1.0016007
Liberia,1982,1,,-2.4329371,-2.1367502,-4.0983639,3.2648196,4.8162208,1.5879846,-1.8968529,-2.1073158,-.84331816,-1.678598,-1.0016007,-2.0418983
Liberia,1983,1,,-1.8968529,-2.4329371,-2.1367502,-4.0983639,3.2648196,4.8162208,-2.1073158,-.84331816,-1.678598,-1.0016007,-2.0418983,-26.668449
Liberia,1984,1,,-2.1073158,-1.8968529,-2.4329371,-2.1367502,-4.0983639,3.2648196,-.84331816,-1.678598,-1.0016007,-2.0418983,-26.668449,-51.030865
Sri Lanka,1965,0,1.7664522,,,,,,,5.0237894,6.4390244,5.8010941,7.7168198,3.8466299,1.3069054
Sri Lanka,1966,0,1.427372,5.0237894,,,,,,6.4390244,5.8010941,7.7168198,3.8466299,1.3069054,-.41047993
Sri Lanka,1968,0,1.0825248,5.8010941,6.4390244,5.0237894,,,,7.7168198,3.8466299,1.3069054,-.41047993,7.0573988,3.8458309
Sri Lanka,1969,0,.99209064,7.7168198,5.8010941,6.4390244,5.0237894,,,3.8466299,1.3069054,-.41047993,7.0573988,3.8458309,6.1262331
Sri Lanka,1971,0,1.0371423,1.3069054,3.8466299,7.7168198,5.8010941,6.4390244,5.0237894,-.41047993,7.0573988,3.8458309,6.1262331,3.3351066,5.1005902
Sri Lanka,1974,0,.82427937,3.8458309,7.0573988,-.41047993,1.3069054,3.8466299,7.7168198,6.1262331,3.3351066,5.1005902,5.6538367,6.4035568,5.8460264
Sri Lanka,1977,0,2.6453729,5.1005902,3.3351066,6.1262331,3.8458309,7.0573988,-.41047993,5.6538367,6.4035568,5.8460264,5.6995249,4.1414957,4.8139911
Sri Lanka,1983,0,2.0685284,4.8139911,4.1414957,5.6995249,5.8460264,6.4035568,5.6538367,5.0991464,4.9994063,4.355547,1.7256107,2.4726851,2.2993014
Sri Lanka,2001,0,1.616582,-1.5454081,6.0000334,4.3005404,4.6984229,6.4053998,3.7999673,3.9646757,5.940269,5.4450612,6.2417479,7.668292,6.7968259
Sri Lanka,2009,0,6.0576038,3.5389121,5.950088,6.7968259,7.668292,6.2417479,5.4450612,8.0159597,8.4047384,9.1445789,3.3957229,4.9607067,5.0076833
Lesotho,1994,1,1.3636395,5.9798737,3.5097663,6.9563651,6.9666071,6.0454731,5.7952442,3.2909386,5.5970354,3.7036037,1.5376558,.47602487,3.8755467
Lesotho,1995,1,1.085649,3.2909386,5.9798737,3.5097663,6.9563651,6.9666071,6.0454731,5.5970354,3.7036037,1.5376558,.47602487,3.8755467,3.5615826
Lesotho,1996,1,1.1001837,5.5970354,3.2909386,5.9798737,3.5097663,6.9563651,6.9666071,3.7036037,1.5376558,.47602487,3.8755467,3.5615826,.72383589
Lithuania,1992,0,,,,,,,,,,,5.1499586,8.2932291,7.467176
Lithuania,1993,0,,,,,,,,,,5.1499586,8.2932291,7.467176,-1.1346428
Lithuania,2000,0,.70628387,3.8316672,-1.1346428,7.467176,8.2932291,5.1499586,,6.5244308,6.7607493,10.538565,6.5500832,7.7274079,7.4064445
Lithuania,2001,0,.89894551,6.5244308,3.8316672,-1.1346428,7.467176,8.2932291,5.1499586,6.7607493,10.538565,6.5500832,7.7274079,7.4064445,11.086954
Latvia,1992,0,,,,,,,,,,,2.3590193,8.9741297,6.521769
Latvia,1993,0,,,,,,,,,,2.3590193,8.9741297,6.521769,2.6189544
Latvia,1995,0,.71941,,,,,,,2.3590193,8.9741297,6.521769,2.6189544,5.4068584,6.4613104
Latvia,1996,0,.7295205,2.3590193,,,,,,8.9741297,6.521769,2.6189544,5.4068584,6.4613104,7.1030297
Latvia,1997,0,.69584435,8.9741297,2.3590193,,,,,6.521769,2.6189544,5.4068584,6.4613104,7.1030297,8.4306908
Latvia,1999,0,.59896916,2.6189544,6.521769,8.9741297,2.3590193,,,5.4068584,6.4613104,7.1030297,8.4306908,8.3355465,10.697037
Latvia,2001,0,.50310177,6.4613104,5.4068584,2.6189544,6.521769,8.9741297,2.3590193,7.1030297,8.4306908,8.3355465,10.697037,11.889385,9.979269
Latvia,2008,0,6.7545753,-3.5476441,9.979269,11.889385,10.697037,8.3355465,8.4306908,-14.401691,-3.9406703,6.381021,4.0346284,2.4298513,1.8582437
Morocco,1965,0,1.5262902,,,,,,,,10.028841,9.8917389,8.3621655,4.7134604,5.5968938
Morocco,1966,0,1.7382866,,,,,,,10.028841,9.8917389,8.3621655,4.7134604,5.5968938,2.4372373
Morocco,1967,0,1.6413143,10.028841,,,,,,9.8917389,8.3621655,4.7134604,5.5968938,2.4372373,3.5593109
Morocco,1968,0,.82533073,9.8917389,10.028841,,,,,8.3621655,4.7134604,5.5968938,2.4372373,3.5593109,5.5960498
Morocco,1969,0,.68462849,8.3621655,9.8917389,10.028841,,,,4.7134604,5.5968938,2.4372373,3.5593109,5.5960498,7.5582213
Morocco,1971,0,.69065964,5.5968938,4.7134604,8.3621655,9.8917389,10.028841,,2.4372373,3.5593109,5.5960498,7.5582213,10.812781,6.0591679
Morocco,1982,0,1.7550076,8.9573717,-1.7434349,3.6421647,4.793787,2.2326634,6.0591679,1.3865696,6.4183865,6.0076523,9.2711058,-.32500407,11.875236
Morocco,1983,0,1.9733565,1.3865696,8.9573717,-1.7434349,3.6421647,4.793787,2.2326634,6.4183865,6.0076523,9.2711058,-.32500407,11.875236,2.8462026
Morocco,1985,0,1.3545669,6.0076523,6.4183865,1.3865696,8.9573717,-1.7434349,3.6421647,9.2711058,-.32500407,11.875236,2.8462026,3.4118123,7.2160883
Morocco,1986,0,1.3864163,9.2711058,6.0076523,6.4183865,1.3865696,8.9573717,-1.7434349,-.32500407,11.875236,2.8462026,3.4118123,7.2160883,-2.0977387
Morocco,1988,0,1.0979133,11.875236,-.32500407,9.2711058,6.0076523,6.4183865,1.3865696,2.8462026,3.4118123,7.2160883,-2.0977387,-.7405917,10.588
Morocco,1990,0,.44955131,3.4118123,2.8462026,11.875236,-.32500407,9.2711058,6.0076523,7.2160883,-2.0977387,-.7405917,10.588,-5.405448,12.372876
Morocco,1992,0,.38427174,-2.0977387,7.2160883,3.4118123,2.8462026,11.875236,-.32500407,-.7405917,10.588,-5.405448,12.372876,-1.5607023,7.2385526
Morocco,2012,0,6.4178367,3.0099614,5.2456975,3.8157179,4.2437572,5.9232779,3.531594,4.5354242,2.6694939,4.5495019,1.2224437,4.0999999,
Morocco,2014,0,4.4650593,2.6694939,4.5354242,3.0099614,5.2456975,3.8157179,4.2437572,4.5495019,1.2224437,4.0999999,,,
Moldova,1993,1,,,,,,,,,,-5.8770599,1.6470644,-6.542192,-3.3682544
Moldova,1995,1,5.0625486,,,,,,,-5.8770599,1.6470644,-6.542192,-3.3682544,2.1077161,6.1000004
Madagascar,1977,1,.46647829,2.3640003,-3.0688584,1.2586917,2.0068793,-2.6184783,-1.2726215,-2.6618059,9.8546505,.80577081,-9.6987886,-1.8101941,.90210634
Madagascar,1980,1,2.075228,.80577081,9.8546505,-2.6618059,2.3640003,-3.0688584,1.2586917,-9.6987886,-1.8101941,.90210634,1.7046789,1.1558771,1.9591057
Madagascar,1981,1,3.5753276,-9.6987886,.80577081,9.8546505,-2.6618059,2.3640003,-3.0688584,-1.8101941,.90210634,1.7046789,1.1558771,1.9591057,1.1780856
Madagascar,1982,1,1.5967437,-1.8101941,-9.6987886,.80577081,9.8546505,-2.6618059,2.3640003,.90210634,1.7046789,1.1558771,1.9591057,1.1780856,3.4034171
Madagascar,1984,1,1.1507229,1.7046789,.90210634,-1.8101941,-9.6987886,.80577081,9.8546505,1.1558771,1.9591057,1.1780856,3.4034171,4.0788927,3.1300294
Madagascar,1985,1,1.0480592,1.1558771,1.7046789,.90210634,-1.8101941,-9.6987886,.80577081,1.9591057,1.1780856,3.4034171,4.0788927,3.1300294,-6.3095345
Madagascar,1986,1,1.080162,1.9591057,1.1558771,1.7046789,.90210634,-1.8101941,-9.6987886,1.1780856,3.4034171,4.0788927,3.1300294,-6.3095345,1.1861523
Madagascar,1988,1,.73179102,3.4034171,1.1780856,1.9591057,1.1558771,1.7046789,.90210634,4.0788927,3.1300294,-6.3095345,1.1861523,2.0965598,-.071608253
Maldives,2009,1,3.7715364,-7.2288413,9.4853325,7.7138672,26.111494,-13.129053,6.0337539,7.2651291,8.5667334,2.5173841,7.281074,7.3296065,2.2459245
Mexico,1986,0,1.2206784,-3.7539198,2.593384,3.6101809,-4.1962967,-.62790263,8.7726002,1.855747,1.2454381,4.1982932,5.0683064,4.2222509,3.6286588
Mexico,1995,0,5.0852594,-6.2912307,4.9410806,4.0614257,3.6286588,4.2222509,5.0683064,6.7732587,6.8468523,5.1639252,2.7535543,4.9424539,-.40439013
Mexico,1999,0,.70685655,2.7535543,5.1639252,6.8468523,6.7732587,-6.2912307,4.9410806,4.9424539,-.40439013,-.039844483,1.4463826,3.9205909,2.307807
Mexico,2009,0,5.3980374,-5.2857442,1.1435846,2.2914457,4.4950781,2.307807,3.9205909,5.1181183,3.663008,3.6423228,1.354092,2.8452837,3.270472
Mexico,2010,0,4.5474119,5.1181183,-5.2857442,1.1435846,2.2914457,4.4950781,2.307807,3.663008,3.6423228,1.354092,2.8452837,3.270472,2.9133282
Mexico,2011,0,6.3244205,3.663008,5.1181183,-5.2857442,1.1435846,2.2914457,4.4950781,3.6423228,1.354092,2.8452837,3.270472,2.9133282,2.0365858
Mexico,2012,0,6.0309033,3.6423228,3.663008,5.1181183,-5.2857442,1.1435846,2.2914457,1.354092,2.8452837,3.270472,2.9133282,2.0365858,
Mexico,2014,0,5.4658642,2.8452837,1.354092,3.6423228,3.663008,5.1181183,-5.2857442,3.270472,2.9133282,2.0365858,,,
"Macedonia, FYR",1995,0,.72283965,-1.1147277,-1.7581662,-7.4692712,-6.5651989,-6.1707678,,1.1851039,1.4399813,3.3787355,4.3390279,4.5491357,-3.0672457
"Macedonia, FYR",2003,0,.56631297,2.2222223,1.4940287,-3.0672457,4.5491357,4.3390279,3.3787355,4.6744285,4.7233777,5.1370254,6.4734869,5.4717116,-.35861585
"Macedonia, FYR",2005,0,1.2194759,4.7233777,4.6744285,2.2222223,1.4940287,-3.0672457,4.5491357,5.1370254,6.4734869,5.4717116,-.35861585,3.3587601,2.3398924
"Macedonia, FYR",2011,0,6.2186837,2.3398924,3.3587601,-.35861585,5.4717116,6.4734869,5.1370254,-.45618442,2.9252653,3.6296413,3.8416238,2.9234958,.020203689
Mali,1967,1,2.3593936,,,,,,,3.7084103,.23099943,6.1369548,2.568996,5.8440166,-1.4551158
Mali,1968,1,1.4544525,3.7084103,,,,,,.23099943,6.1369548,2.568996,5.8440166,-1.4551158,-1.5288261
Mali,1969,1,.88257658,.23099943,3.7084103,,,,,6.1369548,2.568996,5.8440166,-1.4551158,-1.5288261,11.62505
Mali,1971,1,1.0493981,2.568996,6.1369548,.23099943,3.7084103,,,5.8440166,-1.4551158,-1.5288261,11.62505,13.623439,6.3486471
Mali,1982,1,2.5142722,-7.3784332,1.5088043,-4.32584,10.395678,-1.4634763,6.3486471,1.8208737,-.28701115,20.286634,2.692621,-.13916428,7.3897209
Mali,1983,1,3.3360727,1.8208737,-7.3784332,1.5088043,-4.32584,10.395678,-1.4634763,-.28701115,20.286634,2.692621,-.13916428,7.3897209,4.1773882
Mali,1985,1,1.6671902,20.286634,-.28701115,1.8208737,-7.3784332,1.5088043,-4.32584,2.692621,-.13916428,7.3897209,4.1773882,-2.5023952,11.745204
Myanmar,1969,1,,3.2917411,12.05934,-5.9252591,-4.8517785,,,4.9793305,4.1299624,2.4358413,-.96812475,5.3423758,4.152709
Myanmar,1973,1,,-.96812475,2.4358413,4.1299624,4.9793305,3.2917411,12.05934,5.3423758,4.152709,6.0803962,5.9522867,6.517817,5.2012773
Myanmar,1974,1,,5.3423758,-.96812475,2.4358413,4.1299624,4.9793305,3.2917411,4.152709,6.0803962,5.9522867,6.517817,5.2012773,7.9385381
Myanmar,1977,1,,5.9522867,6.0803962,4.152709,5.3423758,-.96812475,2.4358413,6.517817,5.2012773,7.9385381,6.3557544,5.6038766,4.3910928
Myanmar,1978,1,,6.517817,5.9522867,6.0803962,4.152709,5.3423758,-.96812475,5.2012773,7.9385381,6.3557544,5.6038766,4.3910928,4.9327278
Myanmar,1981,1,,6.3557544,7.9385381,5.2012773,6.517817,5.9522867,6.0803962,5.6038766,4.3910928,4.9327278,2.8510003,-1.0573487,-4.0056319
Mongolia,1991,0,1.293955,-8.6935444,-3.1844602,4.178196,5.1079721,3.4586484,9.3749943,-9.2564659,-3.1687915,2.1343827,6.3764267,2.2350938,3.8967135
Mongolia,2009,0,5.1536574,-1.2685989,8.9003677,10.248016,8.5562344,7.2536654,10.625406,6.3651619,17.290777,12.319819,11.648916,7.8852253,2.3798358
Mozambique,2009,1,1.6043158,6.3519702,6.8762054,7.4260612,9.8510551,8.7206678,7.8111863,6.6872215,7.1176066,7.1981859,7.1416831,7.4440694,6.593986
Mauritania,1977,1,1.0171421,-1.8785937,8.5461054,-5.1343746,12.162611,-4.5847569,-.73290789,-.50471383,4.79004,3.3712103,3.4502885,-2.3399241,3.735342
Mauritania,1980,1,5.4517889,3.3712103,4.79004,-.50471383,-1.8785937,8.5461054,-5.1343746,3.4502885,-2.3399241,3.735342,-3.2268643,2.9947605,5.7135792
Mauritania,1981,1,4.0671811,3.4502885,3.3712103,4.79004,-.50471383,-1.8785937,8.5461054,-2.3399241,3.735342,-3.2268643,2.9947605,5.7135792,1.9003842
Mauritania,1985,1,1.7833909,2.9947605,-3.2268643,3.735342,-2.3399241,3.4502885,3.3712103,5.7135792,1.9003842,1.7203979,4.7775855,-1.7713045,1.7880871
Mauritania,1987,1,1.4212443,1.9003842,5.7135792,2.9947605,-3.2268643,3.735342,-2.3399241,1.7203979,4.7775855,-1.7713045,1.7880871,1.8741258,5.8736372
Mauritius,1978,0,.98274934,3.830806,6.5476189,,,,,3.5165257,-10.061258,5.8823528,5.497076,.38379532,4.6983857
Mauritius,1979,0,7.7900629,3.5165257,3.830806,6.5476189,,,,-10.061258,5.8823528,5.497076,.38379532,4.6983857,6.9544754
Mauritius,1980,0,4.0249186,-10.061258,3.5165257,3.830806,6.5476189,,,5.8823528,5.497076,.38379532,4.6983857,6.9544754,9.742033
Mauritius,1981,0,3.0965481,5.8823528,-10.061258,3.5165257,3.830806,6.5476189,,5.497076,.38379532,4.6983857,6.9544754,9.742033,8.8910398
Mauritius,1983,0,4.8533888,.38379532,5.497076,5.8823528,-10.061258,3.5165257,3.830806,4.6983857,6.9544754,9.742033,8.8910398,6.7913465,4.4651484
Mauritius,1985,0,4.6232162,6.9544754,4.6983857,.38379532,5.497076,5.8823528,-10.061258,9.742033,8.8910398,6.7913465,4.4651484,7.1867366,4.4354463
Malawi,1979,1,3.2162499,4.3961539,9.7450676,4.9180312,4.9977312,6.0868239,7.1759634,.40674642,-5.2901192,2.5034537,3.718709,5.3603039,4.5709825
Malawi,1980,1,5.2449021,.40674642,4.3961539,9.7450676,4.9180312,4.9977312,6.0868239,-5.2901192,2.5034537,3.718709,5.3603039,4.5709825,-.21480252
Malawi,1982,1,2.058136,2.5034537,-5.2901192,.40674642,4.3961539,9.7450676,4.9180312,3.718709,5.3603039,4.5709825,-.21480252,1.6252391,3.1772914
Malawi,1994,1,1.8171815,-10.240182,9.6918402,-7.3329782,8.7302322,5.6922946,1.3446897,16.728817,7.3166814,3.7924192,3.8952537,3.0422781,1.5760778
Malawi,2008,1,1.5456744,7.6397367,9.6000004,4.6999998,3.2687259,5.4204979,5.7056394,8.3281107,6.8740654,4.8540549,1.8857995,5.1999998,5.6999998
Niger,1983,1,1.0671598,-4.7509432,1.6231022,.60891521,-2.2324448,7.146996,13.472612,-16.825356,7.7225437,6.3600268,.074556246,6.8991218,.93392915
Niger,1984,1,1.1223429,-16.825356,-4.7509432,1.6231022,.60891521,-2.2324448,7.146996,7.7225437,6.3600268,.074556246,6.8991218,.93392915,-1.2843554
Niger,1985,1,.95008248,7.7225437,-16.825356,-4.7509432,1.6231022,.60891521,-2.2324448,6.3600268,.074556246,6.8991218,.93392915,-1.2843554,2.5042033
Niger,1994,1,1.7031581,4.0045619,1.4494379,-6.5164447,2.5042033,-1.2843554,.93392915,2.6057558,3.4190931,2.7539656,10.422262,-.56875831,-1.4095093
Nigeria,1987,0,1.5956025,-10.7517,-8.7541771,8.3228292,-2.0215375,-5.0504513,-1.0531861,7.542522,6.4671912,12.766009,-.6178506,.43372536,2.0903778
Nigeria,1989,0,1.3836139,6.4671912,7.542522,-10.7517,-8.7541771,8.3228292,-2.0215375,12.766009,-.6178506,.43372536,2.0903778,.90976334,-.30746898
Nigeria,1991,0,.88854742,-.6178506,12.766009,6.4671912,7.542522,-10.7517,-8.7541771,.43372536,2.0903778,.90976334,-.30746898,4.9937057,2.8022563
Nigeria,2000,0,1.4981195,5.3180933,.47423756,2.7156401,2.8022563,4.9937057,-.30746898,4.4110651,3.7846482,10.354184,33.735775,3.4446669,8.2109652
Nicaragua,1968,1,2.7302773,1.34296,6.9695139,3.3011365,,,,6.2377038,1.3538266,3.3047564,2.2207229,6.4170141,14.192425
Nicaragua,1969,1,2.005424,6.2377038,1.34296,6.9695139,3.3011365,,,1.3538266,3.3047564,2.2207229,6.4170141,14.192425,-.15324689
Nicaragua,1970,1,1.8027631,1.3538266,6.2377038,1.34296,6.9695139,3.3011365,,3.3047564,2.2207229,6.4170141,14.192425,-.15324689,5.2094545
Nicaragua,1972,1,1.3250333,2.2207229,3.3047564,1.3538266,6.2377038,1.34296,6.9695139,6.4170141,14.192425,-.15324689,5.2094545,8.3684807,-7.8388004
Nicaragua,1979,1,2.8751574,-26.478788,-7.8388004,8.3684807,5.2094545,-.15324689,14.192425,4.6117325,5.3632903,-.8163619,4.6132116,-1.5660939,-4.0818515
Nicaragua,1991,1,3.7548726,-.19071241,-.093064815,-1.6976128,-12.449822,-.70635295,-1.0173092,.38546711,-.39113849,3.3376119,5.9119077,6.3442683,3.966651
Nepal,1976,1,.35721374,4.3985362,1.4564707,6.3335905,-.47653627,3.1178005,-1.1953833,3.0169735,4.4057412,2.3688779,-2.3193941,8.3419743,3.7793746
Nepal,1985,1,.72277158,6.1449051,9.6811304,-2.9774058,3.7793746,8.3419743,-2.3193941,4.5656505,1.6956183,7.6968088,4.329648,4.6350365,6.3681502
New Zealand,1967,0,1.4593843,,,,,,,,,,3.7854583,5.1191082,7.8002787
Pakistan,1965,0,.6372444,,,,,,,5.7899518,5.4006128,7.2332211,5.5078998,11.353461,.46837255
Pakistan,1968,0,.92706031,7.2332211,5.4006128,5.7899518,,,,5.5078998,11.353461,.46837255,.81340641,7.0642638,3.5401917
Pakistan,1972,0,1.1662956,.81340641,.46837255,11.353461,5.5078998,7.2332211,5.4006128,7.0642638,3.5401917,4.2114158,5.1561894,3.9476984,8.0485334
Pakistan,1973,0,1.4136204,7.0642638,.81340641,.46837255,11.353461,5.5078998,7.2332211,3.5401917,4.2114158,5.1561894,3.9476984,8.0485334,3.7584355
Pakistan,1974,0,1.0281247,3.5401917,7.0642638,.81340641,.46837255,11.353461,5.5078998,4.2114158,5.1561894,3.9476984,8.0485334,3.7584355,10.215704
Pakistan,1977,0,.61748922,3.9476984,5.1561894,4.2114158,3.5401917,7.0642638,.81340641,8.0485334,3.7584355,10.215704,7.9207635,6.537487,6.7783785
Pakistan,1993,0,.71988761,1.7577477,7.7058978,5.0615678,4.4585867,4.9597688,7.6252789,3.7374156,4.9626093,4.8465815,1.0143961,2.5502343,3.6601326
Pakistan,1995,0,1.4075103,4.9626093,3.7374156,1.7577477,7.7058978,5.0615678,4.4585867,4.8465815,1.0143961,2.5502343,3.6601326,4.260088,1.982484
Pakistan,2000,0,.82921618,4.260088,3.6601326,2.5502343,1.0143961,4.8465815,4.9626093,1.982484,3.2244301,4.8463211,7.3685713,7.667304,6.1775422
Pakistan,2008,0,6.7225871,1.7014054,4.8328171,6.1775422,7.667304,7.3685713,4.8463211,2.8316586,1.606692,2.7484026,3.5070333,4.3964567,4.6747079
Panama,1965,0,.82112855,,,,,,,7.5814018,8.5529308,6.9773889,8.4413891,6.9592261,9.6161375
Panama,1968,0,.26959237,6.9773889,8.5529308,7.5814018,,,,8.4413891,6.9592261,9.6161375,4.5828123,5.3643103,2.4483197
Panama,1969,0,.26201466,8.4413891,6.9773889,8.5529308,7.5814018,,,6.9592261,9.6161375,4.5828123,5.3643103,2.4483197,1.7409195
Panama,1970,0,.74018896,6.9592261,8.4413891,6.9773889,8.5529308,7.5814018,,9.6161375,4.5828123,5.3643103,2.4483197,1.7409195,1.6644614
Panama,1971,0,.92142624,9.6161375,6.9592261,8.4413891,6.9773889,8.5529308,7.5814018,4.5828123,5.3643103,2.4483197,1.7409195,1.6644614,1.0940259
Panama,1972,0,.58392423,4.5828123,9.6161375,6.9592261,8.4413891,6.9773889,8.5529308,5.3643103,2.4483197,1.7409195,1.6644614,1.0940259,9.7926435
Panama,1973,0,.56062388,5.3643103,4.5828123,9.6161375,6.9592261,8.4413891,6.9773889,2.4483197,1.7409195,1.6644614,1.0940259,9.7926435,4.514751
Panama,1974,0,.49461615,2.4483197,5.3643103,4.5828123,9.6161375,6.9592261,8.4413891,1.7409195,1.6644614,1.0940259,9.7926435,4.514751,13.084482
Panama,1975,0,.44870475,1.7409195,2.4483197,5.3643103,4.5828123,9.6161375,6.9592261,1.6644614,1.0940259,9.7926435,4.514751,13.084482,9.206809
Panama,1977,0,.47967023,1.0940259,1.6644614,1.7409195,2.4483197,5.3643103,4.5828123,9.7926435,4.514751,13.084482,9.206809,5.3484564,-4.4913645
Panama,1978,0,.96469736,9.7926435,1.0940259,1.6644614,1.7409195,2.4483197,5.3643103,4.514751,13.084482,9.206809,5.3484564,-4.4913645,2.7094738
Panama,1979,0,1.0462844,4.514751,9.7926435,1.0940259,1.6644614,1.7409195,2.4483197,13.084482,9.206809,5.3484564,-4.4913645,2.7094738,4.9422336
Panama,1980,0,2.5386977,13.084482,4.514751,9.7926435,1.0940259,1.6644614,1.7409195,9.206809,5.3484564,-4.4913645,2.7094738,4.9422336,3.5677881
Panama,1982,0,.56828982,5.3484564,9.206809,13.084482,4.514751,9.7926435,1.0940259,-4.4913645,2.7094738,4.9422336,3.5677881,-1.8090554,-13.379844
Panama,1983,0,2.7068911,-4.4913645,5.3484564,9.206809,13.084482,4.514751,9.7926435,2.7094738,4.9422336,3.5677881,-1.8090554,-13.379844,1.562247
Panama,1985,0,1.3969257,4.9422336,2.7094738,-4.4913645,5.3484564,9.206809,13.084482,3.5677881,-1.8090554,-13.379844,1.562247,8.0989933,9.4190054
Panama,1992,0,1.2988636,8.2016802,9.4190054,8.0989933,1.562247,-13.379844,-1.8090554,5.4557438,2.8501472,1.7516787,4.0797029,6.4609904,7.3415017
Panama,1995,0,1.3357737,1.7516787,2.8501472,5.4557438,8.2016802,9.4190054,8.0989933,4.0797029,6.4609904,7.3415017,3.9172065,2.7153735,.57427305
Panama,2000,0,.68595642,2.7153735,3.9172065,7.3415017,6.4609904,4.0797029,1.7516787,.57427305,2.2291496,4.2054958,7.5220799,7.1912789,8.6524658
Peru,1965,0,.58062333,,,,,,,8.2389202,3.8525643,.15223771,3.5144589,3.3659461,4.5905399
Peru,1966,0,.6133858,8.2389202,,,,,,3.8525643,.15223771,3.5144589,3.3659461,4.5905399,3.477535
Peru,1967,0,.68501389,3.8525643,8.2389202,,,,,.15223771,3.5144589,3.3659461,4.5905399,3.477535,6.2769346
Peru,1968,0,1.3075123,.15223771,3.8525643,8.2389202,,,,3.5144589,3.3659461,4.5905399,3.477535,6.2769346,9.3868351
Peru,1970,0,.47092235,3.3659461,3.5144589,.15223771,3.8525643,8.2389202,,4.5905399,3.477535,6.2769346,9.3868351,4.3008633,1.447111
Peru,1977,0,.71870202,.34906369,1.447111,4.3008633,9.3868351,6.2769346,3.477535,-2.642503,4.0907507,5.9433355,5.552042,-.22272344,-10.408086
Peru,1978,0,1.8435766,-2.642503,.34906369,1.447111,4.3008633,9.3868351,6.2769346,4.0907507,5.9433355,5.552042,-.22272344,-10.408086,3.6082866
Peru,1979,0,2.3067961,4.0907507,-2.642503,.34906369,1.447111,4.3008633,9.3868351,5.9433355,5.552042,-.22272344,-10.408086,3.6082866,2.061132
Peru,1984,0,1.4560083,3.6082866,-10.408086,-.22272344,5.552042,5.9433355,4.0907507,2.061132,9.4259624,9.7261467,-9.4412737,-12.312041,-4.9825635
Peru,2001,0,.31318167,.61789232,2.6943715,1.4949106,-.39153755,6.4768243,2.7989731,5.4535289,4.1650233,4.9582033,6.2850604,7.5288992,8.5183878
Peru,2002,0,.60277212,5.4535289,.61789232,2.6943715,1.4949106,-.39153755,6.4768243,4.1650233,4.9582033,6.2850604,7.5288992,8.5183878,9.1265678
Peru,2004,0,.63720429,4.9582033,4.1650233,5.4535289,.61789232,2.6943715,1.4949106,6.2850604,7.5288992,8.5183878,9.1265678,1.0958236,8.3324594
Peru,2007,0,.25821954,8.5183878,7.5288992,6.2850604,4.9582033,4.1650233,5.4535289,9.1265678,1.0958236,8.3324594,6.3271923,6.1397247,5.8525181
Philippines,1965,0,.69843036,,,,,,,4.4259944,5.3241501,4.9454179,4.6563587,3.7646048,5.4286313
Philippines,1966,0,.41905627,4.4259944,,,,,,5.3241501,4.9454179,4.6563587,3.7646048,5.4286313,5.4467912
Philippines,1967,0,.80773854,5.3241501,4.4259944,,,,,4.9454179,4.6563587,3.7646048,5.4286313,5.4467912,8.9206467
Philippines,1968,0,.36224234,4.9454179,5.3241501,4.4259944,,,,4.6563587,3.7646048,5.4286313,5.4467912,8.9206467,3.558115
Philippines,1970,0,.4112331,3.7646048,4.6563587,4.9454179,5.3241501,4.4259944,,5.4286313,5.4467912,8.9206467,3.558115,5.5647736,8.8066301
Philippines,1971,0,.60923874,5.4286313,3.7646048,4.6563587,4.9454179,5.3241501,4.4259944,5.4467912,8.9206467,3.558115,5.5647736,8.8066301,5.6020555
Philippines,1972,0,.60938537,5.4467912,5.4286313,3.7646048,4.6563587,4.9454179,5.3241501,8.9206467,3.558115,5.5647736,8.8066301,5.6020555,5.1721034
Philippines,1973,0,.53204924,8.9206467,5.4467912,5.4286313,3.7646048,4.6563587,4.9454179,3.558115,5.5647736,8.8066301,5.6020555,5.1721034,5.6396756
Philippines,1974,0,.33815879,3.558115,8.9206467,5.4467912,5.4286313,3.7646048,4.6563587,5.5647736,8.8066301,5.6020555,5.1721034,5.6396756,5.1489115
Philippines,1975,0,.23689532,5.5647736,3.558115,8.9206467,5.4467912,5.4286313,3.7646048,8.8066301,5.6020555,5.1721034,5.6396756,5.1489115,3.4232693
Philippines,1979,0,.49327207,5.6396756,5.1721034,5.6020555,8.8066301,5.5647736,3.558115,5.1489115,3.4232693,3.6193275,1.8746165,-7.3236828,-7.3066087
Philippines,1980,0,1.6444329,5.1489115,5.6396756,5.1721034,5.6020555,8.8066301,5.5647736,3.4232693,3.6193275,1.8746165,-7.3236828,-7.3066087,3.4167829
Philippines,1983,0,1.0138878,1.8746165,3.6193275,3.4232693,5.1489115,5.6396756,5.1721034,-7.3236828,-7.3066087,3.4167829,4.311635,6.7525444,6.2053113
Philippines,1984,0,2.0070405,-7.3236828,1.8746165,3.6193275,3.4232693,5.1489115,5.6396756,-7.3066087,3.4167829,4.311635,6.7525444,6.2053113,3.0369663
Philippines,1986,0,.77769864,3.4167829,-7.3066087,-7.3236828,1.8746165,3.6193275,3.4232693,4.311635,6.7525444,6.2053113,3.0369663,-.57833463,.33760303
Philippines,1991,0,1.0067394,-.57833463,3.0369663,6.2053113,6.7525444,4.311635,3.4167829,.33760303,2.1163073,4.3876233,4.6786923,5.8458734,5.1853623
Papua New Guinea,1990,1,1.1107746,-3.0121691,-1.4195799,2.9092405,2.7704949,4.6930571,4.0001903,9.5468979,13.849085,18.202286,5.9421091,-3.3124487,7.733696
Papua New Guinea,1991,1,.9522242,9.5468979,-3.0121691,-1.4195799,2.9092405,2.7704949,4.6930571,13.849085,18.202286,5.9421091,-3.3124487,7.733696,-3.9043896
Papua New Guinea,1995,1,2.3389773,-3.3124487,5.9421091,18.202286,13.849085,9.5468979,-3.0121691,7.733696,-3.9043896,-3.7691133,1.855554,-2.4948421,-.12128861
Papua New Guinea,2000,1,3.203526,-2.4948421,1.855554,-3.7691133,-3.9043896,7.733696,-3.3124487,-.12128861,-.15890053,2.1641026,2.7211757,6.3447957,2.294466
Poland,1990,0,1.120725,,,,,,,-7.0155787,2.5149786,3.7383103,5.2928019,6.9518566,6.0565796
Poland,1993,0,.69201785,3.7383103,2.5149786,-7.0155787,,,,5.2928019,6.9518566,6.0565796,6.4595499,4.6146474,4.6422105
Poland,1994,0,.43065971,5.2928019,3.7383103,2.5149786,-7.0155787,,,6.9518566,6.0565796,6.4595499,4.6146474,4.6422105,4.5595713
Poland,2009,0,4.7968469,2.8202598,4.2497115,7.034802,6.1796041,3.4936585,5.1356497,3.6069283,5.0172353,1.6079067,1.3918923,3.2831464,3.844594
Poland,2010,0,4.3576117,3.6069283,2.8202598,4.2497115,7.034802,6.1796041,3.4936585,5.0172353,1.6079067,1.3918923,3.2831464,3.844594,2.8643286
Poland,2011,0,5.7214856,5.0172353,3.6069283,2.8202598,4.2497115,7.034802,6.1796041,1.6079067,1.3918923,3.2831464,3.844594,2.8643286,4.5503869
Poland,2013,0,6.3774352,1.3918923,1.6079067,5.0172353,3.6069283,2.8202598,4.2497115,3.2831464,3.844594,2.8643286,4.5503869,,
Poland,2015,0,4.5408916,3.844594,3.2831464,1.3918923,1.6079067,5.0172353,3.6069283,2.8643286,4.5503869,,,,
Portugal,1977,0,.230873,5.6025972,6.9002309,-4.347631,1.1428604,11.200671,8.0156965,2.8159661,5.6389375,4.5893402,1.6181035,2.1353753,-.17311312
Portugal,1978,0,.30567402,2.8159661,5.6025972,6.9002309,-4.347631,1.1428604,11.200671,5.6389375,4.5893402,1.6181035,2.1353753,-.17311312,-1.8799796
Portugal,1983,0,1.7461938,-.17311312,2.1353753,1.6181035,4.5893402,5.6389375,2.8159661,-1.8799796,2.8074396,4.1409554,6.3813939,7.4891081,6.440639
Paraguay,1966,0,1.6098258,1.9915034,,,,,,9.1503668,4.5270739,4.7011514,5.5534258,5.5381517,6.6312976
Paraguay,1968,0,1.5454434,4.5270739,9.1503668,1.9915034,,,,4.7011514,5.5534258,5.5381517,6.6312976,7.3028131,8.381525
Paraguay,1969,0,1.3482088,4.7011514,4.5270739,9.1503668,1.9915034,,,5.5534258,5.5381517,6.6312976,7.3028131,8.381525,6.8524446
Paraguay,2003,0,.91048503,4.3207498,-.021401975,-.83405793,-2.314146,-1.3660712,.068035126,4.0574193,2.1334863,4.8071203,5.4216223,6.359117,-3.9656959
Paraguay,2006,0,.32866111,4.8071203,2.1334863,4.0574193,4.3207498,-.021401975,-.83405793,5.4216223,6.359117,-3.9656959,13.093003,4.3424072,-1.2389685
Romania,1975,0,,,,,,,,,,,,,
Romania,1977,0,,,,,,,,,,,,,
Romania,1981,0,,,,,,,,,,,,,
Romania,1991,0,1.7951915,-12.918211,,,,,,-8.7672281,1.5288345,3.9319427,7.1382132,3.8698037,-4.8161469
Romania,1992,0,1.7605733,-8.7672281,-12.918211,,,,,1.5288345,3.9319427,7.1382132,3.8698037,-4.8161469,-2.0872471
Romania,1994,0,1.525723,3.9319427,1.5288345,-8.7672281,-12.918211,,,7.1382132,3.8698037,-4.8161469,-2.0872471,-.40152752,2.3950946
Romania,1997,0,1.1661842,-4.8161469,3.8698037,7.1382132,3.9319427,1.5288345,-8.7672281,-2.0872471,-.40152752,2.3950946,5.5920024,5.1841922,5.5242777
Romania,1999,0,1.5212368,-.40152752,-2.0872471,-4.8161469,3.8698037,7.1382132,3.9319427,2.3950946,5.5920024,5.1841922,5.5242777,8.3585911,4.1719141
Romania,2001,0,.94544667,5.5920024,2.3950946,-.40152752,-2.0872471,-4.8161469,3.8698037,5.1841922,5.5242777,8.3585911,4.1719141,8.0555601,6.8637576
Romania,2004,0,.49383834,8.3585911,5.5242777,5.1841922,5.5920024,2.3950946,-.40152752,4.1719141,8.0555601,6.8637576,8.2598686,-5.9103603,-2.8115995
Romania,2009,0,10.128282,-5.9103603,8.2598686,6.8637576,8.0555601,4.1719141,8.3585911,-2.8115995,2.029778,1.2381825,3.5315979,3.076314,3.9738076
Romania,2011,0,2.6597238,2.029778,-2.8115995,-5.9103603,8.2598686,6.8637576,8.0555601,1.2381825,3.5315979,3.076314,3.9738076,4.8207746,6.9470749
Romania,2013,0,1.3938042,3.5315979,1.2381825,2.029778,-2.8115995,-5.9103603,8.2598686,3.076314,3.9738076,4.8207746,6.9470749,,
Russian Federation,1992,0,.21999581,-14.531074,-5.0469394,-2.9999957,,,,-8.66854,-12.569756,-4.1435285,-3.5999999,1.4,-5.3000002
Russian Federation,1995,0,1.654217,-4.1435285,-12.569756,-8.66854,-14.531074,-5.0469394,-2.9999957,-3.5999999,1.4,-5.3000002,6.4000001,10,5.0919843
Russian Federation,1999,0,2.3032072,6.4000001,-5.3000002,1.4,-3.5999999,-4.1435285,-12.569756,10,5.0919843,4.74367,7.2958546,7.1759491,6.3761868
Rwanda,1966,1,4.0152354,7.0089107,,,,,,6.9160175,7.0137811,11.00737,6.0014253,1.2066407,.26306826
Rwanda,1967,1,1.2534468,6.9160175,7.0089107,,,,,7.0137811,11.00737,6.0014253,1.2066407,.26306826,3.4380882
Rwanda,1968,1,1.7421601,7.0137811,6.9160175,7.0089107,,,,11.00737,6.0014253,1.2066407,.26306826,3.4380882,1.4098235
Rwanda,1969,1,1.0598832,11.00737,7.0137811,6.9160175,7.0089107,,,6.0014253,1.2066407,.26306826,3.4380882,1.4098235,-2.1138253
Rwanda,1979,1,.58232719,11.869908,9.1508408,1.9941095,19.504578,-2.1138253,1.4098235,8.9516125,5.4361997,1.8108464,5.98035,-4.2407732,4.4027481
Sudan,1966,1,1.6540917,-3.5751474,,,,,,1.4240813,1.9632208,1.3893505,5.9250746,2.2473142,-5.0709863
Sudan,1967,1,.53600144,1.4240813,-3.5751474,,,,,1.9632208,1.3893505,5.9250746,2.2473142,-5.0709863,.63219523
Sudan,1968,1,.61622733,1.9632208,1.4240813,-3.5751474,,,,1.3893505,5.9250746,2.2473142,-5.0709863,.63219523,11.44529
Sudan,1972,1,1.5068944,-5.0709863,2.2473142,5.9250746,1.3893505,1.9632208,1.4240813,.63219523,11.44529,15.713467,16.66522,6.2238536,-5.9309869
Sudan,1973,1,.80105889,.63219523,-5.0709863,2.2473142,5.9250746,1.3893505,1.9632208,11.44529,15.713467,16.66522,6.2238536,-5.9309869,-5.0185995
Sudan,1974,1,.62814492,11.44529,.63219523,-5.0709863,2.2473142,5.9250746,1.3893505,15.713467,16.66522,6.2238536,-5.9309869,-5.0185995,1.5243101
Sudan,1982,1,2.3657291,5.9586663,7.4375634,1.5243101,-5.0185995,-5.9309869,6.2238536,2.0625017,-5.0089068,-6.2810435,5.4138112,14.220884,-.33109182
Sudan,1983,1,2.2080946,2.0625017,5.9586663,7.4375634,1.5243101,-5.0185995,-5.9309869,-5.0089068,-6.2810435,5.4138112,14.220884,-.33109182,8.9313936
Sudan,1984,1,.95090723,-5.0089068,2.0625017,5.9586663,7.4375634,1.5243101,-5.0185995,-6.2810435,5.4138112,14.220884,-.33109182,8.9313936,-5.4700537
Senegal,1979,1,.33210415,7.0016856,-3.9539313,-2.6829052,8.9205036,7.5356627,4.2007756,-3.3106477,5.0695167,7.8430648,-5.3263927,3.7457643,3.2834706
Senegal,1981,1,1.8471557,5.0695167,-3.3106477,7.0016856,-3.9539313,-2.6829052,8.9205036,7.8430648,-5.3263927,3.7457643,3.2834706,3.1133397,6.0943747
Senegal,1982,1,1.3250577,7.8430648,5.0695167,-3.3106477,7.0016856,-3.9539313,-2.6829052,-5.3263927,3.7457643,3.2834706,3.1133397,6.0943747,-.59243101
Senegal,1983,1,1.9175918,-5.3263927,7.8430648,5.0695167,-3.3106477,7.0016856,-3.9539313,3.7457643,3.2834706,3.1133397,6.0943747,-.59243101,3.9778562
Senegal,1985,1,2.0739594,3.2834706,3.7457643,-5.3263927,7.8430648,5.0695167,-3.3106477,3.1133397,6.0943747,-.59243101,3.9778562,-.67563814,2.5558255
Senegal,1987,1,.43110105,6.0943747,3.1133397,3.2834706,3.7457643,-5.3263927,7.8430648,-.59243101,3.9778562,-.67563814,2.5558255,1.2426472,1.3007804
Senegal,2008,1,1.1312718,3.6825244,4.9384851,2.4615703,5.6226068,5.8707724,6.683228,2.4231758,4.1793633,1.7611181,4.4111805,3.4554718,4.0750833
Solomon Islands,1981,1,1.0072187,,,,,,,,,,,,
Solomon Islands,1983,1,1.4235948,,,,,,,,,,,,
Sierra Leone,1966,1,1.997444,1.7,,,,,,.036281552,2.0199239,8.5254469,8.6204929,3.4659164,.90023464
Sierra Leone,1968,1,1.0913718,2.0199239,.036281552,1.7,,,,8.5254469,8.6204929,3.4659164,.90023464,2.2566183,3.4998283
Sierra Leone,1969,1,.61171037,8.5254469,2.0199239,.036281552,1.7,,,8.6204929,3.4659164,.90023464,2.2566183,3.4998283,1.6692165
Sierra Leone,1977,1,1.5223172,.046675809,-.44917634,1.6692165,3.4998283,2.2566183,.90023464,2.4063323,4.5112658,4.843504,2.8814285,4.7817554,-2.1028016
Sierra Leone,1979,1,1.9798616,4.5112658,2.4063323,.046675809,-.44917634,1.6692165,3.4998283,4.843504,2.8814285,4.7817554,-2.1028016,4.0930343,-5.3113403
Sierra Leone,1984,1,4.7316632,4.0930343,-2.1028016,4.7817554,2.8814285,4.843504,4.5112658,-5.3113403,1.2360469,7.2312689,-7.0799999,.73000002,3.349998
El Salvador,1965,0,2.278631,,,,,,,7.1611376,5.4368486,3.2366924,3.4854188,2.9772952,3.8582575
El Salvador,1967,0,1.0243802,5.4368486,7.1611376,,,,,3.2366924,3.4854188,2.9772952,3.8582575,6.1175337,4.8616734
El Salvador,1969,0,1.6199733,3.4854188,3.2366924,5.4368486,7.1611376,,,2.9772952,3.8582575,6.1175337,4.8616734,5.3360009,2.9235318
El Salvador,1970,0,1.2357448,2.9772952,3.4854188,3.2366924,5.4368486,7.1611376,,3.8582575,6.1175337,4.8616734,5.3360009,2.9235318,5.0492601
El Salvador,1972,0,.75175095,6.1175337,3.8582575,2.9772952,3.4854188,3.2366924,5.4368486,4.8616734,5.3360009,2.9235318,5.0492601,6.7800617,5.3227658
El Salvador,1980,0,.3914831,-11.771317,-4.1802654,5.3227658,6.7800617,5.0492601,2.9235318,-10.450936,-6.3057933,1.5350138,1.3369558,.61659545,.18939498
El Salvador,1982,0,1.396577,-6.3057933,-10.450936,-11.771317,-4.1802654,5.3227658,6.7800617,1.5350138,1.3369558,.61659545,.18939498,2.5135884,1.8774567
El Salvador,1990,0,1.0025927,4.8315606,.96219182,1.8774567,2.5135884,.18939498,.61659545,1.4943588,7.0180464,5.8192348,4.6897845,4.7349596,.81768048
El Salvador,1992,0,1.0053922,7.0180464,1.4943588,4.8315606,.96219182,1.8774567,2.5135884,5.8192348,4.6897845,4.7349596,.81768048,3.1349397,2.6541739
El Salvador,1993,0,.98470736,5.8192348,7.0180464,1.4943588,4.8315606,.96219182,1.8774567,4.6897845,4.7349596,.81768048,3.1349397,2.6541739,2.1605167
El Salvador,1995,0,.64068055,4.7349596,4.6897845,5.8192348,7.0180464,1.4943588,4.8315606,.81768048,3.1349397,2.6541739,2.1605167,1.126057,.87731892
El Salvador,1997,0,.50723732,3.1349397,.81768048,4.7349596,4.6897845,5.8192348,7.0180464,2.6541739,2.1605167,1.126057,.87731892,1.5808623,1.5622311
El Salvador,1998,0,.46733296,2.6541739,3.1349397,.81768048,4.7349596,4.6897845,5.8192348,2.1605167,1.126057,.87731892,1.5808623,1.5622311,.89078605
El Salvador,2009,0,4.4991446,-2.0833943,2.1272252,1.8605791,4.3428955,2.7074678,.89078605,2.1062131,3.8118148,2.8140748,2.3751943,1.9792567,2.377629
El Salvador,2010,0,4.2501392,2.1062131,-2.0833943,2.1272252,1.8605791,4.3428955,2.7074678,3.8118148,2.8140748,2.3751943,1.9792567,2.377629,2.5805774
Somalia,1965,1,2.2976758,,,,,,,9.0986547,5.9409437,2.0299773,-1.6995697,4.581408,2.6290224
Somalia,1966,1,1.0879091,9.0986547,,,,,,5.9409437,2.0299773,-1.6995697,4.581408,2.6290224,10.100846
Somalia,1967,1,1.8397208,5.9409437,9.0986547,,,,,2.0299773,-1.6995697,4.581408,2.6290224,10.100846,-1.9512985
Somalia,1968,1,2.4414208,2.0299773,5.9409437,9.0986547,,,,-1.6995697,4.581408,2.6290224,10.100846,-1.9512985,-18.266378
Somalia,1969,1,1.9584975,-1.6995697,2.0299773,5.9409437,9.0986547,,,4.581408,2.6290224,10.100846,-1.9512985,-18.266378,30.073698
Somalia,1970,1,1.2337259,4.581408,-1.6995697,2.0299773,5.9409437,9.0986547,,2.6290224,10.100846,-1.9512985,-18.266378,30.073698,-1.0167167
Somalia,1980,1,2.4797513,-3.9013901,-2.7084658,3.727489,23.307491,-1.0167167,30.073698,5.6626997,4.0722947,-8.7536697,3.5549462,8.1524363,3.3527551
Somalia,1981,1,7.2745285,5.6626997,-3.9013901,-2.7084658,3.727489,23.307491,-1.0167167,4.0722947,-8.7536697,3.5549462,8.1524363,3.3527551,5.0969043
Somalia,1982,1,8.5535564,4.0722947,5.6626997,-3.9013901,-2.7084658,3.727489,23.307491,-8.7536697,3.5549462,8.1524363,3.3527551,5.0969043,-.55326992
Somalia,1985,1,2.3286312,8.1524363,3.5549462,-8.7536697,4.0722947,5.6626997,-3.9013901,3.3527551,5.0969043,-.55326992,-.17591181,-1.4840757,
Serbia,2001,0,2.07552,4.9927139,7.7592096,-12.146587,2.4304566,7.184833,2.4261551,7.115788,4.4154139,9.0465126,5.5404272,4.9043489,5.8887601
Serbia,2009,0,8.9367065,-3.1159718,5.3666835,5.8887601,4.9043489,5.5404272,9.0465126,.58447808,1.4014658,-1.0152704,2.5717342,-1.8313011,.75771517
Serbia,2011,0,2.9978824,1.4014658,.58447808,-3.1159718,5.3666835,5.8887601,4.9043489,-1.0152704,2.5717342,-1.8313011,.75771517,2.7973237,1.8674289
Serbia,2015,0,3.3024967,.75771517,-1.8313011,2.5717342,-1.0152704,1.4014658,.58447808,2.7973237,1.8674289,,,,
Suriname,2016,0,15.009257,-5.1423969,-2.5975299,.25550315,2.9334412,2.6903501,5.8493676,.095480584,,,,,
Slovak Republic,1994,0,.82567775,6.2055306,1.901327,,,,,5.8434954,6.7571473,6.067543,4.0118136,-.20506944,1.2101734
Seychelles,2008,0,2.8753326,-2.1468925,10.421436,9.4061279,9.0057611,-2.8504536,-5.8871274,-1.1052458,5.9549623,7.8872795,1.2608289,6.0180764,4.5047855
Chad,1994,1,2.0046551,10.136888,-15.709837,8.0014429,8.5351372,-4.1784725,4.8847351,1.2365493,2.214473,5.6533923,6.95158,-.68285024,-.87968105
Togo,1979,1,2.1732001,-5.1677427,11.045435,6.9590855,-2.0515225,2.4405413,4.832849,14.576956,-3.315186,-3.5824025,-5.4140077,5.5555549,5.555552
Togo,1981,1,5.8201509,-3.315186,14.576956,-5.1677427,11.045435,6.9590855,-2.0515225,-3.5824025,-5.4140077,5.5555549,5.555552,1.5865043,.51016217
Togo,1983,1,2.9839926,-5.4140077,-3.5824025,-3.315186,14.576956,-5.1677427,11.045435,5.5555549,5.555552,1.5865043,.51016217,6.6423697,4.0600219
Togo,1984,1,2.7118597,5.5555549,-5.4140077,-3.5824025,-3.315186,14.576956,-5.1677427,5.555552,1.5865043,.51016217,6.6423697,4.0600219,-.24365613
Togo,1985,1,2.0456934,5.555552,5.5555549,-5.4140077,-3.5824025,-3.315186,14.576956,1.5865043,.51016217,6.6423697,4.0600219,-.24365613,-.6999675
Togo,1986,1,2.5477715,1.5865043,5.555552,5.5555549,-5.4140077,-3.5824025,-3.315186,.51016217,6.6423697,4.0600219,-.24365613,-.6999675,-3.9806869
Thailand,1978,0,.23599085,10.295747,9.8434629,9.3268108,4.9704051,4.4662533,10.236433,5.3717666,5.1735411,5.906868,5.3523488,5.5842023,5.7524304
Thailand,1981,0,2.7561901,5.906868,5.1735411,5.3717666,10.295747,9.8434629,9.3268108,5.3523488,5.5842023,5.7524304,4.6472402,5.5338278,9.5189457
Thailand,1982,0,.81918418,5.3523488,5.906868,5.1735411,5.3717666,10.295747,9.8434629,5.5842023,5.7524304,4.6472402,5.5338278,9.5189457,13.288115
Thailand,1985,0,1.0440276,4.6472402,5.7524304,5.5842023,5.3523488,5.906868,5.1735411,5.5338278,9.5189457,13.288115,12.190506,11.167164,8.55826
Thailand,1997,0,2.6571057,-2.7535906,5.6523738,8.1202621,7.9969049,8.2510433,8.0833883,-7.6337337,4.5722985,4.4556761,3.4442437,6.14888,7.1893301
Tajikistan,1996,1,2.0865471,-16.699999,-12.400001,-21.299997,-16.4,-29.000002,-7.099999,1.6999958,5.3000007,3.6999996,8.3000011,10.200001,10.8
Trinidad and Tobago,1989,0,2.9352715,-.82702422,-3.9176161,-4.5614233,-3.2818272,-4.1213126,-5.7509079,1.5084158,2.6820502,-1.6472042,-1.4534796,3.5659008,4.6571531
Trinidad and Tobago,1990,0,2.2755291,1.5084158,-.82702422,-3.9176161,-4.5614233,-3.2818272,-4.1213126,2.6820502,-1.6472042,-1.4534796,3.5659008,4.6571531,7.1344776
Tunisia,1965,0,.56505865,,,,,,,3.4548678,.16195247,10.409729,4.7478156,4.669632,10.560198
Tunisia,1966,0,.92223239,3.4548678,,,,,,.16195247,10.409729,4.7478156,4.669632,10.560198,17.742718
Tunisia,1967,0,.8851316,.16195247,3.4548678,,,,,10.409729,4.7478156,4.669632,10.560198,17.742718,-.65464348
Tunisia,1969,0,.46515062,4.7478156,10.409729,.16195247,3.4548678,,,4.669632,10.560198,17.742718,-.65464348,8.0747824,7.1560998
Tunisia,1970,0,.52110904,4.669632,4.7478156,10.409729,.16195247,3.4548678,,10.560198,17.742718,-.65464348,8.0747824,7.1560998,7.8768525
Tunisia,1986,0,1.3483721,-1.4469885,5.6485734,5.7488432,4.6819172,-.49373761,5.5140729,6.7013712,.072159074,1.7466991,7.9498196,3.9045453,7.8057289
Tunisia,2013,0,3.7654054,2.8755238,3.997674,-1.9171777,3.5106087,3.0434489,4.2377768,2.9713984,1.1536158,1.108393,1.9551257,,
Turkey,1965,0,.17966574,,,,,,,11.212815,4.7325101,6.7779961,4.0811458,3.2335091,5.5666947
Turkey,1966,0,.15248227,11.212815,,,,,,4.7325101,6.7779961,4.0811458,3.2335091,5.5666947,7.4257884
Turkey,1967,0,.17258523,4.7325101,11.212815,,,,,6.7779961,4.0811458,3.2335091,5.5666947,7.4257884,3.2623346
Turkey,1968,0,.15428571,6.7779961,4.7325101,11.212815,,,,4.0811458,3.2335091,5.5666947,7.4257884,3.2623346,5.5944743
Turkey,1969,0,.13869864,4.0811458,6.7779961,4.7325101,11.212815,,,3.2335091,5.5666947,7.4257884,3.2623346,5.5944743,7.1741128
Turkey,1970,0,.52671754,3.2335091,4.0811458,6.7779961,4.7325101,11.212815,,5.5666947,7.4257884,3.2623346,5.5944743,7.1741128,10.46118
Turkey,1978,0,.57654524,1.502933,3.4066699,10.46118,7.1741128,5.5944743,3.2623346,-.62411356,-2.4473505,4.8566489,3.5632279,4.9710808,6.7120156
Turkey,1979,0,.36132285,-.62411356,1.502933,3.4066699,10.46118,7.1741128,5.5944743,-2.4473505,4.8566489,3.5632279,4.9710808,6.7120156,4.2413359
Turkey,1980,0,2.3650668,-2.4473505,-.62411356,1.502933,3.4066699,10.46118,7.1741128,4.8566489,3.5632279,4.9710808,6.7120156,4.2413359,7.0120311
Turkey,1983,0,.38996619,4.9710808,3.5632279,4.8566489,-2.4473505,-.62411356,1.502933,6.7120156,4.2413359,7.0120311,9.4855385,2.3207369,.29024407
Turkey,1984,0,.38444343,6.7120156,4.9710808,3.5632279,4.8566489,-2.4473505,-.62411356,4.2413359,7.0120311,9.4855385,2.3207369,.29024407,9.2661467
Turkey,1994,0,.66879767,-4.6681476,7.6512651,5.035635,.72027904,9.2661467,.29024407,7.8782668,7.3796644,7.5776634,2.3082135,-3.3893051,6.6400614
Turkey,1999,0,8.0357666,-3.3893051,2.3082135,7.5776634,7.3796644,7.8782668,-4.6681476,6.6400614,-5.9623108,6.4302788,5.6082549,9.6443224,9.0098534
Turkey,2002,0,6.9628458,6.4302788,-5.9623108,6.6400614,-3.3893051,2.3082135,7.5776634,5.6082549,9.6443224,9.0098534,7.1097035,5.030458,.84525144
Turkey,2005,0,1.9623604,9.0098534,9.6443224,5.6082549,6.4302788,-5.9623108,6.6400614,7.1097035,5.030458,.84525144,-4.7044659,8.4873724,11.113496
Tanzania,1975,1,,,,,,,,,,,,,
Tanzania,1980,1,,,,,,,,,,,,,
Tanzania,1986,1,,,,,,,,,,3.7644434,7.0450716,2.0719881,.58432215
Tanzania,2009,1,1.1593529,5.3823462,5.5665956,8.4643812,4.6605711,8.173336,7.8282986,6.3588862,7.9045076,5.1410136,7.263061,6.9651351,6.9593143
Uganda,1971,1,.70742899,,,,,,,,,,,,
Uganda,1980,1,1.3071667,,,,,,,,,5.7445579,-.34467667,-3.30638,.39008695
Uganda,1981,1,9.9196424,,,,,,,,5.7445579,-.34467667,-3.30638,.39008695,3.9619029
Uganda,1982,1,5.703824,,,,,,,5.7445579,-.34467667,-3.30638,.39008695,3.9619029,8.2670736
Uganda,1983,1,4.5330205,5.7445579,,,,,,-.34467667,-3.30638,.39008695,3.9619029,8.2670736,6.3619413
Ukraine,1995,0,3.1379364,-12.2,-22.934046,-14.226107,-9.6989985,-8.4106436,-6.3452353,-10,-3,-1.9,-.2,5.9000001,9.1999998
Ukraine,1996,0,1.9490087,-10,-12.2,-22.934046,-14.226107,-9.6989985,-8.4106436,-3,-1.9,-.2,5.9000001,9.1999998,5.1999998
Ukraine,1997,0,1.0945487,-3,-10,-12.2,-22.934046,-14.226107,-9.6989985,-1.9,-.2,5.9000001,9.1999998,5.1999998,9.3999996
Ukraine,2004,0,.94040751,12.1,9.3999996,5.1999998,9.1999998,5.9000001,-.2,2.7,7.3000002,7.9000006,2.3,-14.8,4.1999998
Ukraine,2008,0,9.6661596,2.3,7.9000006,7.3000002,2.7,12.1,9.3999996,-14.8,4.1999998,5.4655318,.2386813,-.026729649,-6.552619
Ukraine,2010,0,11.217369,4.1999998,-14.8,2.3,7.9000006,7.3000002,2.7,5.4655318,.2386813,-.026729649,-6.552619,-9.772974,2.3076019
Ukraine,2014,0,12.491213,-6.552619,-.026729649,.2386813,5.4655318,4.1999998,-14.8,-9.772974,2.3076019,2.5004675,,,
Uruguay,1966,0,.82910305,3.062856,,,,,,-3.6568341,1.8889117,5.8647408,2.3332133,-.25171152,-1.3195698
Uruguay,1968,0,1.5687009,1.8889117,-3.6568341,3.062856,,,,5.8647408,2.3332133,-.25171152,-1.3195698,.27519962,2.8953445
Uruguay,1970,0,.6433962,2.3332133,5.8647408,1.8889117,-3.6568341,3.062856,,-.25171152,-1.3195698,.27519962,2.8953445,6.0969143,3.9354701
Uruguay,1972,0,.9917863,-1.3195698,-.25171152,2.3332133,5.8647408,1.8889117,-3.6568341,.27519962,2.8953445,6.0969143,3.9354701,1.4554611,5.3739853
Uruguay,1975,0,.59192657,6.0969143,2.8953445,.27519962,-1.3195698,-.25171152,2.3332133,3.9354701,1.4554611,5.3739853,6.1991167,5.843401,1.5595598
Uruguay,1976,0,.78706789,3.9354701,6.0969143,2.8953445,.27519962,-1.3195698,-.25171152,1.4554611,5.3739853,6.1991167,5.843401,1.5595598,-9.7578716
Uruguay,1977,0,.7093662,1.4554611,3.9354701,6.0969143,2.8953445,.27519962,-1.3195698,5.3739853,6.1991167,5.843401,1.5595598,-9.7578716,-10.274399
Uruguay,1979,0,.37782207,6.1991167,5.3739853,1.4554611,3.9354701,6.0969143,2.8953445,5.843401,1.5595598,-9.7578716,-10.274399,-1.1426175,1.466536
Uruguay,1980,0,.26893711,5.843401,6.1991167,5.3739853,1.4554611,3.9354701,6.0969143,1.5595598,-9.7578716,-10.274399,-1.1426175,1.466536,8.8098087
Uruguay,1981,0,.33619094,1.5595598,5.843401,6.1991167,5.3739853,1.4554611,3.9354701,-9.7578716,-10.274399,-1.1426175,1.466536,8.8098087,7.9931374
Uruguay,1983,0,7.9196157,-10.274399,-9.7578716,1.5595598,5.843401,6.1991167,5.3739853,-1.1426175,1.466536,8.8098087,7.9931374,1.4809375,1.103901
Uruguay,1985,0,2.6359553,1.466536,-1.1426175,-10.274399,-9.7578716,1.5595598,5.843401,8.8098087,7.9931374,1.4809375,1.103901,.29734838,3.5388086
Uruguay,1990,0,1.383183,.29734838,1.103901,1.4809375,7.9931374,8.8098087,1.466536,3.5388086,7.9315886,2.657546,7.2813425,-1.4475989,5.5779576
Uruguay,1992,0,.54680496,7.9315886,3.5388086,.29734838,1.103901,1.4809375,7.9931374,2.657546,7.2813425,-1.4475989,5.5779576,8.5476828,4.5188899
Uruguay,1996,0,.70763743,5.5779576,-1.4475989,7.2813425,2.657546,7.9315886,3.5388086,8.5476828,4.5188899,-1.9392121,-1.9299307,-3.84413,-7.732007
Uruguay,1997,0,.71757764,8.5476828,5.5779576,-1.4475989,7.2813425,2.657546,7.9315886,4.5188899,-1.9392121,-1.9299307,-3.84413,-7.732007,.8052839
Uruguay,1999,0,.39906785,-1.9392121,4.5188899,8.5476828,5.5779576,-1.4475989,7.2813425,-1.9299307,-3.84413,-7.732007,.8052839,5.0041604,7.4601321
Uruguay,2000,0,.86672354,-1.9299307,-1.9392121,4.5188899,8.5476828,5.5779576,-1.4475989,-3.84413,-7.732007,.8052839,5.0041604,7.4601321,4.0985775
Uruguay,2005,0,6.5180736,7.4601321,5.0041604,.8052839,-7.732007,-3.84413,-1.9299307,4.0985775,6.5415111,7.1761446,4.243494,7.8034096,5.1621332
Kosovo,2010,0,2.424613,3.3095748,3.3416655,2.6448185,7.2860832,4.5030317,6.0332298,4.8125634,2.8953485,3.4312301,1.198071,4.0944548,4.0688963
Kosovo,2012,0,2.1436298,2.8953485,4.8125634,3.3095748,3.3416655,2.6448185,7.2860832,3.4312301,1.198071,4.0944548,4.0688963,4.4660997,
Kosovo,2015,0,3.2041886,4.0944548,1.198071,3.4312301,2.8953485,4.8125634,3.3095748,4.0688963,4.4660997,,,,
Uzbekistan,1995,1,1.4169686,-.90000004,-5.1999998,-2.3,-11.2,-.49200001,1.6,1.7,5.1999998,4.3000002,4.3000002,3.8,4.1999998
"Venezuela, RB",1996,0,2.0078564,-.19783726,3.9516628,-2.349508,.27538815,6.0604734,9.729888,6.3709316,.29405516,-5.970458,3.6869442,3.3942361,-8.8556471
Vietnam,1993,0,1.5360636,8.072731,8.6460476,5.960844,5.1009183,7.3645129,5.1350117,8.8389807,9.5404806,9.3400173,8.1520844,5.7644553,4.7735868
Samoa,1975,1,,,,,,,,,,,,,
Samoa,1977,1,,,,,,,,,,,,,.43103597
Samoa,1978,1,,,,,,,,,,,,.43103597,1.2875581
Samoa,1979,1,,,,,,,,,,,.43103597,1.2875581,3.9194963
Samoa,1983,1,3.2252598,.43103597,,,,,,1.2875581,3.9194963,5.5045781,.48309603,-1.4422997,3.7073138
Samoa,1984,1,3.1679299,1.2875581,.43103597,,,,,3.9194963,5.5045781,.48309603,-1.4422997,3.7073138,-4.4214511
"Yemen, Rep.",1996,1,3.3215821,4.6349673,5.6693711,6.7219491,4.0019665,8.2075977,6.2934937,5.231112,6.0066948,3.7755306,6.1819158,3.8036458,3.9352314
South Africa,1982,0,.51242387,-.38339075,5.3607373,6.620585,3.7905037,3.014549,-.094037533,-1.8465445,5.0991149,-1.2114837,.017834779,2.1007352,4.2001324
Zambia,1973,1,.99838471,-.96204877,9.2088652,-.086039551,4.7971129,-.43691581,1.24833,6.4281588,-2.2693288,6.2209754,-4.5642362,.55376387,-3.023931
Zambia,1976,1,2.6060359,6.2209754,-2.2693288,6.4281588,-.96204877,9.2088652,-.086039551,-4.5642362,.55376387,-3.023931,3.0356224,6.1679573,-2.8127825
Zambia,1978,1,11.125488,.55376387,-4.5642362,6.2209754,-2.2693288,6.4281588,-.96204877,-3.023931,3.0356224,6.1679573,-2.8127825,-1.9666893,-.33683491
Zambia,1983,1,7.0295815,-1.9666893,-2.8127825,6.1679573,3.0356224,-3.023931,.55376387,-.33683491,1.6153103,.72389394,2.6756618,6.2807488,-1.0235018
Zambia,1984,1,8.4187603,-.33683491,-1.9666893,-2.8127825,6.1679573,3.0356224,-3.023931,1.6153103,.72389394,2.6756618,6.2807488,-1.0235018,-.48107204
Zambia,1986,1,16.221449,.72389394,1.6153103,-.33683491,-1.9666893,-2.8127825,6.1679573,2.6756618,6.2807488,-1.0235018,-.48107204,-.036133382,-1.7309222
Zimbabwe,1981,1,.55194598,12.525425,14.420684,3.2970355,-2.7069225,-6.860703,.46483889,2.6342971,1.5853055,-1.9073601,6.9443879,2.0990291,1.1507372
Zimbabwe,1983,1,4.1305575,1.5853055,2.6342971,12.525425,14.420684,3.2970355,-2.7069225,-1.9073601,6.9443879,2.0990291,1.1507372,7.5523744,5.1997666
Zimbabwe,1998,1,2.7681942,2.8852119,2.6805942,10.360697,.15802576,9.235199,1.0514585,-.81782091,-3.0591896,1.4396151,-8.8940229,-16.995075,-5.8075385
Zimbabwe,1999,1,2.8183668,-.81782091,2.8852119,2.6805942,10.360697,.15802576,9.235199,-3.0591896,1.4396151,-8.8940229,-16.995075,-5.8075385,-5.7110839
