Country,year,Country_code,CAB,Infl,EXDEBT,rgdpe,pop,Gshare,GDPRank,advecon,Banking,Currency,Debt,Region,AmountAgreedPercentGDP,WGI,conditions,DPWT,LGrowth1,LGrowth2,LGrowth3,LGrowth4,LGrowth5,FGrowth1,FGrowth2,FGrowth3,FGrowth4,FGrowth5,FGrowth6,FGrowth7,IMF
Angola,1988,AGO,-5.348233550176317,,94.06697249725595,29620.779,11.513968,.27589461,.25714123,0,0,0,1,Africa,,-1.1415477,0,5.5728807,7.0003715,3.1761677,3.4999988,6.0000062,4.1999955,.38747206,-.44464239,.99136549,-5.8382874,-23.983414,1.3393556,15.000001,0
Angola,1991,AGO,-5.465973000000003,83.7837837837838,84.87860559437586,30432.631,12.553446,.29381669,.23139445,0,0,1,0,Africa,,-1.1415477,0,.99136549,-.44464239,.38747206,5.5728807,7.0003715,3.1761677,-5.8382874,-23.983414,1.3393556,15.000001,13.544374,7.2742753,4.6911502,0
Angola,1996,AGO,43.39867365305754,4145.10598220638,180.8988306742185,44838.223,14.682284,.081474282,.26315057,0,0,1,0,Africa,,-1.1415477,0,13.544374,15.000001,1.3393556,-23.983414,-5.8382874,.99136549,7.2742753,4.6911502,2.181484,3.0546324,3.139991,14.530006,2.9898431,0
Angola,2015,AGO,-8.841138891882899,10.278046066107,51.02393293341658,147587.11,27.859304,.1803513,.26737425,0,0,1,0,Africa,,-1.1415477,,.94357395,4.8226299,4.9545889,8.5421486,3.4719832,4.8592129,-2.5800941,-2.5000041,,,,,,0
Albania,1997,ALB,-12.0536027638666,33.1802743753956,22.37511503653892,11601.545,3.0930409,.36799982,.31272879,0,0,1,0,Europe,2.3996406,-.33529902,88,-10.837855,9.1017399,13.322328,8.3028564,9.5594263,-7.1871142,8.8293514,12.890711,6.9462867,8.293293,4.5365667,5.5286345,5.5147977,1
Argentina,1975,ARG,,,,102031.09,26.066975,.074291028,.40636,0,0,1,0,LatAm,.58663017,-.057861075,,-.59304625,5.4059114,3.7441428,2.0776997,3.7611604,3.1967058,-.011169443,6.384429,-3.2212029,7.0171294,1.4531703,-5.4169536,-3.1612439,1
Argentina,1980,ARG,-6.20306739733683,,,117425.09,28.105888,.078356616,.37520802,0,1,0,0,LatAm,,-.057861075,0,1.4531703,7.0171294,-3.2212029,6.384429,-.011169443,-.59304625,-5.4169536,-3.1612439,4.1123505,2.0054946,-6.9560847,7.14362,2.5327818,0
Argentina,1987,ARG,-3.811668772216932,,,159478.36,31.326473,.088936284,.51784861,0,0,1,0,LatAm,1.1027205,-.057861075,74,2.5327818,7.14362,-6.9560847,2.0054946,4.1123505,-3.1612439,-1.9527417,-7.0105572,-1.338609,10.49603,10.304522,6.2516732,5.8362408,1
Argentina,1989,ARG,-1.702835100892205,,,164297.23,32.263561,.11586561,.49259496,0,1,0,0,LatAm,1.2309605,-.057861075,70,-7.0105572,-1.9527417,2.5327818,7.14362,-6.9560847,2.0054946,-1.338609,10.49603,10.304522,6.2516732,5.8362408,-2.8452578,5.5266724,1
Argentina,1995,ARG,-1.983460273509299,,,381883.38,34.994816,.14586806,.98180592,0,1,0,0,LatAm,.38407704,-.057861075,66,-2.8452578,5.8362408,6.2516732,10.304522,10.49603,-1.338609,5.5266724,8.1110592,3.850183,-3.3854599,-.78898656,-4.4088378,-10.894491,1
Argentina,2001,ARG,-1.406947885001806,,,444805.72,37.471508,.13406843,.88727665,0,1,0,1,LatAm,2.8837535,-.057861075,86,-4.4088378,-.78898656,-3.3854599,3.850183,8.1110592,5.5266724,-10.894491,8.8370581,9.0295544,8.8516579,8.0471582,9.0076542,4.0572252,1
Argentina,2013,ARG,-2.377495666205737,,,727663.44,42.539925,.13372542,.85869569,0,0,1,0,LatAm,,-.057861075,0,2.4053218,-1.0264175,6.0039492,10.125401,-5.9185205,4.0572252,-2.5126197,2.7311614,-1.8225405,2.8639207,,,,0
Armenia,1994,ARM,-7.891063059157713,3373.75944336293,16.30340675597108,8314.5938,3.2836599,.41301271,.23396645,0,1,0,0,Europe,4.5330181,-.18081316,104,5.3271809,-8.810832,-41.756386,-11.678761,,,6.8911848,5.9000907,3.3210001,7.3402228,3.2552249,5.8956294,9.5567112,1
Austria,2008,AUT,4.486714125768346,3.21595022953491,,357689.31,8.3384533,.16037489,2.301075,1,1,0,0,Rich,,1.7136425,0,1.4604179,3.727423,3.454036,2.2440677,2.7351146,.94147676,-3.7645807,1.8370997,2.9227922,.68045121,.025504358,.66127354,1.1429768,0
Azerbaijan,1995,AZE,-13.12544677592843,411.759641777268,10.56253758429517,17800.088,7.7754259,.43802923,.20596647,0,1,0,0,MidEast,2.907335,-.64131308,166,-11.816247,-19.654751,-23.100353,-22.6,-.69999462,,1.255038,5.8061066,9.9661818,7.3963466,11.094337,9.9022865,9.4389162,1
Azerbaijan,2015,AZE,-.4192128683102826,4.00943826686826,26.3491372556908,141072.58,9.6174841,.13302509,.74032521,0,0,1,0,MidEast,,-.64131308,,1.0495436,2.7975857,5.8434167,2.2029412,-1.5729965,4.788835,-3.0639369,.1069416,,,,,,0
Burundi,1994,BDI,-1.825256767291533,14.852814983397,123.3950431538047,4515.2803,5.8716068,.10786016,.071055628,0,1,0,0,Africa,,-1.2796288,0,-3.0845778,-7.0284934,1.8057202,5.3335047,3.4998164,1.4833802,-7.0211301,-8.6077223,.37958509,4.4895444,-.99956203,-.90061498,2.1005113,0
Belgium,2008,BEL,-.8263234093772368,4.48944420508401,,427704.09,10.779173,.18972814,2.1284738,1,1,0,0,Rich,,1.6020942,0,.78315943,3.4489806,2.5061357,2.0942659,3.6348569,.77440286,-2.2531767,2.7442355,1.7983029,.23477924,.20066306,1.2546746,1.7166802,0
Benin,1988,BEN,-6.510923687098193,,73.34661742322032,6212.6699,4.672852,.14136392,.1328913,0,1,0,0,Africa,1.869354,-.4842276,24,3.0344486,-1.4999841,2.1484573,7.5287385,7.9301152,-4.3459339,-.70757598,8.9761353,4.2257938,2.9577157,5.8361654,2.0204062,10.13182,1
Burkina Faso,1990,BFA,,-.504303388918915,26.94522547898641,8020.2842,8.8110342,.16709429,.085065,0,1,0,0,Africa,.96532971,-.62323701,44,-.60889339,2.1545126,5.7987604,-.23787132,7.9498811,8.5173607,9.0739555,.22792014,3.4678814,1.3108302,5.7178326,11.014744,6.316844,1
Bangladesh,1987,BGD,-.9758650692823827,9.87469609126641,39.1603036422247,118454.85,98.343811,.13929662,.12252321,0,1,0,0,Asia,1.0709995,-.73224235,53,4.1814246,4.3397722,3.0118847,5.4256015,4.8935695,1.2301425,2.8909373,2.5196931,6.6274781,3.3998199,4.2272949,4.5747151,4.0846844,1
Bulgaria,1990,BGR,-8.288059642304795,23.8000000000003,57.3261240943265,89570.336,8.8413706,.48637664,.9467442,0,0,0,1,Europe,3.4880321,.1073689,58,-9.117382,-3.2898796,10.944691,6.0545135,4.2076073,2.68344,-8.4453526,-7.2521777,-1.4803411,1.8181306,2.8602273,-9.3971329,-1.0888106,1
Bulgaria,1996,BGR,.1288476265165844,121.60754244925,87.95088325825859,59801.703,8.291872,.26897842,.62145615,0,1,1,0,Europe,4.7657423,.1073689,158,-9.3971329,2.8602273,1.8181306,-1.4803411,-7.2521777,-8.4453526,-1.0888106,3.4627242,-6.0098419,4.9405451,3.7702246,5.9375172,5.1562109,1
Bosnia and Herzegovina,1992,BIH,,,,5171.4561,4.2391539,.55500489,.11562835,0,1,0,0,Europe,,-.69180512,0,-6.4369087,-9.3480234,,,,,-2.1813455,11.131959,20.800009,54.199299,36.641125,16.616377,9.5215664,0
Belarus,1995,BLR,-3.279972801331104,709.346032118606,12.16621830873481,77292.5,10.142308,.45313159,.68564475,0,1,0,0,Europe,2.1310163,-.80565321,77,-10.447809,-11.683521,-7.5608444,-9.6440821,-1.3856856,,2.7764664,11.421385,8.4444332,3.4486096,5.7875886,4.7253089,5.0083857,1
Belarus,1997,BLR,-6.081364337704114,63.9373663357479,14.82751490088176,79577.117,10.073061,.36188549,.65866482,0,0,1,0,Europe,,-.80565321,0,11.421385,2.7764664,-10.447809,-11.683521,-7.5608444,-9.6440821,8.4444332,3.4486096,5.7875886,4.7253089,5.0083857,6.9947152,11.427111,0
Belarus,2009,BLR,-12.05446906320092,12.9456563410401,44.37002285158447,138526.83,9.4862394,.22141235,.8380565,0,0,1,0,Europe,6.8744941,-.80565321,53,.15412264,10.244223,8.5783358,9.9979334,9.4413548,11.427111,7.74999,5.545217,1.747529,.95089895,1.7469802,-3.8295774,-2.4636228,1
Belarus,2015,BLR,-3.243306375577927,13.5344897649734,70.8541035115196,161395.7,9.4857721,.15897053,.85873806,0,0,1,0,Europe,,-.80565321,,-3.8295774,1.7469802,.95089895,1.747529,5.545217,7.74999,-2.4636228,2.4497039,,,,,,0
Belize,2007,BLZ,-4.036286673092546,,95.04307534599002,2316.5027,.29840699,.18785763,.4319095,0,0,0,1,LatAm,,-.31318158,0,1.210556,4.697207,2.9715312,4.6480918,9.3264685,5.1213102,2.6145158,.71302962,3.3239274,2.1867211,3.7147639,.71585548,4.0452762,0
Belize,2012,BLZ,-2.117440219100517,,82.86971384216059,2661.6465,.33670101,.18700698,.40153021,0,0,0,1,LatAm,,-.31318158,0,3.7147639,2.1867211,3.3239274,.71302962,2.6145158,1.210556,.71585548,4.0452762,3.7950218,-.48726308,.48149443,,,0
Belize,2017,BLZ,-7.02681788887321,,80.13692106304802,3207.8691,.374681,.23779379,.4175345,0,0,0,1,LatAm,,-.31318158,,.48149443,-.48726308,3.7950218,4.0452762,.71585548,3.7147639,,,,,,,,0
Bolivia,1973,BOL,,31.4860287891619,64.59340431456681,8816.5781,4.7985091,.18305355,.1942859,0,0,1,0,LatAm,2.5768805,-.46282858,,5.7391572,7.9674797,5.0633397,-1.3138974,3.0308392,-13.577813,2.9395673,7.3110218,4.6145716,4.9712152,2.0526888,.13334876,-1.3717772,1
Bolivia,1980,BOL,-.1413765765765766,47.2416501018426,65.30938777893444,11848.123,5.5895748,.20659097,.19036157,0,0,0,1,LatAm,1.9083421,-.46282858,56,-1.3717772,.13334876,2.0526888,4.9712152,4.6145716,7.3110218,.92479908,-4.3591785,-4.4626484,-.60152978,-.9654268,-2.4908614,2.6013558,1
Bolivia,1986,BOL,-9.818840970066256,276.335967563202,155.3497333804968,13684.694,6.337893,.19430035,.22665943,0,1,0,0,LatAm,3.1888666,-.46282858,61,-2.4908614,-.9654268,-.60152978,-4.4626484,-4.3591785,.92479908,2.6013558,2.9590032,3.7904422,4.6344566,5.2645183,1.6486259,4.2665186,1
Bolivia,1994,BOL,-1.508047266168583,7.87404421467432,85.62520890884203,19403.533,7.4188609,.28880736,.2416653,0,1,0,0,LatAm,2.4166276,-.46282858,64,4.6723599,4.2665186,1.6486259,5.2645183,4.6344566,3.7904422,4.6745024,4.3635297,4.9542127,5.0293489,.42689013,2.507813,1.6837993,1
Brazil,1976,BRA,-4.270424767535161,,22.48056843094666,583625.5,110.21308,.10567131,.52553773,0,0,1,0,LatAm,,-.11402176,,10.260012,5.1699944,8.1500025,13.97,11.939996,11.340011,4.929987,4.9700074,6.7599945,9.2299976,-4.2499948,.83000153,-2.9300003,0
Brazil,1982,BRA,-5.792696154129516,100.54335919485,35.33621976387619,690969.94,126.94736,.065787643,.54002273,0,0,1,0,LatAm,2.22911,-.11402176,42,.83000153,-4.2499948,9.2299976,6.7599945,4.9700074,4.929987,-2.9300003,5.3999934,7.8490071,7.4899931,3.5300004,-.059995834,3.1599987,1
Brazil,1987,BRA,-.493736294758179,228.33625786393,42.57792345072417,881906.31,141.27348,.092863455,.63500088,0,0,1,0,LatAm,.44580537,-.11402176,24,3.5300004,7.4899931,7.8490071,5.3999934,-2.9300003,.83000153,-.059995834,3.1599987,-4.3499994,1.029996,-.93632668,4.8361917,5.8523116,1
Brazil,1992,BRA,1.51997289061325,951.962053052818,32.95724756324302,985908.25,154.56429,.15394026,.60458589,0,0,1,0,LatAm,.52734971,-.11402176,0,-.93632668,1.029996,-4.3499994,3.1599987,-.059995834,3.5300004,4.8361917,5.8523116,4.2235932,2.1505306,3.3752537,.035352014,.25406232,1
Brazil,1994,BRA,-.2065893593347552,2075.88839757325,28.46722737687696,1191718.3,159.70512,.20594455,.68948603,0,1,0,0,LatAm,,-.11402176,0,5.8523116,4.8361917,-.93632668,1.029996,-4.3499994,3.1599987,4.2235932,2.1505306,3.3752537,.035352014,.25406232,4.3061948,1.3131217,0
Brazil,2015,BRA,-3.022517300097487,9.029807185774899,30.81693515510589,2976166.5,205.96211,.21277064,.72930849,0,0,1,0,LatAm,,-.11402176,,-3.7692564,.50396216,3.0048196,1.9211766,3.9744196,7.5282288,-3.4627225,.98544377,,,,,,0
Botswana,1984,BWA,-4.736138984734279,8.57746904251907,23.68926861178308,3159.0068,1.151292,.33156013,.27395591,0,0,1,0,Africa,,.51517785,0,13.609283,11.898302,8.4365301,11.742427,12.218605,14.286424,9.2289114,7.3372984,8.224721,12.223145,33.272835,7.1267104,7.4240017,0
Central African Republic,1976,CAF,,,20.99585543213892,2338.738,2.0624051,.27216384,.1125409,0,1,0,0,Africa,,-1.5261757,,4.4401064,1.8200564,-2.9829824,4.5277901,-1.9718932,-3.0358274,8.0413027,1.2092226,-2.4650636,-4.4786053,1.5478474,1.7961712,-6.0971894,0
Central African Republic,1994,CAF,-2.899004627234185,24.5710137275605,106.9453584284054,3368.7661,3.2676699,.21180941,.09525843,0,0,1,0,Africa,2.7719836,-1.5261757,81,5.1764312,-.34839073,-1.3307805,1.1798434,-1.5450931,2.4753976,5.1530304,-7.548161,6.1207924,4.5526385,5.938098,1.9218869,.63047618,1
Switzerland,2008,CHE,2.378861357859011,2.42604804028587,,415978.03,7.6461129,.08065033,2.9183676,1,1,0,0,Rich,,1.9704963,0,2.1547022,4.1118793,3.9886365,3.1152411,2.7762294,.039573479,-2.2221086,3.0026956,1.692814,1.0060227,1.8520366,2.4492195,1.3333675,0
China,1998,CHN,3.058375307584818,-.773182345961248,14.24481627456773,4746426.5,1267.4415,.22598916,.30664504,0,1,0,0,Asia,,.089489624,0,2.2518265,4.5369244,7.8886342,9.6245594,8.7974119,11.037567,5.8771477,7.4168005,7.8325553,9.3664474,7.9449539,9.914155,11.475056,0
Cote d'Ivoire,1984,CIV,,4.28476110361868,134.5893114466439,24650.693,9.8260546,.25241581,.25047567,0,0,0,1,Africa,1.2397553,-.92309225,64,-2.7009795,-3.8997159,.20088674,3.499984,-10.956451,1.8999395,4.500617,3.2585945,-.34678522,1.1072474,11.889856,-1.2304282,.056625288,1
Cote d'Ivoire,1988,CIV,,6.93068617206517,143.4273537515713,27745.584,11.42426,.23338374,.24275382,0,1,0,0,Africa,1.2318457,-.92309225,48,1.1072474,-.34678522,3.2585945,4.500617,-2.7009795,-3.8997159,11.889856,-1.2304282,.056625288,-.62251496,-.39863425,2.1440768,7.0528936,1
Cote d'Ivoire,1994,CIV,,26.0815719947161,230.7226529323818,31874.83,14.083611,.14566353,.20912436,0,0,1,0,Africa,5.7429481,-.92309225,90,2.1440768,-.39863425,-.62251496,.056625288,-1.2304282,11.889856,7.0528936,6.7451053,5.6816564,5.1288428,1.9432617,-2.0683846,.12137865,1
Cote d'Ivoire,2001,CIV,,4.36152914007255,117.2382244615646,37681.168,17.040152,.1245923,.16528778,0,0,0,1,Africa,3.0693755,-.92309225,92,.12137865,-2.0683846,1.9432617,5.1288428,5.6816564,6.7451053,-1.6676739,-1.3594991,1.2317256,1.7212633,1.5158429,1.7650374,2.5517373,1
Cote d'Ivoire,2010,CIV,1.866754113293353,1.2264561213548,48.82239583227614,52976.387,20.401331,.11950117,.14200741,0,0,0,1,Africa,3.2362828,-.92309225,89,2.017637,3.2514567,2.5517373,1.7650374,1.5158429,1.7212633,-4.1986175,10.101742,9.2853794,8.7693396,8.8428583,7.9717455,7.7020912,1
Cameroon,1987,CMR,-7.256563383014432,13.140499844701,37.78594951625638,30902.338,10.696274,.20389415,.29388088,0,1,0,0,Africa,.66478789,-.83878541,36,-5.6039791,-5.2565966,2.3518274,8.0458641,8.4029551,7.4483147,-3.7735879,-3.1460917,-6.1611085,-3.764046,-3.0501575,-3.1581035,2.1239645,1
Cameroon,1994,CMR,-.5289488344068328,35.0944618459464,93.09154088382996,29303.875,13.10966,.11260444,.20654006,0,0,1,0,Africa,1.094829,-.83878541,94,2.1239645,-3.1581035,-3.0501575,-3.764046,-6.1611085,-3.1460917,3.4697869,4.3610487,5.2312479,4.5023079,4.2920799,3.5532939,4.3680754,1
"Congo, Dem. Rep.",1976,COD,,80.38595907541399,30.70569079814191,42271.938,23.559071,.39948687,.17807248,0,0,1,1,Africa,.49011567,-1.6408192,,-5.3089995,-4.9816303,3.1305864,8.13727,.15113991,6.0050168,.76079494,-5.3452964,.43009269,2.1949074,2.3505261,-.4576748,1.4116994,1
"Congo, Dem. Rep.",1983,COD,,76.5266976662659,49.9063547027945,54300.328,28.404877,.2804423,.19384532,0,1,1,0,Africa,2.2143891,-1.6408192,48,1.4116994,-.4576748,2.3505261,2.1949074,.43009269,-5.3452964,5.5410714,.46785715,4.7172079,2.6756387,.47038206,-1.266048,-6.5683146,1
"Congo, Dem. Rep.",1989,COD,,104.06522942826,110.4938423974845,62094.344,33.465443,.28516528,.17948472,0,0,1,0,Africa,1.6537163,-1.6408192,67,-1.266048,.47038206,2.6756387,4.7172079,.46785715,5.5410714,-6.5683146,-8.4210463,-10.500015,-13.469048,-3.8999934,.69999826,-1.023175,1
"Congo, Dem. Rep.",1991,COD,,2154.43682711341,140.7781770646054,37787.457,35.914825,.27432483,.10042696,0,1,0,0,Africa,,-1.6408192,0,-8.4210463,-6.5683146,-1.266048,.47038206,2.6756387,4.7172079,-10.500015,-13.469048,-3.8999934,.69999826,-1.023175,-5.617043,-1.6241572,0
"Congo, Dem. Rep.",1994,COD,,23773.1317741016,240.159810205565,30159.506,40.273701,.17953379,.069194794,0,1,1,0,Africa,,-1.6408192,0,-3.8999934,-13.469048,-10.500015,-8.4210463,-6.5683146,-1.266048,.69999826,-1.023175,-5.617043,-1.6241572,-4.2701387,-6.9102983,-2.1004694,0
"Congo, Dem. Rep.",1999,COD,,284.894975914087,284.1683446650848,26484.227,45.898666,.10251127,.045625735,0,0,1,0,Africa,,-1.6408192,0,-4.2701387,-1.6241572,-5.617043,-1.023175,.69999826,-3.8999934,-6.9102983,-2.1004694,2.9468596,5.5773501,6.7392607,6.1353712,5.3209295,0
"Congo, Dem. Rep.",2009,COD,-6.022509208639161,2.79999999999981,73.35054963988745,36893.379,62.409435,.096783347,.033925921,0,0,1,0,Africa,2.8628821,-1.6408192,79,2.8550727,6.2259192,6.2594404,5.3209295,6.1353712,6.7392607,7.1079435,6.8747282,7.086843,8.4819784,9.4698238,6.9168124,2.400171,1
"Congo, Dem. Rep.",2016,COD,-4.050289513685862,2.88585107290009,13.9325261800154,62136.102,78.736153,.11583147,.039542712,0,0,1,0,Africa,,-1.6408192,,2.400171,6.9168124,9.4698238,8.4819784,7.086843,6.8747282,3.6998534,,,,,,,0
"Congo, Rep.",1986,COG,-32.48323777938425,4.1581108829568,186.3123048833766,4896.4346,2.188046,.65545762,.23491302,0,0,0,1,Africa,1.4210368,-1.1915934,48,-6.8818679,-1.1526141,7.2185764,5.6096873,23.568197,21.218254,.18938278,1.7662646,1.7646763,1.0034084,2.3953676,2.6119506,-.97968566,1
"Congo, Rep.",1994,COG,-44.84099550539261,42.4396750333452,357.481067140909,4363.4595,2.722497,.38691851,.14809291,0,0,1,0,Africa,1.8740147,-1.1915934,75,-5.4930768,-.97968566,2.6119506,2.3953676,1.0034084,1.7646763,3.9853284,6.3919868,-2.4369617,3.5983677,-2.6020534,7.5735297,3.8096294,1
Colombia,1982,COL,-7.836670825132906,24.7002398081535,27.68442290267662,193741.98,29.027163,.10373267,.66220999,0,1,0,0,LatAm,,-.13174106,0,.94842106,2.2768767,4.0873489,5.3791223,8.4699011,4.1585016,1.5739502,3.3506863,3.1071074,5.8240738,5.3689342,4.0641761,3.4140956,0
Colombia,1985,COL,-5.184211253064158,23.9741816505302,43.57275461891992,198503.89,31.011688,.093021974,.64989084,0,0,1,0,LatAm,,-.13174106,0,3.1071074,3.3506863,1.5739502,.94842106,2.2768767,4.0873489,5.8240738,5.3689342,4.0641761,3.4140956,4.2819982,2.001605,4.0449347,0
Colombia,1998,COL,-4.93441634428213,18.6812565385812,34.54409592745641,287279.66,39.234062,.12475789,.59956837,0,1,0,0,LatAm,3.1047213,-.13174106,24,.56977975,3.4302931,2.0558577,5.2024331,5.147346,5.7101631,-4.2040153,2.9248686,1.6778929,2.5039811,3.9182727,5.3330245,4.7065501,1
Comoros,1994,COM,-2.260928334059323,,61.68158338210414,1247.3763,.462277,.25301805,.24932507,0,0,1,0,Island,,-1.561964,55,-5.2766776,3.0059326,8.5309258,1.7809242,.85246527,-1.6366706,3.6099977,-1.3400035,4.220005,1.1500016,1.919995,2.3945174,2.2999957,0
Cabo Verde,1993,CPV,-4.87949553365867,5.78839590443698,30.03198887103862,810.08704,.36901399,.18775551,.2081711,0,1,0,0,Africa,,.11462396,0,7.3136373,3.0434766,1.4066823,.68809527,5.6989322,5.996871,6.9275403,7.4899416,6.6968007,7.6383367,8.4135847,11.86183,7.2658043,0
Costa Rica,1981,CRI,-15.59194414284269,37.0572006829526,146.4961597620316,17147.758,2.454129,.17755479,.64927346,0,0,1,1,Island,12.437356,.31522611,32,-2.2595434,.75188112,4.9424715,6.2652802,8.9029837,5.5131793,-7.2852573,2.8594258,8.0284748,.72053301,5.5288668,4.7646708,3.43872,1
Costa Rica,1987,CRI,-5.657019914006582,16.8466527583525,114.0720653576177,20711.297,2.872211,.16392566,.73350573,0,1,0,0,Island,1.1410465,.31522611,48,4.7646708,5.5288668,.72053301,8.0284748,2.8594258,-7.2852573,3.43872,5.665771,3.5520952,2.2623341,9.1965647,7.0875139,4.4872694,1
Costa Rica,1991,CRI,-1.048960851702741,28.7093208307046,58.79244235969956,23330.162,3.1756489,.14535967,.70123196,0,0,1,0,Island,.64199531,.31522611,76,2.2623341,3.5520952,5.665771,3.43872,4.7646708,5.5288668,9.1965647,7.0875139,4.4872694,4.1214938,1.2378186,5.5649419,6.9616966,1
Costa Rica,1994,CRI,-2.239130871251179,13.5342450979727,38.41003003673323,29513.703,3.4256899,.13153258,.79606104,0,1,0,0,Island,.68515253,.31522611,28,4.4872694,7.0875139,9.1965647,2.2623341,3.5520952,5.665771,4.1214938,1.2378186,5.5649419,6.9616966,3.9433544,3.8331697,3.4904695,1
Cyprus,2013,CYP,-4.953484171344571,,,25595.252,.86193001,.15363936,1.4907089,1,0,0,1,Europe,5.6219611,1.2430011,88,-5.7992363,-2.8781009,.4036392,1.3352457,-2.0152416,3.6468837,-1.3114645,1.9621841,4.8118982,4.2315888,,,,1
Czech Republic,1996,CZE,-6.161836015615029,8.758774728781111,,215567.64,10.35057,.29549471,1.7946049,1,1,0,0,Rich,,.90648639,0,4.2228112,6.2214041,2.9093149,.061907407,-.50654793,-11.614944,-.5946579,-.32871586,1.4328411,4.2667384,2.9087698,1.6524907,3.6029928,0
Germany,2008,DEU,5.683944930729473,2.62838174873985,,3244136,81.130943,.15829328,2.144978,1,1,0,0,Rich,,1.6408876,0,1.0823171,3.2605288,3.7001626,.70671451,1.1699675,-.70990711,-5.6188564,4.0799341,3.6599948,.49199292,.48958421,2.1780701,1.7389677,0
Djibouti,1991,DJI,22.07293315697691,,,1344.8816,.60684401,.47759971,.21153556,0,1,0,0,Africa,,-.90428275,0,-3.1466701,5.8357244,-2.6000011,1.1991141,.49478528,-1.1890213,5.8628201,4.8391256,-2.4230211,5.6015439,-5.0909472,4.603765,-.18522677,0
Dominica,2002,DMA,-14.21233022130283,.170055330197674,81.62929208064915,579.92084,.069824003,.30102229,.61335593,0,0,0,1,Island,1.2746494,.36931258,82,-2.0374675,.33892152,.63657129,.6406495,3.1606605,2.4943719,7.6645784,2.6363361,-.32313707,4.5689359,5.9581532,7.8174973,-1.1278807,1
Denmark,2008,DNK,2.946877469344384,3.41626794258375,,234917.56,5.4977951,.21523963,2.2921195,1,1,0,0,Rich,,2.0422227,0,-.51202393,.90925354,3.912977,2.3366652,2.668195,.39007539,-4.9065285,1.8709981,1.336774,.22646771,.93334985,1.6193734,2.3426199,0
Dominican Republic,1982,DOM,-5.353557345719332,7.6462430660615,33.69978322287773,28085.854,6.0788202,.14272949,.45840031,0,0,0,1,Island,4.3041158,-.48796615,66,1.6997029,4.2788496,7.9726796,4.5275869,2.1446662,4.9776926,4.6279488,1.2528955,-2.1225438,3.5220015,10.117365,2.1559615,4.4005351,1
Dominican Republic,1985,DOM,-2.132976856156619,45.3361755532178,75.6211025755662,28939.264,6.4888558,.11962099,.45281014,0,0,1,0,Island,1.5799844,-.48796615,42,-2.1225438,1.2528955,4.6279488,1.6997029,4.2788496,7.9726796,3.5220015,10.117365,2.1559615,4.4005351,-5.001895,.7670179,10.513099,1
Dominican Republic,1990,DOM,-3.95268341371983,50.4624792378524,66.35177327487625,32279.195,7.1836472,.09829583,.41991922,0,0,1,0,Island,.55151552,-.48796615,42,-5.001895,4.4005351,2.1559615,10.117365,3.5220015,-2.1225438,.7670179,10.513099,7.2227044,2.3031838,5.4937677,7.1313019,8.0042782,1
Dominican Republic,2003,DOM,4.787624674928217,27.4497127394394,35.9364873836831,68750.656,8.9677601,.11070142,.54932821,0,1,1,1,Island,2.8331332,-.48796615,104,-.25340983,5.7881646,1.8092784,5.6566052,6.7152939,7.0106506,1.3120089,9.2627411,10.671164,8.474658,3.2094998,.94615841,8.3396463,1
Algeria,1988,DZA,-3.451807577701299,5.9115449637349,45.72842478290541,198114.8,24.591492,.2317974,.80525297,0,0,1,0,MidEast,.35873368,-.60164398,56,-1.0000036,-.69999474,.39999953,3.699995,5.5999951,5.4000034,4.3999953,.80000836,-1.2000008,1.7999997,-2.1000023,-.89999723,3.7999904,1
Algeria,1990,DZA,2.28907848785349,16.6525343885433,46.95832699310944,214609.23,25.912367,.19414885,.77397931,0,1,0,0,MidEast,.89782864,-.60164398,47,.80000836,4.3999953,-1.0000036,-.69999474,.39999953,3.699995,-1.2000008,1.7999997,-2.1000023,-.89999723,3.7999904,4.1000066,1.1000006,1
Algeria,1994,DZA,,29.0476561173071,74.10830594413801,196346.78,28.362253,.26090109,.63966674,0,0,1,0,MidEast,1.538631,-.60164398,94,-.89999723,-2.1000023,1.7999997,-1.2000008,.80000836,4.3999953,3.7999904,4.1000066,1.1000006,5.099998,3.2000055,3.8000023,2.9999921,1
Ecuador,1982,ECU,-5.930801225282753,16.2579695928846,41.24590925883307,58372.828,8.3929396,.24021198,.69003832,0,1,1,1,LatAm,.98159027,-.65306431,32,.61484468,5.6128664,3.708679,3.7340539,5.7068176,1.604843,-.33686629,2.6252694,3.9350016,3.4647853,-.2590985,5.8904672,1.0057734,1
Ecuador,2008,ECU,2.864851330044144,8.400095939874619,31.68583015072159,126965.18,14.447562,.10223357,.47141171,0,0,0,1,LatAm,,-.65306431,0,6.3571329,2.1900985,4.4034963,5.2913094,8.2110186,2.7228734,.56649232,3.5252957,7.8681412,5.6419563,4.9465189,3.788868,.098868966,0
"Egypt, Arab Rep.",1984,EGY,-5.553865915336017,17.0363663799608,100.8751932284309,84070.633,48.86895,.4112668,.17176193,0,0,0,1,MidEast,,-.49838865,0,10.199672,15.664017,9.9071684,3.7560797,9.950983,10.29182,6.751605,1.993476,7.8607969,5.300725,5.8158941,5.8157868,5.3413153,0
"Egypt, Arab Rep.",1990,EGY,5.414282881002088,16.7563747077691,78.84577276747889,115566.59,57.412216,.17506085,.1881118,0,0,1,0,MidEast,.85775191,-.49838865,76,5.8157868,5.8158941,5.300725,7.8607969,1.993476,6.751605,5.3413153,6.6634183,2.8828146,3.9480116,4.5576797,5.1176538,5.4911318,1
"Egypt, Arab Rep.",2016,EGY,-6.155658359415368,13.8096682847897,21.06006950365615,976004.44,95.688683,.19009632,.51107877,0,0,1,0,MidEast,3.5890441,-.49838865,,4.3466358,4.3720241,2.9159148,2.1842461,2.2262006,1.7645732,4.1812291,,,,,,,1
Eritrea,1993,ERI,22.91338567377681,,.511891359437587,,,,,0,1,0,0,Africa,,-1.2952589,0,,,,,,,,,,,,,,0
Spain,1977,ESP,-1.858748739622013,24.5380633969861,,510714.56,36.763531,.10638402,1.3480905,1,1,0,0,Europe,.11193085,1.2555561,,2.8385701,3.3037937,.54220825,5.6187797,7.7884693,8.149745,1.4630029,.041543107,2.2087321,-.13246886,1.2464638,1.7701135,1.7846891,1
Spain,1983,ESP,-1.767405673139172,12.1740835180134,,487294.16,38.514061,.14527676,1.2829734,1,0,1,0,Europe,,1.2555561,0,1.7701135,1.2464638,-.13246886,2.2087321,.041543107,1.4630029,1.7846891,2.3214307,3.2533236,5.5471268,5.0943255,4.8270288,3.7813942,0
Spain,2008,ESP,-9.32993767987216,4.07566076368221,,1606779,45.997807,.17630556,1.8738264,1,1,0,0,Europe,,1.2555561,0,1.1176865,3.7689929,4.1741195,3.7230101,3.1667449,3.1875653,-3.5737548,.014071658,-.99876934,-2.9277475,-1.7057035,1.3799902,3.6446824,0
Estonia,1992,EST,,,,13226.156,1.52081,.26375145,.82430768,1,1,1,0,Rich,,.97123945,68,-21.168652,-7.9998479,,,,,-5.7404966,-1.991794,4.2655592,5.323843,11.79862,4.1172605,-.85645574,1
Finland,1991,FIN,-5.323813451560508,4.31021289843461,,117148.23,5.019125,.18513691,2.2278407,1,1,0,0,Rich,,2.0719564,0,-5.9145212,.676597,5.0869513,5.210875,3.5592008,2.7262106,-3.3246837,-.7345022,3.9393332,4.2088876,3.6588259,6.2518082,5.4285192,0
Finland,1993,FIN,-1.271631283522087,2.19065319556431,,109815.22,5.0717888,.17398289,2.0532081,1,0,1,0,Rich,,2.0719564,0,-.7345022,-3.3246837,-5.9145212,.676597,5.0869513,5.210875,3.9393332,4.2088876,3.6588259,6.2518082,5.4285192,4.4441328,5.6348457,0
Fiji,1998,FJI,-3.615122938093482,5.71168160413118,8.766454107096697,4587.1436,.80031502,.24876538,.46933019,0,0,1,0,Island,,-.35626057,0,1.3000096,-2.2000017,4.8000026,2.499994,5.1000032,1.727645,8.7999973,-1.6999996,1.9999967,3.1999989,1.000003,5.3000002,.7000013,0
France,2008,FRA,-.9657211920077464,2.81286194914787,,2363140.8,64.409088,.19905786,1.9681253,1,1,0,0,Rich,,1.5049917,0,.2549518,2.4247327,2.4493232,1.6632245,2.8297541,.82316071,-2.8733182,1.9494365,2.1926994,.31314132,.57632548,.95617592,1.1129134,0
Gabon,1986,GAB,-31.06812590141742,6.2853551225645,61.56326801160973,6996.4819,.85302699,.2051924,.86099476,0,0,0,1,Africa,3.4014571,-.70092827,68,-.80359107,-2.3329511,7.5088892,5.6082473,-3.0975099,5.0953131,-17.146059,12.845381,8.54531,5.1922312,6.1124992,-3.0901346,2.3872435,1
Gabon,1994,GAB,7.572753786452504,36.1162456962985,113.0088981385676,9145.123,1.058663,.11844761,.79818308,0,0,1,0,Africa,1.3186829,-.70092827,64,5.47791,2.3872435,-3.0901346,6.1124992,5.1922312,8.54531,4.9736295,3.6252642,5.7383699,2.9575863,-10.617883,-1.3158726,2.3534722,1
United Kingdom,2007,GBR,-3.591130355925932,2.38656150773328,,2328242,61.414661,.17609158,2.1092353,1,1,0,0,Europe,,1.6672132,0,2.5454955,2.5480847,3.1487203,2.3477905,3.3394542,2.4997325,-.34585953,-4.2466063,1.7112104,1.6447685,1.4470652,2.0463543,2.9475625,0
Georgia,1991,GEO,,,,49407.328,5.3706489,.64254814,.87809402,0,1,0,0,MidEast,,.054026682,,-21.333332,,,,,,-44.502621,-29.29067,-10.381141,2.577558,11.286083,10.518994,3.1049693,0
Ghana,1978,GHA,-1.254351523102346,73.09166666734301,34.99208184566815,37859.055,10.354499,.11419968,.35836199,0,0,1,0,Africa,1.7032931,-.090057597,,8.4759455,2.274106,-3.5301902,-12.431625,6.85252,5.5448785,-2.5131798,.46080422,-3.4943504,-6.9217825,-4.5656524,8.6475639,5.0799842,1
Ghana,1982,GHA,-2.658076598657663,22.2955664080893,36.87071331451536,28523.471,11.488106,.14461975,.2463375,0,1,0,0,Africa,6.2839198,-.090057597,28,-6.9217825,-3.4943504,.46080422,-2.5131798,8.4759455,2.274106,-4.5656524,8.6475639,5.0799842,5.2126594,4.7948937,5.6281695,5.0858707,1
Ghana,2009,GHA,-7.303012543011037,19.2507144305153,25.51062604934615,87039.617,23.903831,.099539556,.20896952,0,0,1,0,Africa,2.298351,-.090057597,97,4.8441586,9.1505232,4.3458748,4.5518808,6.1957593,5.3529973,7.9020414,14.045063,9.2919998,7.3134241,2.8974438,2.1782017,3.4477918,1
Ghana,2014,GHA,-6.892719553001959,15.4896160333319,34.39649422689325,137290.19,26.962563,.15562154,.25439057,0,0,1,0,Africa,1.8895012,-.090057597,,2.8974438,7.3134241,9.2919998,14.045063,7.9020414,4.8441586,2.1782017,3.4477918,8.1434441,,,,,1
Guinea,1982,GIN,,,,14594.862,4.6906052,.079098925,.30870789,0,0,1,0,Africa,,-1.0557132,24,1.7999997,.60974205,2.6013887,-1.2078662,6.7962661,-3.3530693,1.3000133,1.4000098,4.9999328,3.1140409,3.299931,6.3081226,4.0034761,1
Guinea,1985,GIN,,,,15773.542,5.0847669,.077510707,.31495968,0,1,0,1,Africa,1.6475244,-1.0557132,60,4.9999328,1.4000098,1.3000133,1.7999997,.60974205,2.6013887,3.1140409,3.299931,6.3081226,4.0034761,4.3240571,2.4965472,3.2724986,1
Guinea,1993,GIN,-1.731897023597695,,89.13594727685555,20051.336,7.1632361,.096232869,.26543954,0,1,0,0,Africa,,-1.0557132,48,5.0484948,3.2724986,2.4965472,4.3240571,4.0034761,6.3081226,4.0006633,4.6800489,5.1568604,5.1812663,4.5851164,4.5104713,2.8848727,0
"Gambia, The",1985,GMB,3.405776657632381,18.319884874273,97.65003203431246,2086.7615,.73209602,.10379834,.28940201,0,0,1,0,Africa,10.103979,-.63786787,28,3.3914356,2.8291202,-3.5098681,7.0289674,18.042015,.24184848,2.1425245,3.0707841,5.0888481,3.5837953,3.592752,2.8792274,3.5125451,1
Guinea-Bissau,1980,GNB,,,131.0935194686506,1203.7789,.80085403,.80422539,.13499008,0,0,1,0,Africa,,-1.294047,0,-15.952644,1.9941353,13.126049,-7.1700749,4.9434586,7.8455806,-.49751285,4.1999941,-3.3999991,5.499999,4.3000045,-.99999815,5.6415281,0
Guinea-Bissau,1994,GNB,-19.49749236839405,15.1763474313441,383.4858035139609,1621.9519,1.113541,.15226685,.1345868,0,0,1,0,Africa,6.2719479,-1.294047,36,2.9627635,2.276006,3.0953462,3.0001953,3.2994189,4.4997821,4.015728,3.7466071,5.9938006,-16.90934,13.228255,-.18932508,2.0165107,1
Guinea-Bissau,2014,GNB,.5989760433109826,-1.50924460570504,24.87831428045268,2342.7913,1.725744,.27025968,.067823447,0,1,0,0,Africa,3.0337496,-1.294047,,.96452516,3.2560675,-1.7128776,8.0850229,4.6108103,3.3688936,6.1340156,6.2630296,5.9190049,,,,,1
Equatorial Guinea,1980,GNQ,,,,445.47549,.25532499,.47777367,.15668917,0,0,1,0,Africa,14.135088,-1.4751698,2,4.8402367,-4.9927411,-5.0055847,7.3175869,.28987712,6.5782566,5.7694221,2.2016695,5.0043907,1.0113815,12.905185,-2.3305635,4.436739,1
Greece,1983,GRC,-3.799398809342383,20.1794832542286,,130629.36,9.8671608,.16739549,1.3424383,1,0,1,0,Rich,,.55637157,0,-1.0786226,-1.1326445,-1.5537243,.67713511,3.2820735,7.24687,2.0105772,2.5095556,.51766479,-2.2588658,4.2878637,3.7999992,0,0
Greece,2012,GRC,-2.512345956149336,1.50152796054581,,274647.91,11.378257,.22862868,1.2260631,1,0,0,1,Rich,14.829468,.55637157,99,-7.3004899,-9.1325006,-5.4786267,-4.3007364,-.3351728,3.2737408,-3.2414289,.73978055,-.43783173,-.19095428,1.5051016,,,1
Guyana,1982,GUY,-29.31832133930851,,239.3940762723296,,,,,0,0,0,1,LatAm,,-.21034434,18,,,,,,,,,,,,,,0
Guyana,1987,GUY,,,672.7952725692061,,,,,0,0,1,0,LatAm,,-.21034434,0,,,,,,,,,,,,,,0
Guyana,1993,GUY,-30.87966815506393,,542.6609728999833,,,,,0,1,0,0,LatAm,14.230311,-.21034434,52,,,,,,,,,,,,,,1
Honduras,1981,HND,-7.485357782254922,9.405691261424989,46.51187967173011,10328.83,3.792938,.15484345,.25304228,0,0,0,1,LatAm,1.9795254,-.64603192,16,2.53321,.66848153,4.664412,10.005708,10.383893,10.50069,-1.3912246,-.92434967,4.3456931,4.1882286,.72267765,6.0313907,4.6098614,1
Honduras,1990,HND,-1.044076788032553,23.3225664366467,82.13771240713071,13807.877,4.955328,.10694394,.26040095,0,0,1,0,LatAm,.84056097,-.64603192,48,.096884273,4.3258429,4.6098614,6.0313907,.72267765,4.1882286,3.252032,5.6242948,6.2300363,-1.3032577,4.0799012,3.5784042,4.9937148,1
Haiti,1992,HTI,.3216485890993429,19.358494654122,37.04146264564118,8553.8945,7.3869748,.018407453,.10975591,0,0,1,0,Island,,-1.5824107,0,-5.3109999,1.8821836,1.0381221,-2.9134281,3.1520753,-.74876821,-5.4309392,-11.943676,9.8917227,4.142839,2.7047131,2.1818349,2.7102518,0
Haiti,1994,HTI,-1.079091454676304,39.3316195372752,35.00866329539058,7343.4355,7.674911,.022534911,.088409036,0,1,0,0,Island,1.0784553,-1.5824107,54,-11.943676,-5.4309392,-5.3109999,1.8821836,1.0381221,-2.9134281,9.8917227,4.142839,2.7047131,2.1818349,2.7102518,.86959815,-1.0427752,1
Haiti,2003,HTI,-1.512681397484928,28.6995777887374,46.35033020175678,14066.88,8.976552,.0081283562,.11228643,0,0,1,0,Island,,-1.5824107,0,.36243376,-.25383177,-1.0427752,.86959815,2.7102518,2.1818349,-3.5190148,1.7997884,2.2529933,3.3432806,.94018257,2.9878974,-5.5004797,0
Hungary,1991,HUN,1.16023492880977,34.8175429072704,,117523.48,10.363564,.27882993,1.0824103,0,1,0,0,Europe,4.3861499,.72839707,53,-11.892043,-3.4966567,.7364257,-.065265059,4.051229,1.5349541,-3.0641825,-.57610214,2.9471519,1.4895227,.014157609,3.3401597,4.2358499,1
Hungary,2008,HUN,-6.918494973479715,6.0425125388106,,217913.58,9.9912014,.27408889,1.1699759,0,1,0,0,Europe,10.538442,.72839707,39,.85132003,.42239904,3.8511717,4.3882203,5.0049157,3.8486178,-6.6009984,.65529746,1.6576558,-1.6314014,2.0936382,4.2246594,3.5364232,1
Indonesia,1979,IDN,,16.2327657550178,37.99388553333218,287180,144.64938,.13545868,.18350056,0,0,1,0,Asia,,-.27612796,,6.2506499,7.8457909,8.7665567,6.8798308,4.9800477,7.6410494,9.8770304,7.9326687,2.2397382,8.7750969,6.9747348,2.4627597,5.8755088,0
Indonesia,1997,IDN,-2.266059185213602,6.22614163387585,65.09727448946538,953941.94,203.69846,.1655976,.39045584,0,1,0,0,Asia,5.3180122,-.27612796,128,4.6996412,7.8180161,8.2201414,7.5399637,7.2536488,7.2204971,-13.126525,.79096192,4.9202342,3.6434715,4.4994707,4.7803683,5.0308814,1
India,1993,IND,-.6716179540959337,6.32689048779864,33.15743212981965,1304660.4,924.0578,.14490116,.13388439,0,1,0,0,Asia,,-.038406406,44,4.9549413,5.4204049,.42333105,5.6608915,6.5724549,9.9234791,7.4636307,7.6457534,7.394671,4.4781728,5.9873734,7.1286325,4.0304122,0
"Iran, Islamic Rep.",1985,IRN,-.2641749425628475,4.38934095741537,3.277118757368755,146319.89,47.342701,.18238062,.3137958,0,0,1,0,MidEast,,-.47676939,0,1.8676443,-7.1398487,11.086721,23.17124,-5.696785,-21.599648,-9.7849045,-.1721089,-6.0819926,6.1321158,13.59493,12.716143,3.2979882,0
"Iran, Islamic Rep.",1992,IRN,,25.8077226162332,,220228.66,58.260738,.16867989,.35828489,0,0,0,1,MidEast,,-.47676939,0,3.2979882,12.716143,13.59493,6.1321158,-6.0819926,-.1721089,-1.4710166,-1.6982825,2.4010408,8.1514254,2.0392618,1.9246929,3.1701815,0
"Iran, Islamic Rep.",2000,IRN,11.38863537241605,14.4767513188566,8.037871629246659,503590.5,66.131851,.22608322,.56920165,0,0,1,0,MidEast,,-.47676939,0,4.0868511,3.1701815,1.9246929,2.0392618,8.1514254,2.4010408,2.0095181,7.9968801,8.4056463,3.3574231,3.189821,4.9997859,8.1557827,0
"Iran, Islamic Rep.",2013,IRN,,39.2660234321157,1.486013273737465,1236038.3,77.435387,.20749336,.801305,0,0,1,0,MidEast,,-.47676939,0,-.19407588,-7.4445529,2.6457176,5.7979369,1.0073872,.25084922,4.6034207,-1.32065,13.39625,3.7551916,,,,0
Iceland,1975,ISL,,,,4657.3076,.21807,.14166012,2.2172163,1,0,1,0,Europe,,1.7285683,,.64615607,5.7062902,6.8060126,6.1773329,13.060835,7.4589324,5.9593625,8.8222761,6.0167232,4.8605785,5.7479186,4.2650113,2.1545658,0
Iceland,1981,ISL,-4.216397006128405,51.7932416010108,,6429.7583,.230664,.14125645,2.5901952,1,0,1,0,Europe,,1.7285683,0,4.2650113,5.7479186,4.8605785,6.0167232,8.8222761,5.9593625,2.1545658,-2.1511619,4.1291199,3.2928414,6.2705383,8.5459442,-.089729138,0
Iceland,1989,ISL,-1.795428175705317,20.7581950334485,,7653.0488,.252413,.17245491,2.9328833,1,0,1,0,Europe,,1.7285683,0,.25843614,-.089729138,8.5459442,6.2705383,3.2928414,4.1291199,1.1693718,-.22352394,-3.3738954,1.3134512,3.6088598,.11658362,4.785059,0
Iceland,2008,ISL,-24.22944775231865,12.6943942775878,,16156.79,.310884,.21799181,2.7878346,1,1,1,0,Europe,12.354897,1.7285683,63,1.9919798,9.3653259,5.2488232,6.3299966,8.0422049,2.2681398,-6.7772155,-3.4358745,1.8816065,1.2964516,4.1338491,2.080282,4.467865,1
Israel,1975,ISR,-11.87912243146033,39.3067323775359,,54741.113,3.33676,.52252895,1.7031687,1,0,1,0,MidEast,.25727093,1.2230687,,3.2428226,6.4761658,5.587461,12.146549,10.951075,12.718619,.32250381,1.0352981,5.5550857,6.2078152,1.6704438,5.3399258,2.0825009,1
Israel,1980,ISR,-3.609714317290159,131.025000335282,,60298.02,3.7446671,.41614279,1.4461,1,0,1,0,MidEast,,1.2230687,0,1.6704438,6.2078152,5.5550857,1.0352981,.32250381,3.2428226,5.3399258,2.0825009,3.3591006,.93321323,4.0369439,4.1901455,7.1397095,0
Israel,1983,ISR,-7.641971821816017,145.951530366009,,71239.969,3.9501231,.35423541,1.828769,1,1,0,0,MidEast,,1.2230687,0,3.3591006,2.0825009,5.3399258,1.6704438,6.2078152,5.5550857,.93321323,4.0369439,4.1901455,7.1397095,2.9100151,.57474089,7.3152061,0
Israel,1985,ISR,3.596231710985479,308.7931304484,,72841.719,4.082787,.37845239,1.8114246,1,0,1,0,MidEast,,1.2230687,0,4.0369439,.93321323,3.3591006,2.0825009,5.3399258,1.6704438,4.1901455,7.1397095,2.9100151,.57474089,7.3152061,7.7261119,7.7592659,0
Italy,1981,ITA,-2.416706384186739,17.9692987519672,,1108225.4,56.576504,.15058215,1.8201605,1,0,1,0,Rich,,.5263052,0,.84423006,3.4300191,5.9591532,3.24014,2.5605059,7.1253886,.41358739,1.1691948,3.2258584,2.7980816,2.8599715,3.1919606,4.1943817,0
Italy,2008,ITA,-2.795275100634589,3.34783258401023,,2178288.3,59.502384,.15981837,1.963773,1,1,0,0,Rich,,.5263052,0,-1.0503958,1.4738636,2.0065889,.94966322,1.5819421,.15131591,-5.482059,1.6865239,.57662606,-2.8190184,-1.7281593,.11366952,.92399454,0
Jamaica,1978,JAM,-.8205867495963304,34.8998015240508,56.8764086176424,12074.003,2.105664,.17641746,.56200922,0,0,1,1,Island,9.4689426,.18791036,,.54433221,-2.3788228,-6.457305,-.30567005,-3.8860459,1.2758098,-1.8417321,-5.7268057,2.5589216,1.2262146,2.2857649,-.85474777,-4.6429443,1
Jamaica,1983,JAM,-9.258367140199342,11.5821110844253,105.1167887571008,9268.1768,2.2736659,.14513072,.41334569,0,0,1,0,Island,2.7637999,.18791036,100,2.2857649,1.2262146,2.5589216,-5.7268057,-1.8417321,.54433221,-.85474777,-4.6429443,1.6829132,7.7210455,2.8852203,6.8386874,5.458127,1
Jamaica,1991,JAM,-5.897496261459625,51.0710977304313,126.3500585482533,11742.863,2.4436891,.14405765,.45867434,0,0,1,0,Island,1.4668787,.18791036,64,.87411726,5.458127,6.8386874,2.8852203,7.7210455,1.6829132,10.330941,1.9673811,.89196712,1.0292745,.31371912,-.98428386,-1.2264439,1
Jamaica,1996,JAM,-1.935396308360478,26.4066566074043,57.42441534801846,13902.603,2.5619929,.2290477,.46759275,0,1,0,0,Island,,.18791036,0,.31371912,1.0292745,.89196712,1.9673811,10.330941,.87411726,-.98428386,-1.2264439,.98876071,.69138849,1.2808309,.67488176,3.6663148,0
Jamaica,2010,JAM,-7.075644558650334,12.6095082350193,111.7015905913106,20178.752,2.81721,.22045,.39170784,0,0,0,1,Island,9.4834681,.18791036,89,-1.466231,-4.3365884,-.81168389,1.4442075,2.8990164,.89379537,1.7314314,-.62397772,.49874878,.68274349,.89262122,1.4155905,.97855729,1
Jordan,1989,JOR,9.119088261213596,25.7127192982454,181.7099852673373,14275.229,3.3950231,.33053854,.40673575,0,1,1,1,MidEast,1.8219891,.10139795,30,-10.729217,1.4621695,2.3232703,5.5046358,-2.7069502,4.2916889,-.27590036,1.6085293,14.349773,4.4802403,4.9867535,6.1863241,2.0831518,1
Japan,1997,JPN,2.162211917940721,1.74780458692133,,4308289.5,126.90263,.13605158,2.8305576,1,1,0,0,Rich,,1.4406826,0,1.0765042,3.0999334,2.7421608,.99306482,-.51791638,.84806925,-1.1287481,-.25197384,2.7795858,.40633687,.11799011,1.5282201,2.2046905,0
Kazakhstan,1999,KAZ,-1.013584574083901,8.296027653425639,40.48797619725393,80411.703,15.165574,.24256143,.41925967,0,0,1,0,MidEast,2.6672337,-.45572591,93,2.6862524,-1.8880163,1.7348768,.46483314,-8.2436275,-12.569378,9.8456707,13.546984,9.750123,9.3296738,9.5862589,9.6991014,10.705922,1
Kazakhstan,2008,KAZ,4.683777821754755,17.139899777207,93.53570177664419,254781.77,16.001177,.1424251,.85413545,0,1,0,0,MidEast,,-.45572591,0,3.2853377,8.8895226,10.705922,9.6991014,9.5862589,9.3296738,1.2102287,7.2528958,8.9008408,4.7676654,5.9532285,4.2089715,1.1538904,0
Kazakhstan,2015,KAZ,-3.260292639510474,6.67828585615241,88.49031936266182,387024.69,17.749647,.15255632,1.1005007,0,0,1,0,MidEast,,-.45572591,,1.1538904,4.2089715,5.9532285,4.7676654,8.9008408,7.2528958,1.093024,4.0302625,,,,,,0
Kenya,1985,KEN,-1.874784251018725,13.0065664218827,70.56282860317504,40295.16,19.651224,.26581976,.2081901,0,1,0,0,Africa,1.4100413,-.51176345,32,4.2746825,1.7681775,1.3655685,3.6873202,3.7649167,5.591475,7.167417,5.9230018,6.1975741,4.6950383,4.2120724,1.4076002,-.79317433,1
Kenya,1992,KEN,-2.194560024703056,27.3323644475784,87.82322298851977,49707.715,24.963953,.10780564,.18873008,0,1,0,0,Africa,1.0980234,-.51176345,17,-.79317433,1.4076002,4.2120724,4.6950383,6.1975741,5.9230018,.35978216,2.6289575,4.4051995,4.1449809,.27032137,3.3556669,2.1046579,1
Kyrgyz Republic,1997,KGZ,-7.835161369954083,23.4354278497005,78.73012620288947,11249.886,4.7056379,.36604017,.19932754,0,0,1,0,MidEast,6.0472522,-.68310827,109,9.915246,7.084507,-5.4238219,-20.085159,-15.459328,-13.837841,2.1218359,3.6557932,5.4433317,5.3216276,-.017324615,7.0302882,7.026772,1
Cambodia,1971,KHM,,,.0017538731680752,11045.308,7.1377492,.054560188,.17181629,0,0,1,0,Asia,,-.8379342,,-4.9956985,,,,,,-5.436799,-18.944082,-5.2329388,-1.3495216,0,-14.676411,0,0
"Korea, Rep.",1997,KOR,-1.939271815571349,4.43906376109768,,990107.31,46.202602,.10792105,1.7867079,1,1,0,0,Asia,6.2815123,1.0010242,52,5.9221888,7.5945063,9.5706053,9.2061434,6.8467383,6.1755071,-5.47122,11.308622,8.924427,4.5253029,7.432436,2.9332159,4.899848,1
Kuwait,1982,KWT,23.00187457517956,7.77679842690851,,61768.086,1.511314,.15773781,4.0549545,0,1,0,0,Rich,,.025175022,0,-11.749107,-18.92473,-19.410748,13.899218,7.3547697,-3.8475347,7.9384727,5.2416091,-4.2645936,8.5677128,8.1461535,-10.052618,25.892859,0
Lao PDR,1972,LAO,,,,1936.6482,2.8408411,.21014823,.0744133,0,0,1,0,Asia,,-.77295107,,3.4517264,4.9886985,,,,,8.7297668,3.6427445,6.6714749,2.9559288,-1.9943018,.99495882,-1.9981774,0
Lao PDR,1986,LAO,-6.252666102732602,,49.0149641148773,3930.0654,3.7940431,.23195221,.10873795,0,0,1,0,Asia,,-.77295107,0,4.8851347,5.0699596,7.1673188,4.6850395,7.0837417,15.331809,-1.4257929,-2.0101998,14.190637,6.7045794,4.296566,5.5598521,5.8734264,0
Lao PDR,1997,LAO,-11.79156278393604,27.5088624491449,136.4534358048275,7591.4214,5.056519,.17185622,.12517257,0,0,1,0,Asia,,-.77295107,0,6.9132524,6.8884926,7.4537864,7.7410522,5.8734264,5.5598521,3.9947202,7.2783628,5.8100014,5.7631202,6.8652205,6.2097912,7.0212908,0
Lebanon,1984,LBN,,,,14464.069,2.6672201,.67480421,.54143614,0,0,1,0,MidEast,,-.32909599,0,44.479252,22.709808,-36.78883,.54966563,3.4546475,9.4101191,24.299904,-6.7732549,16.729025,-28.208889,-42.451118,26.533159,38.200706,0
Lebanon,1990,LBN,,,51.63708494007565,10469.172,2.703016,.50725454,.36195263,0,1,1,0,MidEast,,-.32909599,0,26.533159,-42.451118,-28.208889,16.729025,-6.7732549,24.299904,38.200706,4.4999385,6.9979615,8.0031548,6.5349493,5.1365032,-2.2867861,0
Liberia,1980,LBR,,,73.76126558143957,4071.0361,1.888314,.086508632,.19361511,0,0,0,1,Africa,,-1.3996537,28,-6.2870159,4.7732697,5.7546692,.94267732,4.8064084,-3.8757677,-3.8891587,1.7547137,-3.439594,-.58885682,-2.019809,-1.1793907,1.7952058,1
Liberia,1991,LBR,,,,1578.8558,2.060267,.050490789,.073146813,0,1,0,0,Africa,,-1.3996537,0,-14.225206,-51.030865,2.7881563,2.8275855,1.7952058,-1.1793907,-35.085686,-32.975391,-21.762354,-4.2662101,12.12121,106.27982,30.20813,0
Libya,2002,LBY,3.388359218822083,-9.79764705882358,,,,,,0,0,1,0,Africa,,-1.2729282,0,,,,,,,,,,,,,,0
Sri Lanka,1978,LKA,-2.399057980450424,12.141597276466,55.23980291135104,38697.227,14.533376,.078220047,.26097241,0,0,1,0,Asia,9.9954748,-.16973329,,8.6670723,4.1046305,3.7871456,3.3953934,3.9509199,3.5269523,6.0673923,6.1605148,5.5478296,5.1856527,4.7526975,5.051405,5.016696,1
Lesotho,1985,LSO,52.91779381200797,13.3208255159471,34.94317954945848,1856.8092,1.472192,.19057515,.1280559,0,0,1,0,Africa,,-.3847304,0,9.375001,2.6239061,-8.5942736,3.5886853,.97561044,-2.7447791,1.9805174,5.0939236,10.597708,8.096384,6.4378924,4.109446,4.46523,0
Lesotho,2015,LSO,-3.092810371109716,3.17186061878882,31.84623442705927,6528.1367,2.1746449,.29871237,.15151034,0,0,1,0,Africa,,-.3847304,,2.5165939,3.1217122,1.8428403,5.9982934,6.9013343,6.0720305,2.397151,-1.5619344,,,,,,0
Lithuania,1992,LTU,,,,36062.895,3.6881001,.32081875,.92680538,1,0,1,0,Rich,,.7463249,74,-21.258966,-5.675662,,,,,-16.226862,-9.7660542,3.2900784,5.1499581,8.2932329,7.4671664,-1.1346432,1
Luxembourg,2008,LUX,7.798242655437234,3.40187963025566,,43228.168,.48510501,.16362354,4.7801485,1,1,0,0,Rich,,1.7723917,0,-1.2795897,8.3545523,5.1784925,3.1724427,3.6121736,1.6292835,-4.3586063,4.8649688,2.5392387,-.35252184,3.6543722,4.2967834,3.9159665,0
Latvia,1992,LVA,,951.696194870801,,26802.08,2.6202459,.36373124,.96952075,1,0,1,0,Europe,,.69526178,54,-34.858837,-10.412539,,,,,-14.868682,.64592946,-1.0987438,2.3540189,8.9929218,6.5332379,2.6214769,1
Latvia,1995,LVA,-.2792496705926179,24.975935531675,,20582.85,2.5084729,.43475583,.73823512,1,1,0,0,Europe,.71941,.69526178,86,-1.0987438,.64592946,-14.868682,-34.858837,-10.412539,,2.3540189,8.9929218,6.5332379,2.6214769,5.5311871,6.4613085,7.1026945,1
Latvia,2008,LVA,-12.59338676052166,15.4023191064986,,43901.086,2.171881,.28107524,1.0843003,1,1,0,0,Europe,6.7545753,.69526178,62,-3.547612,9.9792309,12.054515,10.697421,8.3350124,8.4312887,-14.401627,-3.9408119,6.3809028,4.0345907,2.4299264,1.8583962,2.9716032,1
Morocco,1980,MAR,-6.473713434700831,9.408379474379551,45.68664341218361,53250.164,20.019848,.27346805,.23887388,0,1,0,0,MidEast,4.8518133,-.12556395,32,4.2258039,4.8005457,2.246803,6.0483856,10.804225,7.5578909,-2.7669127,9.6196651,-.55718184,4.3295593,6.3224673,8.1046944,-2.4848609,1
Morocco,1983,MAR,-5.450245562730522,6.20793538870313,83.07868841417873,63261.707,21.528502,.28148916,.29797021,0,0,0,1,MidEast,1.9733565,-.12556395,56,-.55718184,9.6196651,-2.7669127,4.2258039,4.8005457,2.246803,4.3295593,6.3224673,8.1046944,-2.4848609,10.541213,2.482512,3.883502,1
Moldova,1999,MDA,-5.797829527022322,39.2559806891746,99.26703161590902,7572.3779,4.2242732,.25024521,.14174344,0,0,1,0,Europe,11.349051,-.59329057,145,-3.368238,-6.5421762,1.6470758,-5.8770747,-1.3752853,-30.919159,2.1077151,6.1414256,7.8096366,6.6233625,7.3632741,7.5013981,4.784657,1
Moldova,2002,MDA,-1.191466092755151,5.30124390261599,110.9086845791127,8734.7168,4.1766162,.172011,.15444463,0,0,0,1,Europe,,-.59329057,77,7.8096366,6.1414256,2.1077151,-3.368238,-6.5421762,1.6470758,6.6233625,7.3632741,7.5013981,4.784657,2.9984286,7.8375845,-5.9895906,0
Madagascar,1981,MDG,-10.09293111308992,30.5381774327712,45.59641065168199,11817.879,8.9713449,.46728003,.12240514,0,0,0,1,Africa,3.5753276,-.80920458,52,-8.645113,.80556303,9.811018,-2.623338,2.3647287,-3.069149,-1.8290207,.81004083,1.7046832,1.1558721,1.9591039,1.1780893,3.4034193,1
Madagascar,1984,MDG,-6.575967882934542,9.856620954338879,76.47109023337005,13174.94,9.7808723,.44105312,.13448897,0,0,1,0,Africa,1.1507229,-.80920458,58,1.7046832,.81004083,-1.8290207,-8.645113,.80556303,9.811018,1.1558721,1.9591039,1.1780893,3.4034193,4.0788884,3.1300268,-6.3095288,1
Madagascar,1988,MDG,-6.141055063420343,26.8537971413812,161.7731200257269,15293.985,10.952395,.2935895,.13957635,0,1,0,0,Africa,.73179102,-.80920458,83,3.4034193,1.1780893,1.9591039,1.1558721,1.7046832,.81004083,4.0788884,3.1300268,-6.3095288,1.1861491,2.0965576,-.071607187,1.7122175,1
Maldives,1975,MDV,,,,201.42223,.136519,.16494843,.15317339,0,0,1,0,Island,,-.032802548,,-7.988986,5.7281604,1.5779047,2.4242444,5.2072253,,.59880954,11.252346,14.684728,10.664207,18.572851,11.764716,-3.0122135,0
Mexico,1977,MEX,,29.0641247103462,39.43228076292707,635637.38,64.345886,.067974716,.95862049,0,0,1,0,LatAm,.73920768,.18174872,,3.4645665,4.0983663,5.7192369,6.0661759,8.3665323,8.4233217,8.3713837,9.1292162,8.3655033,8.7940331,-.7070688,-4.295855,3.5995717,1
Mexico,1994,MEX,-5.619811679089305,6.96581237191123,27.15966492895749,1243140.3,92.349144,.10467517,1.2438213,0,1,0,0,LatAm,5.0852594,.18174872,56,4.9410758,3.5539057,3.6286607,4.2222447,5.0683179,4.1982856,-6.2912226,6.7732544,6.8468518,5.1639252,2.7535577,4.9424524,-.40439206,1
Mali,1987,MLI,-10.21425836558287,,98.96534548492238,6331.4292,8.0677576,.42967218,.079829141,0,1,0,0,Africa,2.9901361,-.84390533,30,-2.3569589,16.119291,8.4988718,.68041283,-5.1808429,6.2305298,.24971375,7.489202,2.4100146,14.64912,-1.7910403,4.5154228,7.1483779,1
Myanmar,1990,MMR,,17.6267750314504,,32744.146,40.626251,.2737411,.075320803,0,0,1,0,Asia,,-1.358637,0,2.8169243,3.6953022,-11.35244,-4.00563,-1.0573481,2.8509915,-.65061241,9.6609459,6.0394082,7.4779558,6.9480457,6.4427271,5.6515808,0
Myanmar,1996,MMR,,16.2753966377374,,42578.883,43.793308,.21886376,.083779171,0,0,1,0,Asia,,-1.358637,0,6.4427271,6.9480457,7.4779558,6.0394082,9.6609459,-.65061241,5.6515808,4.9535694,10.945134,13.745926,11.344086,12.025522,13.843996,0
Myanmar,2001,MMR,-2.346359947422586,21.1013053769229,94.0618975332747,56427.621,46.627995,.22005466,.090455472,0,0,1,0,Asia,,-1.358637,0,11.344086,13.745926,10.945134,4.9535694,5.6515808,6.4427271,12.025522,13.843996,13.564667,13.568964,13.075785,11.991443,10.255299,0
Myanmar,2007,MMR,6.841285596085048,35.0245970717698,39.94461135856844,116869.91,49.171585,.16635427,.13223836,0,0,1,0,Asia,,-1.358637,0,11.991443,13.075785,13.568964,13.564667,13.843996,12.025522,10.255299,10.550004,10.157612,5.5914822,7.3326716,8.4259996,7.9909143,0
Myanmar,2012,MMR,-2.101589987729259,1.46758322674671,19.94002022851583,217841.67,50.986515,.19744264,.21701908,0,0,1,0,Asia,,-1.358637,0,7.3326716,5.5914822,10.157612,10.550004,10.255299,11.991443,8.4259996,7.9909143,6.992846,5.8919921,6.8415461,,,0
Mongolia,1990,MNG,-24.1738310890104,,1.008003219754557,7240.0737,2.184145,.62393492,.30977729,0,0,1,0,Asia,1.293955,-.40484515,12,-2.5164053,4.1803498,5.1048927,3.5419409,9.4263268,5.6791816,-9.2468014,-9.4976854,-3.0031199,2.3000979,6.3120174,2.3529193,3.998354,1
Mongolia,1997,MNG,5.756459575531903,36.5561148948773,51.8599222038608,5646.7114,2.335695,.20699219,.20156597,0,0,1,0,Asia,3.8905809,-.40484515,105,3.998354,2.3529193,6.3120174,2.3000979,-3.0031199,-9.4976854,3.5324123,3.2157004,1.0562667,2.9527094,4.7331071,7.0046563,10.625157,1
Mongolia,2008,MNG,-12.28375713027328,27.966472303207,40.06744058651854,17499.279,2.6281309,.25547427,.35717699,0,1,0,0,Asia,5.1536574,-.40484515,74,8.9003038,10.247938,8.5562248,7.2539172,10.625157,7.0046563,-1.2686867,6.365386,17.290979,12.319548,11.649058,7.8853359,2.3794904,1
Mozambique,1984,MOZ,,,39.67622249333636,8025.8525,12.85378,.12192557,.06234131,0,0,0,1,Africa,,-.58257008,0,3.0303013,-13.157888,-3.7974756,1.2820505,4.2279363,3.0748491,-8.8235302,1.6129084,4.7619019,4.5454521,6.5000029,.99999136,4.8999972,0
Mozambique,1987,MOZ,,,181.828652694722,6764.752,13.020861,.099245742,.052847531,0,1,1,0,Africa,2.3454397,-.58257008,23,4.7619019,1.6129084,-8.8235302,3.0303013,-13.157888,-3.7974756,4.5454521,6.5000029,.99999136,4.8999972,-5.2313251,8.7671356,6.1588683,1
Mozambique,2015,MOZ,-40.32763542015001,,95.5961396212761,34725.75,28.010691,.16176489,.062570445,0,0,1,0,Africa,1.9332539,-.58257008,,6.5939064,7.4441452,7.1413159,7.1982403,7.1177344,6.687623,3.7633867,3.7368309,,,,,,1
Mauritania,1984,MRT,-15.22749163311955,,192.0527150975415,3462.1882,1.720812,.22604926,.20087822,0,1,0,0,Africa,1.7833909,-.63604891,58,-2.1336803,2.4893167,-7.6408386,3.9845388,.70068604,10.014495,3.3522308,5.8109784,2.3120341,1.2183677,3.6915011,-1.0387626,2.8591554,1
Malawi,1982,MWI,-9.465036661543877,9.821162444320819,77.91194537478263,7960.6519,6.4844518,.23631673,.1218013,0,0,0,1,Africa,2.058136,-.5738346,34,1.4430797,-10.809197,9.3717451,3.3265984,8.315094,4.3379016,4.2149558,3.9181058,4.7068796,2.0327597,-.99044275,3.2884908,4.0632324,1
Malawi,1994,MWI,-15.28870636445556,34.6496361508323,177.5038839082434,10385.731,9.7969761,.13165927,.097952552,0,0,1,0,Africa,1.8171815,-.5738346,82,-11.588825,10.769397,-7.9181719,7.8006983,4.7710748,4.0632324,9.0221615,9.672451,3.7924185,1.2023504,1.2398756,1.5795708,-4.7951808,1
Malawi,2012,MWI,-12.35251560486693,21.271265001378,22.71676033408641,15649.3,16.097305,.076863296,.049380329,0,0,1,0,Africa,3.5265601,-.5738346,77,-.60377407,6.2487888,5.4710913,8.3281269,7.6396894,9.5999947,6.2573481,6.2134404,3.2595868,2.6972392,5.0792475,,,1
Malaysia,1997,MYS,-5.934935544360929,2.66251459711942,,285129.44,21.565325,.13334779,1.1023608,0,1,0,0,Asia,,1.0105685,0,7.3227425,10.002699,9.8290901,9.2120419,9.8949413,8.8851242,-7.3594189,6.1376147,8.8588667,.51767004,5.3909945,5.7885013,6.7834363,0
Namibia,1984,NAM,,,,6363.7036,1.111132,.16081409,.57182074,0,0,1,0,Africa,,.15062898,,-.23689143,-1.8234478,-.39809036,.97144639,6.650877,3.7958486,.4641667,4.7672749,3.5537701,.81314528,1.8586733,2.0474617,8.1656075,0
Namibia,2015,NAM,-13.69249726713477,3.39566065540328,,27360.154,2.425561,.2191378,.56930864,0,0,1,0,Africa,,.15062898,,6.1067276,6.3516679,5.6149325,5.0614824,5.0912266,6.0393639,.70009571,-.77033055,,,,,,0
New Caledonia,1981,NCL,,,,,,,,0,0,1,0,Rich,,,0,,,,,,,,,,,,,,0
Niger,1983,NER,-3.429340371643564,-2.48960568671487,55.16621339769819,7583.1982,6.5298939,.24031462,.11775844,0,1,0,1,Africa,1.0671598,-.76110137,42,-4.7509432,1.6231037,.60891569,-2.232446,7.1469913,13.472619,-16.825356,7.7225509,-1.8416116,-1.3779273,6.097168,-.72426885,-.76533312,1
Niger,1994,NER,-8.069823792289691,36.0410583134242,100.6430876982284,6680.3379,9.151763,.21107961,.067447275,0,0,1,0,Africa,1.7031581,-.76110137,56,2.6737425,.93023694,.20796311,.36271226,-.76533312,-.72426885,3.2845552,5.0892448,.4961431,12.711987,.99381447,-2.583533,7.5178647,1
Nigeria,1983,NGA,-4.46140983299636,23.2123315511559,18.22993086586729,396048.69,79.46228,.57451153,.50539774,0,0,1,1,Africa,,-1.0271187,0,-6.6250544,-1.7230344,-.9010908,2.2168586,-2.7563643,-2.898792,-1.3569103,11.334655,1.8857398,-.69340384,7.5831347,7.1461744,11.357616,0
Nigeria,1989,NGA,2.476001513844086,50.4666881235915,71.86096861500425,85181.023,92.844353,.049918979,.088748157,0,0,1,0,Africa,1.3836139,-1.0271187,56,7.1461744,7.5831347,-.69340384,1.8857398,11.334655,-1.3569103,11.357616,.011705304,2.6302223,1.5570734,.78472853,2.1486497,4.1321483,1
Nigeria,1991,NGA,2.448287959440061,13.0069731037428,71.85022084342266,68087.906,97.726326,.048223123,.06650202,0,1,0,0,Africa,.88854742,-1.0271187,48,.011705304,11.357616,7.1461744,7.5831347,-.69340384,1.8857398,2.6302223,1.5570734,.78472853,2.1486497,4.1321483,2.8900313,2.8153634,1
Nigeria,1997,NGA,.3089349901582797,8.52987421383634,54.5128729555879,49652.852,113.52271,.054089762,.03646693,0,0,1,0,Africa,,-1.0271187,0,2.8900313,4.1321483,2.1486497,.78472853,1.5570734,2.6302223,2.8153634,.4742392,5.318089,4.411067,21.347471,10.232947,10.479488,0
Nigeria,2009,NGA,4.751082114829537,11.5376727473054,5.748672944451371,745791.44,154.40218,.1038546,.27720273,0,1,0,0,Africa,,-1.0271187,0,6.9344134,6.2702608,6.4498358,6.0310192,6.5119319,10.479488,7.8397431,4.8873906,4.279274,5.3944168,6.3097191,2.6526916,-1.6168674,0
Nigeria,2016,NGA,.670596860349573,15.6753405526234,7.750488662832174,825143.88,185.98964,.070254184,.22229901,0,0,1,0,Africa,,-1.0271187,,-1.6168674,2.6526916,6.3097191,5.3944168,4.279274,4.8873906,.81454849,,,,,,,0
Nicaragua,1979,NIC,11.79433119382679,,116.2018781769034,12725.002,3.1573551,.10729972,.37250683,0,0,1,0,LatAm,2.8751574,-.79134011,,-26.47879,-7.1536384,6.2840691,5.0435996,2.19684,12.705863,4.6117363,5.3632922,-.81636363,4.6132121,-1.5660975,-4.0818481,-1.0173097,1
Nicaragua,1985,NIC,-28.72402269930929,,233.8038425313669,17646,3.7090909,.22704586,.48303166,0,0,1,0,LatAm,,-.79134011,0,-4.0818481,-1.5660975,4.6132121,-.81636363,5.3632922,4.6117363,-1.0173097,-.70635068,-12.449922,-1.7379433,-.052397009,-.18960212,.3866359,0
Nicaragua,1990,NIC,-30.23412174944525,,1111.269877062629,12224.646,4.1445651,.22107859,.27564201,0,1,1,0,LatAm,3.7548726,-.79134011,32,-.052397009,-1.7379433,-12.449922,-.70635068,-1.0173097,-4.0818481,-.18960212,.3866359,-.39058271,3.3357236,5.9126339,6.3455281,3.9666479,1
Netherlands,2008,NLD,4.109267048892015,2.48650198289454,,789878.56,16.568733,.20340002,2.5572979,1,1,0,0,Rich,,1.8698956,0,1.6990571,3.6984758,3.5186391,2.1603651,2.0307052,.28392127,-3.7675817,1.4026614,1.6636243,-1.0570381,-.19033545,1.4196945,2.2607546,0
Norway,1991,NOR,4.124615654717915,3.43819599109133,,113858.95,4.2694712,.16830726,2.5454788,1,1,0,0,Rich,,1.9051074,0,3.0846722,1.9324416,1.0382832,-.25535437,1.7533803,4.0423222,3.5744064,2.8453119,5.0554576,4.1539431,5.027998,5.2846165,2.6244586,0
Nepal,1984,NPL,-3.687012193108032,2.84578495716263,17.93780531807201,13506.273,16.347242,.26421508,.08249101,0,0,1,0,Asia,.72277158,-.78042293,0,9.6812344,-2.9780102,3.7801323,8.3413963,-2.3204582,2.3700795,6.144999,4.5656581,1.695614,7.6988254,4.3276954,4.6350374,6.3664312,1
Nepal,1992,NPL,-5.330988052465923,17.149523624344,52.66668473494437,20467.658,19.773771,.19949184,.098109104,0,0,1,0,Asia,1.3900656,-.78042293,71,4.1080837,6.3664312,4.6350374,4.3276954,7.6988254,1.695614,3.8467484,8.219245,3.4684443,5.3376927,5.2604008,2.9425504,4.483716,1
New Zealand,1984,NZL,,6.17125347924443,,60353.543,3.243036,.19653781,1.8580892,1,0,1,0,Rich,,1.7764407,0,4.7930007,3.4921839,.93011576,4.6546659,1.2842773,2.1918082,1.6146698,2.7057929,-4.3110981,2.0040269,.52592266,.6496374,-1.6425411,0
Pakistan,1972,PAK,,5.18323764549142,43.49454155673496,110204.95,61.338261,.17178108,.19611752,0,0,1,0,MidEast,1.1662956,-.61259228,,1.4550004,1.5504524,11.24349,7.6662154,5.5167809,4.1439118,6.552907,5.3198919,3.2300334,4.6065283,3.7995927,8.0025148,4.8054972,1
Panama,1983,PAN,3.35429081404249,2.10284124368167,,13821.239,2.1219389,.23024261,.66048026,0,0,0,1,Rich,2.7068911,.14214627,32,-1.5236855,3.8527663,8.9230299,15.214646,4.4855843,9.8051186,2.1527126,5.0778408,4.4631467,3.0232949,-10.138927,1.5622458,8.0989914,1
Panama,1988,PAN,12.22135306540301,.359220844928173,,14503.768,2.368618,.24222772,.61204886,0,1,0,0,Rich,,.14214627,0,-10.138927,3.0232949,4.4631467,5.0778408,2.1527126,-1.5236855,1.5622458,8.0989914,9.4190044,8.2016792,5.4557471,2.8501494,1.7516774,0
Peru,1976,PER,,33.4832756634567,50.67769599414945,62154.453,15.639901,.22069563,.39440376,0,0,1,0,LatAm,.71870202,-.27165607,,1.4471109,4.3008595,9.386837,6.2769327,3.4775364,4.5905371,.34906292,-2.6425037,4.0907445,5.9433432,5.5520406,-.22272263,-10.408083,1
Peru,1978,PER,-1.543721206952826,57.8487826251505,82.36481764677123,61463.359,16.491083,.22811805,.3652989,0,0,0,1,LatAm,1.8435766,-.27165607,,-2.6425037,.34906292,1.4471109,4.3008595,9.386837,6.2769327,4.0907445,5.9433432,5.5520406,-.22272263,-10.408083,3.6082854,2.061136,1
Peru,1981,PER,-7.980745331786205,75.4332687576064,42.16987777744479,73544.688,17.792549,.2151102,.38408807,0,0,1,0,LatAm,3.2927458,-.27165607,30,5.5520406,5.9433432,4.0907445,-2.6425037,.34906292,1.4471109,-.22272263,-10.408083,3.6082854,2.061136,9.4259653,9.7261429,-9.4412708,1
Peru,1983,PER,-5.027221251623865,111.150635209158,70.63238971444747,69098.75,18.660439,.24276629,.37548631,0,1,0,0,LatAm,1.4560083,-.27165607,56,-10.408083,-.22272263,5.5520406,5.9433432,4.0907445,-2.6425037,3.6082854,2.061136,9.4259653,9.7261429,-9.4412708,-12.312049,-4.9825602,1
Peru,1988,PER,-11.77979069739839,667.019328585961,131.3499439182513,88709.195,20.909895,.21103638,.42405003,0,0,1,0,LatAm,,-.27165607,0,-9.4412708,9.7261429,9.4259653,2.061136,3.6082854,-10.408083,-12.312049,-4.9825602,2.2192576,-.54050297,5.2435679,12.308372,7.4113903,0
Philippines,1983,PHL,-8.343324482425077,10.0293565620481,74.83376971236505,160954.48,51.455032,.17586023,.31719109,0,1,1,1,Asia,1.0138878,-.021372635,34,1.8746202,3.6193261,3.4232697,5.1487293,5.6404362,5.1719322,-7.3236852,-7.3066082,3.4167848,4.3116302,6.7525506,6.2053089,3.0369658,1
Philippines,1997,PHL,-5.283914106273306,5.59025939650602,58.26565355104775,334278.78,73.064766,.18927406,.38145083,0,1,0,0,Asia,,-.021372635,64,5.1853604,5.8458719,4.6786904,4.3876262,2.1163044,.33760694,-.57671607,3.0819156,4.4112163,2.8939865,3.6459048,4.9703665,6.6976271,0
Papua New Guinea,1995,PNG,14.53314560327021,17.280932681459,57.33620757081989,,,,,0,0,1,0,Asia,2.3389773,-.64168406,92,,,,,,,,,,,,,,1
Poland,1981,POL,,19.1271820448877,,208463.5,35.87373,.22951651,.53997195,0,0,0,1,Rich,,.60160446,0,-9.9712811,-6.0000172,3.8471339,5.40026,7.0863585,7.9255948,-4.7669673,5.5638299,5.6407542,3.6375754,4.2253499,1.9578679,4.1327434,0
Poland,1992,POL,-3.290329703111389,46.0985621037432,,312866.72,38.191776,.26848713,.7764619,0,1,0,0,Rich,.69201785,.60160446,48,2.514977,-7.0155783,-11.546462,.16035314,4.1327434,1.9578679,3.7383134,5.292798,6.9518604,6.0565724,6.4593587,4.6147838,4.6420321,1
Portugal,1983,PRT,-5.991851451683971,24.0027623802917,,96188.977,9.9584169,.21122047,.97944665,1,0,1,0,Europe,1.7461938,1.1077012,40,-.17311215,2.135371,1.6181096,4.5893359,5.6389441,2.8159604,-1.8799808,2.8074419,4.1409492,6.3813925,7.48911,6.4406371,3.9505298,1
Portugal,2008,PRT,-12.19376587590194,2.58850657657964,,290331.5,10.652099,.20653377,1.4620738,1,1,0,0,Europe,,1.1077012,0,.19926712,2.4920027,1.5530547,.76678991,1.8115827,-.93420696,-2.9780996,1.8986872,-1.8268508,-4.0282564,-1.1301558,.89318705,1.8220638,0
Paraguay,1982,PRY,-6.915879735156843,5.12006543713196,,11945.594,3.366719,.15257075,.35202822,0,0,0,1,LatAm,,-.90222234,0,-.98352885,8.7156763,11.441227,11.356965,11.350108,10.933916,-2.9999769,3.0740206,3.9695642,.0084837675,4.3275971,6.3580341,5.7977667,0
Paraguay,1984,PRY,-7.049475222811238,20.3114625460255,,11953.432,3.5677519,.12954256,.33451343,0,0,1,0,LatAm,,-.90222234,0,3.0740206,-2.9999769,-.98352885,8.7156763,11.441227,11.356965,3.9695642,.0084837675,4.3275971,6.3580341,5.7977667,3.0924935,2.4685214,0
Paraguay,1989,PRY,5.372307419946522,26.4221267235586,,14883.631,4.1039109,.11635919,.35081887,0,0,1,0,LatAm,,-.90222234,0,5.7977667,6.3580341,4.3275971,.0084837675,3.9695642,3.0740206,3.0924935,2.4685214,1.8000226,4.1418877,3.094177,5.4383192,.41606712,0
Paraguay,1995,PRY,-2.398913877663246,13.4254143646407,32.05432012409099,18987.797,4.76085,.093056761,.35882995,0,1,0,0,LatAm,,-.90222234,0,5.4383192,3.094177,4.1418877,1.8000226,2.4685214,3.0924935,.41606712,2.9861407,.58962053,-1.4964468,-3.3253956,2.0504069,15.028564,0
Paraguay,2002,PRY,8.613075886786742,10.5102420856612,51.12075252778039,25459.328,5.5086112,.056122769,.34131342,0,0,1,0,LatAm,.91048503,-.90222234,34,15.028564,2.0504069,-3.3253956,-1.4964468,.58962053,2.9861407,4.3207436,4.0574207,2.1334851,4.807117,5.4216218,6.3591232,-3.9656899,1
Romania,1996,ROU,-6.960486314181089,38.8293013382852,23.08017729799757,176737.28,22.804165,.26722908,.66782635,0,0,1,0,Europe,1.1661842,-.25356176,145,3.8698158,7.1382151,3.9319417,1.5288315,-8.7672243,-12.923184,-4.815804,-2.0873663,-.40141073,2.395093,5.5920186,5.184175,5.5244713,1
Romania,1998,ROU,-6.996190522512884,59.0965827541167,24.53548235441404,165073.25,22.458076,.23869953,.60186803,0,1,0,0,Europe,1.5212368,-.25356176,133,-2.0873663,-4.815804,3.8698158,7.1382151,3.9319417,1.5288315,-.40141073,2.395093,5.5920186,5.184175,5.5244713,8.3587837,4.1716933,1
Russian Federation,1998,RUS,.026225709921156,27.6856798076743,67.80195540553092,1258016.8,147.381,.32284006,.69894344,0,1,1,1,Europe,1.9986849,-.3757759,247,-5.3448625,1.3811431,-3.6077638,-4.099998,-12.699998,-8.7000046,6.3511028,10.045655,5.0911183,4.7437763,7.2958565,7.1759562,6.376184,1
Russian Federation,2008,RUS,6.25797790658799,14.1107677840442,25.97188515890078,3055051,143.08319,.24408664,1.1453551,0,1,0,0,Europe,,-.3757759,0,5.2479482,8.5350847,8.15343,6.376184,7.1759562,7.2958565,-7.8208842,4.5037251,4.2641773,3.6559005,1.7853597,.6999554,-2.5000339,0
Russian Federation,2014,RUS,2.791903023424237,7.8201697001385,27.59019627990064,3705777.5,143.76138,.18843009,1.2878337,0,0,1,0,Europe,,-.3757759,,.6999554,1.7853597,3.6559005,4.2641773,4.5037251,-7.8208842,-2.5000339,-.19995561,1.5455898,,,,,0
Rwanda,1991,RWA,,19.6371658148374,42.61277402213124,6773.5249,7.0517588,.36610931,.091684036,0,0,1,0,Africa,2.1943674,-.29914072,47,-3.6522965,-2.3992877,3.2499282,.038511112,.13771893,4.5077667,6.6464739,-8.6275282,-48.81237,33.522614,14.880431,14.336972,9.2033358,1
Sudan,1979,SDN,-2.838978810313178,31.1384550107529,45.5703886375192,21362.842,14.002303,.067414567,.14101306,0,0,0,1,Africa,6.1079588,-1.3133783,,-5.0185995,-5.9309874,6.2238517,16.665215,15.713469,11.445287,1.524314,7.4375658,2.0610445,-5.0089016,-6.2810416,5.413805,14.220894,1
Sudan,1981,SDN,-6.437588536647451,24.5757243336575,64.20309840476807,24353.025,15.02727,.062125158,.15058805,0,0,1,0,Africa,2.3657291,-1.3133783,34,7.4375658,1.524314,-5.0185995,-5.9309874,6.2238517,16.665215,2.0610445,-5.0089016,-6.2810416,5.413805,14.220894,-.33109838,8.931385,1
Sudan,1988,SDN,-2.324646953323456,64.7005631001051,77.83746443204379,30408.02,18.86632,.056922168,.1611021,0,0,1,0,Africa,,-1.3133783,0,8.931385,-.33109838,14.220894,5.413805,-6.2810416,-5.0089016,-5.470047,7.5109143,6.577867,4.5687356,1.0062282,5.9971004,5.9970856,0
Sudan,1993,SDN,-2.276681755230257,101.380423763813,199.1204108183213,30782.553,22.535936,.10563444,.12952709,0,0,1,0,Africa,,-1.3133783,0,1.0062282,4.5687356,6.577867,7.5109143,-5.470047,8.931385,5.9971004,5.9970856,5.9191308,6.0574427,8.2416496,4.2352018,8.3862753,0
Sudan,2012,SDN,-9.187527717605624,35.5652488678551,34.96160507428864,139166.78,35.990192,.10371537,.19641005,0,0,1,0,Africa,,-1.3133783,0,-2.2,-.30000237,8.7881041,8.8922396,2.181493,5.7683463,2.1999989,3.2000036,2.9999974,3.5000043,3.1999979,,,0
Senegal,1981,SEN,-11.47579773757163,5.91319372031626,42.7038978476987,11517.035,5.7503381,.34104013,.18610798,0,0,0,1,Africa,1.8471557,-.30254212,30,-1.1863481,-3.2918591,9.6382961,-6.2448325,-2.6961792,8.9195738,15.339859,2.177918,-4.0043855,3.7795908,4.5543933,3.9948869,5.0567813,1
Senegal,1988,SEN,-6.410666814323927,-1.82668225079298,63.89571343829472,18974.166,7.107976,.22966503,.26681918,0,1,0,0,Africa,3.0806892,-.30254212,60,5.0567813,3.9948869,4.5543933,3.7795908,-4.0043855,2.177918,-1.4047577,3.9041772,-.3965905,2.213522,-2.2184098,2.8696868,4.7259569,1
Senegal,1994,SEN,-3.819203905539312,32.2936668569551,77.58194166083997,19154.23,8.5121727,.14943311,.20791939,0,0,1,0,Africa,5.2021608,-.30254212,87,2.8696868,-2.2184098,2.213522,-.3965905,3.9041772,-1.4047577,4.7259569,5.2209344,3.1240327,5.8986769,11.123562,-1.2368301,4.580914,1
Sierra Leone,1977,SLE,-7.136364767104844,,43.3636840335549,3843.5295,3.1348,.33700147,.11898123,0,0,0,1,Africa,1.5223172,-1.2346718,,.84950948,-.72289234,0,3.4912694,3.4838748,.91146266,3.8507836,5.0984964,2.8665936,3.9657011,1.7525767,-.10131976,4.3610549,1
Sierra Leone,1983,SLE,-1.769628331151735,,67.34065477952549,4337.3354,3.6087511,.29596782,.12187422,0,0,1,0,Africa,4.7316632,-1.2346718,38,-.10131976,1.7525767,3.9657011,2.8665936,5.0984964,3.8507836,4.3610549,2.3291955,1.4598528,4.0350332,2.4654281,3.3939724,3.6420393,1
Sierra Leone,1989,SLE,-6.403397039078864,,123.2221272552869,5595.0986,4.2494678,.14998427,.12736356,0,0,1,0,Africa,,-1.2346718,0,3.3939724,2.4654281,4.0350332,1.4598528,2.3291955,4.3610549,3.6420393,-7.9924974,-9.6462994,.054304916,3.4999962,-10.025002,-24.786667,0
Sierra Leone,1998,SLE,-4.943038821940641,,206.1984081762398,4643.0635,4.3536458,.091495059,.087327018,0,0,1,0,Africa,,-1.2346718,0,-.83743334,-17.595865,-24.786667,-10.025002,3.4999962,.054304916,-8.1217775,3.8072824,18.169937,26.417324,9.3131142,6.5979514,4.5050955,0
El Salvador,1986,SLV,3.098246275277655,31.9350161472763,53.49687357086662,12594.479,4.9889431,.23032115,.26500571,0,0,1,0,LatAm,,-.2780458,0,.63459784,1.975479,2.2996476,.77247423,-5.6015892,-8.2699909,2.6883502,1.6160387,1.0496116,3.3994331,3.5764129,7.5433402,7.3695254,0
El Salvador,1989,SLV,-4.44717349577913,17.6340799385345,51.08688011943614,13349.205,5.1859431,.22668701,.24900018,0,1,0,0,LatAm,1.0025927,-.2780458,28,1.0496116,1.6160387,2.6883502,.63459784,1.975479,2.2996476,3.3994331,3.5764129,7.5433402,7.3695254,6.0503631,6.3965755,1.7055901,1
Serbia,2000,SRB,,71.1206287946541,176.9591769954869,51462.586,7.516346,.23506145,.51178098,0,0,1,0,Europe,2.07552,-.24414589,107,7.7590203,-12.146589,2.43046,7.1848292,2.4261596,5.6870589,4.9930143,7.1158781,4.4150748,9.0465126,5.5404878,4.9045491,5.8886271,1
South Sudan,2015,SSD,-4.042118381165919,52.8146520738376,,,,,,0,0,1,0,Africa,,-2.083009,,,,,,,,,,,,,,,0
Sao Tome and Principe,1992,STP,,,,191.66158,.118816,.15553506,.15289411,0,1,1,0,Island,,-.66073573,0,.69999242,1.2010112,-2.152653,3.1353178,1.9987352,-2.9301198,1.0999992,2.200006,2.0000029,1.4999967,.996324,2.4999807,2.5000095,0
Sao Tome and Principe,1997,STP,,35.81717824448,,197.72202,.131107,.16278185,.1257381,0,0,1,0,Island,,-.66073573,0,.996324,1.4999967,2.0000029,2.200006,1.0999992,.69999242,2.4999807,2.5000095,.44837046,3.0644858,2.0030637,6.9640317,3.8322253,0
Suriname,1990,SUR,,21.7399443397526,,2598.5105,.40747201,.22347002,.59595674,0,0,1,0,LatAm,,-.24136236,0,-3.9215665,4.5253296,8.6625032,-7.3395348,-1.7218271,13.96302,2.7434728,.37593713,-6.7020316,3.3899806,.0084854811,1.0374628,5.7393427,0
Suriname,1995,SUR,,235.558815073605,,2467.8464,.44372401,.24901043,.50038445,0,0,1,0,LatAm,,-.24136236,0,.0084854811,3.3899806,-6.7020316,.37593713,2.7434728,-3.9215665,1.0374628,5.7393427,2.3304009,-1.403707,2.0648308,4.187253,2.7771454,0
Suriname,2001,SUR,,38.5862878872612,,3514.6267,.47773999,.163846,.54989207,0,0,1,0,LatAm,,-.24136236,0,4.187253,2.0648308,-1.403707,2.3304009,5.7393427,1.0374628,2.7771454,6.2829504,7.9991808,3.9234474,5.7642655,5.0989456,4.1493311,0
Suriname,2016,SUR,-5.358023270388513,,,7648.3369,.55836803,.212524,.68634599,0,0,1,0,LatAm,15.009257,-.24136236,,-5.139246,-2.59902,.25399709,2.9309139,2.6969402,5.8469896,-.69999927,,,,,,,1
Slovak Republic,1998,SVK,-7.128814830429755,6.66565123195829,,78802.055,5.3952541,.27939573,1.1959769,1,1,0,0,Rich,,.7736811,0,4.0118079,6.0675502,6.757144,5.8434963,6.2055321,1.901328,-.20506816,1.2101779,3.3164647,4.5227938,5.4187107,5.2588429,6.7509551,0
Slovenia,1992,SVN,7.495126543408066,209.933731186822,,31511.906,2.005512,.22376285,1.4892927,1,1,0,0,Rich,,.99917877,0,-5.4637027,-8.9001093,,,,,2.8434229,5.3274875,4.1071596,3.5162756,5.1143827,3.2856326,5.274353,0
Slovenia,2008,SVN,-5.300351490585953,5.64742380573934,,62537.262,2.024538,.19485588,1.6570027,1,1,0,0,Rich,,.99917877,0,3.3001299,6.9416451,5.6559963,4.0030141,4.3517919,2.8420804,-7.7972765,1.2377589,.64936721,-2.6695874,-1.1320522,2.9506705,2.3048491,0
Sweden,1991,SWE,-1.719129995751166,9.44462732944187,,232092.06,8.6251373,.20352912,2.5684476,1,1,0,0,Rich,,1.9346322,0,-1.1459721,.75467229,2.6548088,2.559041,3.3538399,2.691324,-1.1585915,-2.0656188,4.0877404,4.0200815,1.5190369,2.9123027,4.2409549,0
Sweden,1993,SWE,-1.978855271408818,4.72817304626055,,222150.5,8.7467756,.20831776,2.4084127,1,0,1,0,Rich,,1.9346322,0,-2.0656188,-1.1585915,-1.1459721,.75467229,2.6548088,2.559041,4.0877404,4.0200815,1.5190369,2.9123027,4.2409549,4.4867063,4.7456088,0
Sweden,2008,SWE,7.929290257221726,3.43704910602875,,397413.03,9.2368898,.21265768,2.3079515,1,1,0,0,Rich,,1.9346322,0,-.55705798,3.4081037,4.6995568,2.8166778,4.3107834,2.3597751,-5.1959033,5.9919686,2.6792293,-.29851511,1.2383537,2.6018982,4.4565763,0
Seychelles,2008,SYC,-27.18643815518256,36.9647582875288,,1694.545,.090686001,.5662204,1.0023587,0,0,1,1,Rich,2.8753326,.25421289,67,-2.1405084,10.418155,9.4052258,9.0066528,-2.0202813,-6.3298955,-1.1071876,5.9453821,5.3787346,3.6795111,6.0180817,4.5048561,4.9372621,1
Syrian Arab Republic,1988,SYR,-1.423838488570204,34.562211981567,157.0850872422069,17191.49,11.719071,.24277382,.14662924,0,0,1,0,MidEast,,-1.0938827,0,13.266259,1.9074975,-4.9456306,6.1150827,-4.0717711,1.4291739,-17.022182,4.5871606,7.9012685,13.470343,5.1789846,7.213017,7.0264416,0
Chad,1983,TCD,4.562028385321108,,26.54543762452616,5057.415,4.8290939,.057764523,.10619613,0,1,0,0,Africa,,-1.2840456,0,15.659024,5.376297,-10.805228,-6.0476704,-21.44109,-.46963778,5.0851526,7.8820171,5.9370036,3.6591532,7.6391678,1.8294156,3.2444828,0
Chad,1994,TCD,-3.199137423278072,41.7248972364414,66.89949649933294,7249.4541,6.7721329,.063108623,.098912358,0,0,1,0,Africa,2.0046551,-1.2840456,76,5.7115183,-1.7506152,2.2997065,3.7979953,3.2444828,1.8294156,1.3985766,2.1389141,5.6423306,6.9176025,-.50034338,-.50229049,11.51765,1
Togo,1979,TGO,-23.85661103426014,7.53925120772939,126.8198215341921,5489.6738,2.6428461,.16879991,.19198817,0,0,0,1,Africa,2.1732001,-1.2708366,,5.988606,10.077144,5.5593629,-.47164947,-.62043613,4.2512193,-4.5313272,-6.1910024,-3.7075446,-5.1563249,5.8810854,3.7171576,3.2604351,1
Togo,1993,TGO,-6.6831739734728,-1.00688168855036,107.0639883334248,4779.6685,4.0649261,.16447645,.11150046,0,1,0,0,Africa,9.4939194,-1.2708366,43,-16.328468,-3.279319,.22638841,5.8972464,4.0999994,10.12413,13.934347,6.7708397,7.6628618,3.808754,-2.2934124,2.621455,-.96333289,1
Thailand,1997,THA,-2.011651626449059,5.62579747129104,75.31001537206251,490211.19,60.863506,.18531117,.67152774,0,1,0,0,Asia,2.6571057,.29013753,0,-2.7535889,5.6523752,8.1202555,7.9969068,8.692441,9.2503891,-7.6337352,4.5723019,4.4556713,3.4442513,6.1488709,7.1893363,6.2892847,1
Tajikistan,2015,TJK,-6.073821779999258,5.71455949649708,54.81894875715061,25597.699,8.5486507,.2065966,.15112793,0,0,1,0,MidEast,,-1.0774127,,5.9688749,6.685668,7.4288659,7.5457826,2.4110436,6.5356169,6.9491606,7.0810661,,,,,,0
Turkmenistan,2008,TKM,,,4.050972244126591,54617.945,4.9357619,.30733365,.5935967,0,0,1,0,MidEast,,-1.3189243,0,14.747301,11.057178,10.967093,13.040361,4.9986386,3.270576,6.1330013,9.1597176,14.719859,11.050832,10.162849,10.346156,6.4525452,0
Trinidad and Tobago,1986,TTO,-8.592120509849353,7.6936765932314,,16051.513,1.184051,.17132008,1.4230794,0,0,1,0,Island,,.26461634,0,-3.2815027,-4.1224442,-5.7505798,-10.310802,3.8035395,4.5851507,-4.56002,-3.9206271,-.82361293,1.5036184,2.6837707,-1.6478529,-1.4483826,0
Trinidad and Tobago,1989,TTO,-.8915256082293462,11.4321318133566,,12934.733,1.213624,.20218383,1.0309683,0,0,0,1,Island,2.9352715,.26461634,62,-.82361293,-3.9206271,-4.56002,-3.2815027,-4.1224442,-5.7505798,1.5036184,2.6837707,-1.6478529,-1.4483826,3.5620863,3.9567049,7.0431972,1
Tunisia,1991,TUN,-3.589976272673652,8.19371509544086,65.91492103322145,46875.918,8.4176836,.19716261,.53153712,0,1,0,0,MidEast,,.22966902,80,3.9035802,7.0755367,3.4620507,1.6217034,4.9072986,-2.001116,7.8057327,2.1873703,3.1825471,2.3485258,7.1515989,5.4393587,4.9629688,0
Turkey,1978,TUR,-1.941761805423857,61.8970444383435,22.97505471919052,343193.91,42.039936,.10989111,.80012673,0,0,1,1,Europe,.57654524,.15474841,,1.5045062,3.4048214,10.463037,7.1731372,5.594193,3.2617712,-.62449235,-2.4457905,4.8551621,3.5628228,4.9690633,6.7117834,4.2415843,1
Turkey,1982,TUR,-1.474909513734012,29.1375145022677,31.24980877972375,372664.41,46.025356,.10813612,.8033362,0,1,0,0,Europe,.38996619,.15474841,56,3.5628228,4.8551621,-2.4457905,-.62449235,1.5045062,3.4048214,4.9690633,6.7117834,4.2415843,7.0152855,9.4842758,2.1203513,.25164124,1
Turkey,1984,TUR,-2.398736742570612,48.3923231346862,36.92731343579268,411404.16,48.114105,.1144299,.85371292,0,0,1,0,Europe,.38444343,.15474841,46,6.7117834,4.9690633,3.5628228,4.8551621,-2.4457905,-.62449235,4.2415843,7.0152855,9.4842758,2.1203513,.25164124,9.2553053,.92652291,1
Turkey,1991,TUR,.1666357464781535,65.97856799189501,34.51916365839524,543001.56,54.84053,.13511595,.9450959,0,0,1,0,Europe,,.15474841,0,.92652291,9.2553053,.25164124,2.1203513,9.4842758,7.0152855,5.9842772,8.0420218,-5.4556646,7.1912222,7.0053239,7.5287952,3.0918624,0
Turkey,1996,TUR,-1.342880585875944,80.41215113880421,45.15559036222655,684521.81,59.423206,.12757641,.99261481,0,0,1,0,Europe,,.15474841,0,7.0053239,7.1912222,-5.4556646,8.0420218,5.9842772,.92652291,7.5287952,3.0918624,-3.3893023,6.640058,-5.9623084,6.4302807,5.6082525,0
Turkey,2000,TUR,-3.633973974325332,54.9153705812683,43.42347542642715,739089.5,63.24012,.175786,.87358195,0,1,0,0,Europe,2.7942505,.15474841,113,6.640058,-3.3893023,3.0918624,7.5287952,7.0053239,7.1912222,-5.9623084,6.4302807,5.6082525,9.6443224,9.0098495,7.1097031,5.0304589,1
Tanzania,1987,TZA,,29.9493695378761,,21289.953,23.198532,.47611091,.093352668,0,1,0,0,Africa,,-.54722434,81,4.9305811,1.8915167,4.5908041,3.3825691,-2.376375,.59224606,4.0600343,3.9924421,4.4644771,5.701571,3.5274811,4.1681981,3.033319,1
Tanzania,1990,TZA,-13.12422166607075,35.8267716535433,157.9482619827722,27413.76,24.779318,.50301665,.10338733,0,0,1,0,Africa,5.0209312,-.54722434,59,4.4644771,3.9924421,4.0600343,4.9305811,1.8915167,4.5908041,5.701571,3.5274811,4.1681981,3.033319,3.5648706,4.1973448,3.3174717,1
Uganda,1980,UGA,-6.642217184495144,,55.81131341486086,9327.3018,12.54954,.11998605,.066747762,0,0,1,0,Africa,1.3071667,-.518677,12,-3.3997762,-12.499998,-3.9999967,1.3513447,0,-1.3333268,3.8593714,7.7930341,6.344975,-4.6194506,-.31708527,1.5204557,6.3976645,1
Uganda,1988,UGA,-2.999111944892136,,30.08032238839139,13355.492,16.262533,.10967465,.082086548,0,0,1,0,Africa,5.3228207,-.518677,58,7.8123283,6.3976645,1.5204557,-.31708527,-4.6194506,6.344975,6.8987837,6.1841297,5.5057225,4.6301169,7.0572853,10.803532,9.3918343,1
Uganda,1994,UGA,-4.365443836855466,10.0367598792175,86.46672905534442,20997.148,19.907635,.10280167,.097456627,0,1,0,0,Africa,4.323698,-.518677,56,10.803532,7.0572853,4.6301169,5.5057225,6.1841297,6.8987837,9.3918343,6.22437,5.4993682,9.3170252,6.6030173,4.6777458,8.7654667,1
Ukraine,1998,UKR,-3.094316376812819,10.5771611482514,31.85546606146756,219871.14,49.748581,.35750002,.36189672,0,1,1,1,Europe,6.2179937,-.63071942,272,-1.94398,-2.9882598,-10.043616,-12.150582,-22.934052,-14.221909,-.1608358,5.8907394,8.8322144,5.339644,9.5166111,11.795357,3.0712321,1
Ukraine,2008,UKR,-7.107790073390059,25.226461707384,55.82483546718595,443323.75,46.186432,.16921586,.51489294,0,1,0,0,Europe,9.6661596,-.63071942,60,2.2434869,8.2158432,7.5714197,3.0712321,11.795357,9.5166111,-15.136468,.27211043,5.4655371,.23869209,-.026771674,-6.5525594,-9.7729836,1
Ukraine,2014,UKR,-3.442608658938885,12.0718562874252,96.11390360747951,451008.22,44.883427,.29926986,.50202012,0,1,1,0,Europe,12.491213,-.63071942,,-6.5525594,-.026771674,.23869209,5.4655371,.27211043,-15.136468,-9.7729836,2.4409826,2.5245578,,,,,1
Uruguay,1972,URY,,76.4849237828813,,21536.855,2.821439,.17430487,.8332175,0,0,1,0,LatAm,.9917863,.50429523,,-1.5528491,.11989097,3.8067234,6.8516955,1.1198952,-2.7455707,.3649087,3.1432064,5.8636236,3.9849601,1.1741209,5.2613626,6.1687737,1
Uruguay,1981,URY,-4.176194669931571,34.0453358609474,,28224.863,2.9350359,.14153101,.89358544,0,1,0,0,LatAm,.33619094,.50429523,0,1.8989869,5.999146,6.1687737,5.2613626,1.1741209,3.9849601,-9.3913012,-5.8528814,-1.0922536,1.4754925,8.856596,7.9330406,-.0087022632,1
Uruguay,1983,URY,-1.226902180791927,49.1973796505638,,22866.225,2.9734631,.17547347,.77978998,0,0,1,1,LatAm,7.9196157,.50429523,36,-5.8528814,-9.3913012,1.8989869,5.999146,6.1687737,5.2613626,-1.0922536,1.4754925,8.856596,7.9330406,-.0087022632,1.2855388,.91599303,1
Uruguay,1990,URY,1.999066624354804,112.525905573023,,27738.275,3.1099889,.21115257,.83350587,0,0,1,0,LatAm,1.383183,.50429523,64,.91599303,1.2855388,-.0087022632,7.9330406,8.856596,1.4754925,3.1804273,9.1032495,2.605036,7.2891135,-1.4503888,5.5615888,4.9310231,1
Uruguay,2002,URY,2.807107017413403,13.9724725913516,,31852.729,3.3277731,.13012049,.70687318,0,1,1,1,LatAm,20.147966,.50429523,75,-7.7319851,-3.8441691,-1.9298656,-1.9392163,4.518889,4.9310231,.80528337,5.0041957,7.4599323,4.0986547,6.5414743,7.1761651,4.2436051,1
United States,1988,USA,-2.3156580866612,4.07774110744408,,8688292,247.73958,.11129817,3.5054138,1,1,0,0,USA,,1.5849844,0,4.1770496,3.4595716,3.4626555,4.1696544,7.2366214,4.5839276,3.6726522,1.8859626,-.10825682,3.5224431,2.7528434,4.0288339,2.684289,0
United States,2007,USA,-4.920010755848349,2.85267248150136,,15546956,300.59518,.1098884,2.8776124,1,1,0,0,USA,,1.5849844,0,1.8761725,2.854969,3.5132141,3.7988956,2.8612092,1.7416918,-.13657722,-2.5367568,2.5637619,1.5508366,2.2495489,1.8420775,2.451973,0
Uzbekistan,2000,UZB,,,36.53933104682726,98943.461,24.848921,.51215839,.29763147,0,0,1,0,Europe,,-.90051413,0,4.0000052,4.3999934,4.4000015,5.1999989,1.6999966,-.89999729,4.4999976,4.1999803,4.2264957,7.4552326,6.9636564,7.4414148,9.4779062,0
"Venezuela, RB",1982,VEN,-6.268385129846053,,48.60810512561427,149933.89,16.185894,.25451607,.91905117,0,0,0,1,LatAm,,-1.0824341,0,.68228042,-.30187759,-1.9884764,1.3354983,2.1383598,6.7221327,-5.6169786,-1.3538904,.19329339,6.5103521,3.5816457,5.8213663,-8.5698843,0
"Venezuela, RB",1984,VEN,7.750338037288845,,63.68298572747838,157236.28,17.057785,.23922351,.92033452,0,0,1,0,LatAm,,-1.0824341,0,-1.3538904,-5.6169786,.68228042,-.30187759,-1.9884764,1.3354983,.19329339,6.5103521,3.5816457,5.8213663,-8.5698843,6.4679413,9.7298899,0
"Venezuela, RB",1989,VEN,4.964819668940075,,78.67201893919861,152538.17,19.388342,.31830955,.76104414,0,0,1,0,LatAm,11.358313,-1.0824341,60,-8.5698843,5.8213663,3.5816457,6.5103521,.19329339,-1.3538904,6.4679413,9.7298899,6.0604782,.27538663,-2.3495119,3.9516664,-.19783641,1
"Venezuela, RB",2002,VEN,8.18032781959924,,49.60046766151439,169003.02,25.408701,.14638147,.4912025,0,0,1,0,LatAm,,-1.0824341,0,-8.8557186,3.3942699,3.687027,-5.9705472,.29396954,6.3709288,-7.7552156,18.286409,10.317912,9.8721991,8.7537241,5.2778206,-3.2023849,0
"Venezuela, RB",2010,VEN,1.420424363782659,28.1874647092039,30.11933760594646,437795.09,29.028032,.12164156,.82478446,0,0,1,0,LatAm,,-1.0824341,0,-1.4887637,-3.2023849,5.2778206,8.7537241,9.8721991,10.317912,4.1764998,5.6258936,1.3431246,-3.8944056,-6.2213745,-16.455643,-14.000004,0
"Venezuela, RB",2017,VEN,,,,253422.27,31.977064,.13230193,.38649473,0,0,0,1,LatAm,,-1.0824341,,-14.000004,-16.455643,-6.2213745,-3.8944056,1.3431246,5.6258936,,,,,,,,0
Vietnam,1972,VNM,,,,36096.82,45.549484,.14024341,.086503215,0,0,1,0,Asia,,-.24800417,,1.9608287,3.8049252,,,,,-1.421162,2.4818218,2.9863813,10.99851,13.562214,1.7695245,6.7174897,0
Vietnam,1981,VNM,,,,52477.68,55.627747,.15099446,.087659873,0,0,1,0,Asia,,-.24800417,0,5.7972331,-3.4967358,6.7174897,1.7695245,13.562214,10.99851,8.1502876,7.0930371,8.3972712,5.6194944,3.3571043,2.5488813,5.1000137,0
Vietnam,1985,VNM,,,,69593.078,61.049374,.16546068,.11573951,0,0,0,1,Asia,,-.24800417,0,5.6194944,8.3972712,7.0930371,8.1502876,5.7972331,-3.4967358,3.3571043,2.5488813,5.1000137,4.6879039,5.1009202,5.9608469,8.6460381,0
Vietnam,1987,VNM,,,,73842,63.881298,.17659785,.11758238,0,0,1,0,Asia,,-.24800417,0,2.5488813,3.3571043,5.6194944,8.3972712,7.0930371,8.1502876,5.1000137,4.6879039,5.1009202,5.9608469,8.6460381,8.0727348,8.8389769,0
Vietnam,1997,VNM,-5.692210741686675,3.20952606261375,82.84405374611652,142191.25,77.453339,.1651589,.15306309,0,1,0,0,Asia,,-.24800417,12,8.1516905,9.3400211,9.5404758,8.8389769,8.0727348,8.6460381,5.7644076,4.7727852,6.7884884,6.8949986,7.0798173,7.341197,7.5364137,0
"Yemen, Rep.",1985,YEM,,,,,,,,0,0,1,0,MidEast,,-1.1453141,,,,,,,,,,,,19.313612,.31108525,4.8992338,0
"Yemen, Rep.",1995,YEM,,55.0811068702292,153.4431015721812,10055.055,15.320653,.32783353,.059048075,0,0,1,0,MidEast,3.3215821,-1.1453141,103,16.654249,2.1637468,4.0683694,4.8992338,.31108525,19.313612,20.525351,5.2308607,4.7474165,4.5114069,7.6122947,5.9332843,5.0448394,1
South Africa,1984,ZAF,-2.523497135926299,11.5264804445682,,295147.56,32.943584,.13340381,.89450741,0,0,1,0,Africa,,.50548774,0,5.0990829,-1.8465495,-.3833611,5.3607402,6.6205997,3.7905366,-1.2114471,.017791875,2.1007762,4.2000389,2.3948612,-.31778318,-1.0183024,0
South Africa,2015,ZAF,-4.589518833374029,4.50920827795706,44.55986643463589,671397.25,55.291225,.20313638,.61286491,0,0,1,0,Africa,,.50548774,,1.2795193,1.8470193,2.4851794,2.2133563,3.2841728,3.0397284,.56537372,1.3200574,,,,,,0
Zambia,1983,ZMB,-8.177078350712714,,125.9540005401352,10326.854,6.5215421,.51022893,.16056965,0,0,1,1,Africa,7.0295815,-.7397083,54,2.9434314,2.4781296,-.82295495,3.9177182,-3.9516017,-.89109153,-.58460444,-.021387193,2.6521213,2.7502909,1.9466704,.95474941,.74869376,1
Zambia,1989,ZMB,-5.466861902242068,123.40425531915,182.4791120465938,10482.968,7.813808,.23377334,.12977573,0,0,1,0,Africa,,-.7397083,0,.95474941,1.9466704,2.7502909,2.6521213,-.021387193,-.58460444,.74869376,-1.9556115,-1.730927,6.7972832,-8.6255484,2.897799,6.2184219,0
Zambia,1995,ZMB,,34.9295874166667,195.166566276017,8687.6025,9.1370773,.13004306,.085544333,0,1,0,0,Africa,35.20245,-.7397083,42,2.897799,-8.6255484,6.7972832,-1.730927,-1.9556115,.74869376,6.2184219,3.8140347,-.38566923,4.6500907,3.8975041,5.3167481,4.5059319,1
Zambia,2015,ZMB,-3.628805207852125,10.1105928909618,57.27185434056636,58664.078,16.100588,.16099092,.18389586,0,0,1,0,Africa,,-.7397083,,2.9241161,4.6916032,5.0593719,7.5976224,5.5646191,10.298229,3.7570136,3.5240579,,,,,,0
Zimbabwe,1983,ZWE,-5.118733686994573,,29.07589303559951,28926.924,8.027565,.32792267,.36539635,0,0,1,0,Africa,4.1305575,-1.1334747,24,1.5853094,2.6342926,12.525437,10.571973,3.8025324,-2.1540403,-1.9073581,6.9444389,2.1287744,1.1105477,7.5532269,5.2160225,6.9832287,1
Zimbabwe,1991,ZWE,-5.28174753309381,,42.16903534672826,52644.508,10.443043,.20842621,.48117429,0,0,1,0,Africa,13.746892,-1.1334747,67,5.5224695,6.9832287,5.2160225,7.5532269,1.1105477,2.1287744,-7.032321,2.1104093,5.8009386,.16242188,9.7339725,1.4258298,.49222794,1
Zimbabwe,1995,ZWE,,,74.85192425705284,52702.738,11.320346,.218256,.41886306,0,1,0,0,Africa,,-1.1334747,43,.16242188,5.8009386,2.1104093,-7.032321,5.5224695,6.9832287,9.7339725,1.4258298,.49222794,-3.5971806,-8.1686974,-.19354257,-5.9391699,0
Zimbabwe,1998,ZWE,,,77.79116662607591,43998.629,11.893272,.15815081,.30292487,0,0,1,0,Africa,2.7681942,-1.1334747,60,.49222794,1.4258298,9.7339725,.16242188,5.8009386,2.1104093,-3.5971806,-8.1686974,-.19354257,-5.9391699,-7.4618216,-3.6425338,-4.0630608,1
Zimbabwe,2003,ZWE,,,85.05636615854485,21413.969,12.633897,.19893439,.12145038,0,0,1,0,Africa,,-1.1334747,0,-7.4618216,-5.9391699,-.19354257,-8.1686974,-3.5971806,.49222794,-3.6425338,-4.0630608,-3.6240163,-3.2672801,-4.741518,64.390472,12.581026,0
