Country,year,pop,Gshare,GDPRank,CAB,EXDEBT,ToT,Infl,Fcast5,Fcast4,Fcast3,Fcast2,Fcast1,nowcast,Banking,Currency,Debt,CPIA,RateRegime,DPWT,LGrowth1,LGrowth2,LGrowth3,LGrowth4,LGrowth5,GrowthFall,FGrowth1,FGrowth2,FGrowth3,FGrowth4,FGrowth5,IMF
ANGOLA      ,1988,10.544904,.085559294,.28997901,-5.344658438253592,115.276827823256,96.6733664339697,.018329972,,,,,,,0,0,1,,15,5.4231644,6.7667007,3.1262398,3.4401894,5.8268547,4.1142464,,.3862381,-.44517517,.98648071,-6.0156822,-27.421856,0
ANGOLA      ,1991,11.472173,.10118969,.22321588,-5.321600887839563,106.7699236867578,61.74814749889551,1.7572,,,,,,,0,1,0,1.6,14,.98648071,-.44517517,.3862381,5.4231644,6.7667007,3.1262398,-3.968811,-6.0156822,-27.421856,1.330471,13.976192,12.70237,0
ANGOLA      ,1996,13.424813,.026360657,.26853126,49.97950634437458,132.818509647294,57.42244222531107,16.508251,,5.0017695,5.4568734,6.0296955,4.2757955,7.529047,0,1,0,1.447,14,12.70237,13.976192,1.330471,-27.421856,-6.0156822,.98648071,11.823273,7.021904,4.5844078,2.1580696,3.0088425,3.0917168,0
Albania,1990,3.281453,.14506684,.36973414,-4.312942349278185,3.955623373879371,164.22372563077,-2.1966845e-16,,,,,,,0,0,1,,15,-10.065651,9.3823433,-1.4302254,-.79126358,5.4437637,1.7649651,-11.830711,-32.853413,-7.4717522,9.1669083,7.973671,12.486744,0
Albania,1994,3.140634,.20634168,.36265287,-3.706181270986737,46.59709349985182,80.20084198834637,.1582,,5.0000072,4.9999976,4.9999938,4.9999986,7.999999,1,0,0,,13,7.973671,9.1669083,-7.4717522,-32.853413,-10.065651,9.3823433,-1.4087677,12.486744,8.7111473,-11.471367,8.6257935,12.664318,0
Albania,1997,3.092471,.24942596,.34588021,-13.0465060065164,38.1877724141248,88.84071097583566,.42074227,,6.5000105,7,7.4999986,9.999999,-9.9999981,0,1,0,,14,-11.471367,8.7111473,12.486744,7.973671,9.1669083,-7.4717522,-3.9989471,8.6257935,12.664318,6.4145088,7.6406479,4.1442871,1
Argentina,1975,26.066975,.074891768,.42727837,-1.653298524334688,11.33473382879877,135.714174293875,,,,,,,,0,1,0,,14,-.59509277,5.2645683,3.6770821,2.0557404,3.6930084,3.1466484,-3.0284882,-.011825562,6.1904907,-3.2754898,6.7818642,1.4432907,1
Argentina,1980,28.105889,.078421526,.40215442,-1.135807959594616,11.98837960182691,125.1645586313517,,,,,,,,1,0,0,,5,1.4432907,6.7818642,-3.2754898,6.1904907,-.011825562,-.59509277,4.0962219,-5.5691719,-3.2123566,4.0300369,1.9856453,-7.2097778,0
Argentina,1987,31.326473,.089332484,.56785202,-3.593408019623533,46.24347075057445,75.9026712832904,,,,,,,,0,1,0,,14,2.501297,6.899929,-7.2097778,1.9856453,4.0300369,-3.2123566,7.9528809,-1.9721031,-7.2684288,-1.3476372,9.9809647,9.8074913,1
Argentina,1989,32.263559,.11588304,.53827339,1.236347189199743,67.43621578076548,76.45287310284982,,,,,,,,1,0,0,,14,-7.2684288,-1.9721031,2.501297,6.899929,-7.2097778,1.9856453,-9.9796295,-1.3476372,9.9809647,9.8074913,6.0640335,5.6722641,1
Argentina,1995,34.994818,.12618849,1.0680254,-1.822396782398713,36.22622318229996,90.72670950713287,,4.5005641,4.000566,3.9992824,3.5006189,2.9995666,.50019318,1,0,0,,2,-2.8864861,5.6722641,6.0640335,9.8074913,9.9809647,-1.3476372,-.45814514,5.3792953,7.7988625,3.7779808,-3.4440994,-.79212189,1
ARMENIA     ,1994,3.289943,.4626132,.22883421,3.803744301522264,30.89193181723269,,18.845467,,7.9999619,8.0000677,8.0000019,7.9992685,3.0006063,1,1,0,,14,5.1900864,-9.2233658,-54.053593,-12.418938,,,,6.6641808,5.7325363,3.2670975,7.0833206,3.2032967,1
AZERBAIJAN  ,1994,7.675128,.57225806,.31551516,-5.460689590452174,10.58673051484843,30.89699490782746,17.921402,,11.999982,12.000008,14.999994,5.9999995,-5.9999971,0,1,0,,14,-21.883965,-26.266861,-25.618362,-.7024765,,,,-12.576103,1.2462616,5.643177,9.499073,7.135582,1
BURUNDI     ,1994,6.134041,.11407607,.066657878,1.650487151201334,119.6252821761695,137.4818904299125,.13157432,,4.9999995,4.9999971,4.999989,4.9999957,-11.899998,1,0,0,2.9,10,-3.1331062,-7.287693,1.7895699,5.1960945,3.4399986,1.4724731,-5.2457809,-7.2797775,-9.0009689,.37889481,4.3916702,-1.0046005,0
BENIN       ,1988,4.685375,.14241409,.13228574,-7.406060446074409,41.44480902128728,108.0643720896228,.034446765,,,,,,,1,0,0,2,1,2.9892921,-1.5112877,2.1256447,7.2587967,7.6313972,-4.4431686,7.7936172,-.7101059,8.5958481,4.1389465,2.9149055,5.6721687,1
BENIN       ,1994,5.786794,.10437421,.096639492,-2.477041991194455,0,70.16209058702808,.54007775,,5.911912,5.7738547,5.6771011,4.9973598,2.2881525,0,1,0,3.1,1,2.0002365,5.6721687,2.9149055,4.1389465,8.5958481,-.7101059,4.8959732,9.6508026,4.2410851,5.5762291,3.8846016,5.2036285,0
BURKINA FASO,1990,8.811033,.16844833,.084446952,-4.21941317542561,19.70413725423978,109.0014184874955,-.013545817,,4.8125548,4.8663063,4.4652572,4.0074697,1.6546948,1,0,0,3,1,-.61073303,2.1316528,5.6368828,-.23813248,7.6496124,8.1740379,-8.7787628,8.6855888,.22764206,3.4090996,1.3023376,5.5603027,1
BURKINA FASO,1994,9.816585999999999,.18850623,.078881495,-.9776539388745632,56.98793806687888,92.78818826804751,.29091144,,5.0000038,4.7999949,7.7000008,6.4000039,3.2999947,0,1,0,3.4,1,1.3023376,3.4090996,.22764206,8.6855888,-.61073303,2.1316528,-.82092285,5.5603027,10.449314,6.1253548,7.0529938,6.0545921,0
BANGLADESH  ,1976,72.930206,.16199614,.11269696,-3.676827601325373,15.60955719310608,120.9758093908066,.15558653,,,,,,,0,1,0,,7,5.506897,-4.1741371,9.1593742,3.2715797,-15.051746,-5.6353569,11.142159,2.6379585,6.8348885,4.6898842,.81586838,3.3380508,0
BANGLADESH  ,1987,98.14926199999999,.13248873,.12209715,-1.723856908114399,31.60637159326427,85.82462905367274,.10162991,,,,,,,1,0,0,2.7,7,4.0964127,4.2482376,2.9673576,5.2835464,4.7776222,1.2226105,1.5911102,2.8499603,2.4884224,6.4170837,3.3432961,4.1404724,1
Bulgaria,1990,8.821111,.42332199,1.1135041,-8.650414126528318,52.81305254450142,70.16806683422004,.64325082,,2.0000017,1.9999981,2.0000024,1.999997,-4.9999971,0,0,1,,14,-9.5601082,-3.3452988,10.386181,5.8783531,4.1214943,2.6480675,-12.208176,-8.8233948,-7.5285912,-1.4914513,1.8018723,2.820015,1
Bulgaria,1996,8.274661999999999,.23720321,.73107338,4.65140029296278,101.1644298064954,87.70776520746753,3.108,5.5000024,3.9999959,3.5000029,2.9999952,2.4999986,0,1,1,0,,14,-9.8684311,2.820015,1.8018723,-1.4914513,-7.5285912,-8.8233948,10.41069,-1.0947227,3.4042358,-6.1981201,4.8894882,4.1602135,1
BOSNIA & HERZEGOVINA,1992,4.301169,.61310673,.11773151,,,,,,,,,,,1,0,0,,15,-6.6534042,-9.8142624,,,,,,-2.2054672,10.55479,18.89658,43.30759,31.218815,0
Belarus,1994,10.190064,.45997682,.71544093,-2.936554739770688,16.97550965498355,67.41927469210798,19.597038,,4.499999,2.000001,-2.0000007,-5.9999976,-17.099998,0,1,0,,14,-12.424374,-7.8619003,-10.141373,-1.3954163,,,,-11.03487,2.7386665,10.814857,8.1068039,3.3904076,1
Belarus,1999,10.005259,.33514887,.61736524,-1.600845792951969,18.38617261528263,75.64531528594115,2.511956,4.4999962,1.4999989,2.000001,1.9999976,0,-2.0000026,0,1,0,,14,3.3904076,8.1068039,10.814857,2.7386665,-11.03487,-12.424374,15.786552,5.6263924,4.6313286,4.8471451,6.7511559,10.753059,0
Belarus,2009,9.505319,.23489815,.81205511,-12.02610548971489,43.26072099033135,100,.10113104,2.5,6.4751291,5.7205887,5.1682115,1.812423,-1.1567391,0,1,0,,4,.15077591,9.7533226,8.2064629,9.5523834,8.9727402,10.753059,-10.640526,7.4557304,5.3956032,1.730442,1.0038376,1.5869141,1
BOLIVIA     ,1973,4.798509999999999,.18006112,.18851903,,,,,,,,,,,0,1,0,,,5.5805206,7.6660156,4.93927,-1.3225555,2.9857635,-14.592552,18.556213,2.8971672,7.0561409,4.511261,4.851532,2.0319939,0
BOLIVIA     ,1980,5.589572,.20278628,.18609543,-.2000526695317339,70.49505692555593,107.228084335491,.2393035,,,,,,,0,0,1,2.5,14,-1.3813019,.1332283,2.0319939,4.851532,4.511261,7.0561409,-8.4373474,.92058182,-4.4570923,-4.565239,-.60338974,-.97007751,1
BOLIVIA     ,1986,6.337892999999999,.19576849,.22740915,-7.599999586434178,96.58404139886574,99.68551520334638,.64646506,,,,,,,1,0,0,3,14,-2.5224686,-.97007751,-.60338974,-4.565239,-4.4570923,.92058182,-2.8827667,2.5681496,2.91605,3.7203789,4.5309067,5.1300049,1
BOLIVIA     ,1994,7.418863999999999,.28827327,.24037087,-3.988628502994819,75.02453564522425,68.55594307128411,.085228615,,4.4999933,4.5000014,4.4999952,4.3000116,3.9999974,1,0,0,3.4,7,4.5664787,4.1780472,1.63517,5.1300049,4.5309067,3.7203789,.84171295,4.5684814,4.2710304,4.8354149,4.9069405,.42600632,1
Brazil,1976,111.07606,.10593854,.5062266,-6.456377219259199,33.94159261730236,108.0239083812174,,,,,,,,0,1,0,,14,9.8033905,5.0692558,7.8811646,13.102818,11.243534,10.705948,-1.3612747,4.7837257,4.8789978,6.5788269,8.8010788,-4.3951988,0
Brazil,1982,128.05476,.069981083,.53346682,-8.724760506825504,44.21545005468555,122.3779554647799,1.0480406,,,,,,,0,1,0,,14,.79679489,-4.3951988,8.8010788,6.5788269,4.8789978,4.7837257,-3.924942,-2.9428482,5.2592278,7.5107574,7.2320938,3.440094,1
Brazil,1987,142.43748,.096418001,.63422751,-.4799505739258614,40.53257856592266,118.5258445299551,3.634135,,,,,,,0,1,0,,14,3.440094,7.2320938,7.5107574,5.2592278,-2.9428482,.79679489,2.9579163,-.10004044,3.1498909,-4.3951988,.99506378,-.50134659,1
Brazil,1990,150.39314,.11619119,.54532689,-.7966433280324562,25.9805700143974,116.6185036358739,16.209665,,5.9999986,6.000001,5.9999976,2.0000007,-1.9999988,1,0,0,,14,-4.3951988,3.1498909,-.10004044,3.440094,7.2320938,7.5107574,-10.797501,.99506378,-.50134659,4.7838211,5.7324409,4.1142464,0
Brazil,1992,155.37901,.14746818,.59372079,1.539782937869319,34.0654109919376,116.599621026266,11.190925,,4.9979138,5.0028253,5.0023079,2.9975522,1.0023386,0,1,0,,14,-.50134659,.99506378,-4.3951988,3.1498909,-.10004044,3.440094,-4.0044785,4.7838211,5.7324409,4.1142464,2.1760941,3.3434868,1
Brazil,1994,160.26051,.19733705,.6808967,-.3010378164576239,26.5583643265804,118.5550789143876,9.1643286,,4.9950509,4.9999943,3.502887,2.002974,2.9999955,1,0,0,,14,5.7324409,4.7838211,-.50134659,.99506378,-4.3951988,3.1498909,1.9702911,4.1142464,2.1760941,3.3434868,.39920807,.49877167,0
Botswana,1984,1.144716,.33649775,.27836114,-4.891921399697921,33.25802875383725,71.8888831681633,.064999998,,,,,,,0,1,0,,8,12.759495,11.242104,8.0994606,11.102581,11.52792,13.353729,-3.2655716,8.8274956,7.0806503,7.9039574,11.531925,28.722763,0
CENTRAL AFR. REP.,1976,2.061552,.25871444,.11361764,14.3397834655628,18.93572992896293,97.93629643480463,,,,,,,,1,0,0,,1,4.344368,1.8036842,-3.0283928,4.4282913,-1.9916058,-3.0828476,4.1662216,7.7343464,1.2019634,-2.4959564,-4.5819759,1.5359879,0
CENTRAL AFR. REP.,1994,3.253698,.208894,.093675263,.8064992069999799,94.22135845749776,131.4731881101413,.44749597,,3.0000036,3.0000005,5.0000005,5.0000019,5.4999943,0,1,0,2.3,1,5.0469398,-.34899712,-1.3397217,1.172924,-1.5571117,2.4452209,2.825737,5.0246239,-7.8483105,5.9407711,4.4520378,5.7684898,1
Chile,1972,9.916558,.21022128,.79676676,,,,,,,,,,,0,1,0,,,-1.2206078,8.5766792,2.1429062,3.6768913,3.428936,3.1498909,-4.5772552,-5.7258606,.96979141,-13.823032,3.4575462,9.4026566,0
Chile,1976,10.584237,.26156148,.55108637,1.435940051005686,45.7948470450494,65.38196255141813,1.743205,,,,,,,1,0,0,,14,3.4575462,-13.823032,.96979141,-5.7258606,-1.2206078,8.5766792,-5.2436829,9.4026566,7.8971863,7.9564095,7.6451302,6.0270309,0
China,1998,1255.262566,.22150852,.30181828,3.047855520521325,14.14357545064091,115.4016878125272,-.0099999998,8.0277462,7.9999924,7.5000033,7.0000062,5.4999952,5.5000024,1,0,0,,4,.40559769,6.8074226,3.6556244,12.64658,8.0317497,10.23798,-5.4409027,5.7621956,6.1601639,6.7173958,10.235786,8.634758,0
COTE D'IVOIRE,1984,9.769105,.2552397,.25124007,-1.080369960370197,94.8900150201293,133.1086626027738,.040682416,,,,,,,0,0,1,4.1,1,-2.7381897,-3.9777756,.20074844,3.440094,-11.6045,2.3659706,-5.1046371,4.402256,3.2066345,-.33788681,1.1011124,11.234474,1
COTE D'IVOIRE,1988,11.337122,.23494415,.2435938,-12.12873632721625,110.3234190311773,129.1370262232466,.041493777,,,,,,,1,0,0,2.3,1,1.1011124,-.33788681,3.2066345,4.402256,-2.7381897,-3.9777756,5.1084518,11.234474,-1.2379646,.056552887,-.62446594,-.3993988,1
COTE D'IVOIRE,1994,13.953779,.14556362,.20893563,-.1654403012164507,286.8978627860282,112.9657574572545,.322,,5.73633,5.352149,6.4224763,5.9579525,1.0073167,0,1,0,2.6,1,2.1213531,-.3993988,-.62446594,.056552887,-1.2379646,11.234474,-2.0975113,6.8153381,6.5273285,5.5261612,5.0016403,1.9246101,1
COTE D'IVOIRE,2001,16.865376,.10838268,.17706314,-.5469756680112247,165.0457542871931,107.0901158776948,.047833726,5.4943957,5.5187035,4.9565105,4.4464273,3.4858601,-1.0489817,0,0,1,3.175,1,.11587143,-2.704525,1.9246101,5.0016403,5.5261612,6.5273285,-7.3238373,-1.6813278,-1.3721466,1.2251854,1.7084122,.69570541,1
CAMEROON    ,1987,11.031515,.22474067,.26045871,-6.375975042075259,24.41856787791735,139.666144859619,.18896089,,,,,,,1,0,0,3,1,-5.7671547,-5.3997993,2.3245811,7.7385902,8.0685616,7.1839333,-9.4171524,-3.8466454,-3.1966209,-.59719086,-3.8367271,-3.0976295,1
CAMEROON    ,1989,11.716975,.18970944,.2291768,-2.286580449574586,31.98362146532556,114.2266133875562,0,,,,,,,0,0,1,3.2,1,-3.1966209,-3.8466454,-5.7671547,-5.3997993,2.3245811,7.7385902,-9.044075,-.59719086,-3.8367271,-3.0976295,-3.2090187,-.12168884,0
CAMEROON    ,1994,13.546823,.10357959,.18597479,-.608958106567487,110.4001183824609,134.5719733684701,.33785743,,5.5914083,4.921288,4.3562455,4.0858707,-6.2776599,0,1,0,2.2,1,-.12168884,-3.2090187,-3.0976295,-3.8367271,-.59719086,-3.1966209,3.9375305,3.9739609,4.9134254,5.177784,4.7793388,3.9818764,1
"CONGO, DEM. REP.",1976,23.556784,.37105966,.16389251,-2.227263213900228,8.628087767371499,,,,,,,,,0,1,1,,14,-5.4552078,-5.1099777,3.0825615,7.8231812,.15106201,5.8316231,-11.286926,.75798035,-5.4934502,.42915344,2.1711349,2.3233414,1
"CONGO, DEM. REP.",1983,28.448122,.25926635,.18487079,-.5513775399156212,8.65269448345653,,-.11094171,,,,,,,1,1,0,2.2,14,1.4018059,-.45871735,2.3233414,2.1711349,.42915344,-5.4934502,6.895256,5.3930283,.46672821,4.6093941,2.6404381,.46930313,1
"CONGO, DEM. REP.",1989,33.763056,.26292187,.16870482,-2.154745642633471,22.87837160993049,,.56120002,,,,,,,0,1,0,2.2,14,-1.2742043,.46930313,2.6404381,4.6093941,.46672821,5.3930283,-6.6671371,-6.7938805,-8.7968826,-11.093235,-14.466763,-3.9780617,1
"CONGO, DEM. REP.",1991,36.309209,.23538777,.10043825,-2.345903189446696,27.16511863421953,,42.2798,,.60000163,.59999114,.60000509,0,-2.0000033,1,0,0,1.3,14,-8.7968826,-6.7938805,-1.2742043,.46930313,2.6404381,4.6093941,-13.406181,-11.093235,-14.466763,-3.9780617,.6975174,-1.0284424,0
"CONGO, DEM. REP.",1994,40.804011,.14876607,.071584903,-1.079254105576898,48.07216259083715,,97.969002,,5.010354,8.0053692,9.9852409,12.011023,-5.0069833,1,1,0,1,14,-3.9780617,-14.466763,-11.093235,-8.7968826,-6.7938805,-1.2742043,-2.7040482,.6975174,-1.0284424,-5.780983,-1.6374588,-4.3640137,0
"CONGO, DEM. REP.",1999,46.788238,.084224038,.047489621,-.5882491344013134,69.13961279869871,131.3725162977601,4.8571429,5.0078783,9.2000017,8.1999998,6.2000046,4.1999984,-5.0000019,0,1,0,1.575,14,-4.3640137,-1.6374588,-5.780983,-1.0284424,.6975174,-3.9780617,-.38585663,-7.1606636,-2.1227837,2.9042244,5.4273605,6.5218925,0
"CONGO, DEM. REP.",2009,63.845097,.62833792,.01938254,-6.132065793644944,74.82793939418973,213.5030545696035,.53437918,6,8.2496281,6.8873057,7.2120209,5.3598528,2.6663363,0,1,0,2.666666666666666,14,2.8158188,6.0386658,6.0713768,5.1841736,5.9550285,6.5218925,-3.7059784,6.8667412,6.6485405,6.8476677,8.1406593,9.0459824,1
"CONGO, REP",1986,2.142529,.53964502,.2438048,-34.40482257276802,0,117.1615346457244,.035213083,,,,,,,0,0,1,2,1,-7.130146,-1.1592865,6.9699287,5.4579735,21.162319,19.242287,-23.336792,.18920898,1.7508507,1.7493248,.99840164,2.367115,1
"CONGO, REP",1992,2.514907,.39415899,.14903906,-10.79336384761212,129.4951056156619,84.24680781857833,-.02739726,,2.3404708,2.6984096,.40983042,2.6168282,2.1236,1,0,0,2,1,2.5784492,2.367115,.99840164,1.7493248,1.7508507,.18920898,2.3891449,-.98457336,-5.649662,3.9079666,6.1959267,-2.4671555,0
"CONGO, REP",1994,2.649964,.34675658,.130861,-44.8406159108415,270.182621442241,72.94376764436088,-.18232466,,3.8238189,8.9422026,7.4525399,3.2921824,-2.4096344,0,1,0,2.2,1,-5.649662,-.98457336,2.5784492,2.367115,.99840164,1.7493248,-8.2164764,3.9079666,6.1959267,-2.4671555,3.5351753,-2.636528,1
Colombia,1982,29.027158,.10424118,.6634022,-5.28556655545366,18.82100120083448,102.4397632359987,.2392638,,,,,,,1,0,0,,8,.94394684,2.251339,4.0060043,5.2393913,8.1302643,4.0743828,-3.1204224,1.5617371,3.2958031,3.0597687,5.66082,5.2297592,0
Colombia,1985,31.011686,.093771234,.65126026,-3.265361299100243,29.10587057683831,95.35883060267622,.22580644,,,,,,,0,1,0,,10,3.0597687,3.2958031,1.5617371,.94394684,2.251339,4.0060043,-.97484589,5.66082,5.2297592,3.9837837,3.357029,4.1929245,0
Colombia,1998,39.234059,.12302444,.59785771,-4.101505270371178,30.96953183074373,81.36191179196059,.16681574,5.4999986,3.4943273,3.2977316,3.0075927,2.0000017,2.6999974,1,0,0,,10,.56819916,3.3727646,2.0350456,5.07164,5.0191879,5.5530548,-1.7700195,-4.2949677,2.8828621,1.6639709,2.4731636,3.8434982,1
COMOROS     ,1994,.466309,.38070127,.14292474,-3.877444005038496,102.7324186363468,84.66991136515783,,,6.0000048,6.2723651,4.4461756,3.562062,.68079251,0,1,0,2.5,2,-5.4210186,2.9616833,3.4096241,1.7652512,.84886551,-1.650238,-2.1886826,3.5464764,-1.3509274,4.1288376,1.1482716,1.9067287,0
CAPE VERDE  ,1993,.368423,.18882634,.2086442,-8.304704901346186,36.07862500258258,55.90032032730134,.043730158,,2.999994,3.0000014,3.0000031,3.0000005,2.3000009,1,0,0,3.9,4,7.0585728,2.9980659,1.3968945,.68573952,5.542469,5.823946,2.5259018,6.6980839,7.2227001,6.4882278,7.3552608,8.0776215,0
Costa Rica,1981,2.454127,.18158604,.64334518,-15.99281037690976,111.4010015556277,114.799180565317,.64935064,,,,,,,0,1,1,,14,-2.2854805,.74901581,4.8242569,6.0768127,8.5287094,5.3666115,-7.6583862,-7.5642586,2.8193474,7.7224731,.71792603,5.3813934,1
Costa Rica,1987,2.872214,.17042941,.73357522,-5.04785122341238,94.85800172501885,134.6179218539391,.16623376,,,,,,,1,0,0,,10,4.6546936,5.3813934,.71792603,7.7224731,2.8193474,-7.5642586,14.213943,3.3808708,5.5110931,3.490448,2.2371292,8.7572098,1
Costa Rica,1991,3.175654,.15058492,.69631189,-3.090839116886163,46.28535911172358,112.9382667487654,.25285897,,4.1594286,3.9940708,4.0148091,4.0159178,3.1878927,0,1,0,,8,2.2371292,3.490448,5.5110931,3.3808708,4.6546936,5.3813934,-3.0843735,8.7572098,7.1516991,4.6211243,3.8458824,.88272095,1
Costa Rica,1994,3.425692,.13622156,.79070264,-4.900433676865043,30.12039329810845,117.4484491143374,.19888623,,3.5000091,3.5000005,3.4999976,3.5000026,3.4999988,1,0,0,,8,4.6211243,7.1516991,8.7572098,2.2371292,3.490448,5.5110931,-.55217743,3.8458824,.88272095,5.4282188,8.0637932,7.9015732,1
Czech Republic,1996,10.326682,.29087964,1.7891457,-6.17155700416303,33.02196690091873,91.65816729377609,.087360598,,5.0000033,4.9999957,5.0000005,4.9999986,5.2193131,1,0,0,,10,4.1935921,6.035614,2.867794,.061893463,-.50783157,-12.346745,16.482925,-.67653656,-.31652451,1.4277458,4.2045593,3.0058861,0
DJIBOUTI,1991,.610679,.3893007,.21458168,1.999218807988597,42.50686533470533,96.6923190429597,.051721983,,3.4256439,3.3979652,3.3710244,3.3342493,3.3086102,1,0,0,1.9,2,-3.1972885,6.6805363,-2.6343822,1.1919498,.49357414,-1.196146,,5.6974411,4.725647,-2.4528503,5.4502964,-5.2251339,0
DOMINICA    ,2002,.069806,.29954875,.61140573,-14.21233022130283,73.90719376730905,113.0209444975126,.0035771066,3.9674628,1.0077207,.99610138,1.0061234,.99403876,1.0040122,0,0,1,3.375,1,-2.058506,.33836365,.63452721,.63862801,3.1117439,2.4637699,-3.2485962,7.3850632,2.6006222,-.32372475,4.4702053,5.7855129,1
Dominican Republic,1982,6.078816,.1653651,.4707624,-7.02802354310786,,116.7526193769381,.071811363,,,,,,,0,0,1,,8,1.6854286,4.1898727,7.670784,4.4281006,2.1220207,4.8577309,-3.1772614,4.5240402,1.2451172,-2.1453857,3.4613609,9.6376419,1
Dominican Republic,1985,6.488856999999999,.1366863,.46740967,-1.309696210353468,,111.7400921265501,.30852827,,,,,,,0,1,0,,14,-2.1453857,1.2451172,4.5240402,1.6854286,4.1898727,7.670784,-9.8125458,3.4613609,9.6376419,2.1330833,4.3064117,-5.1339149,1
Dominican Republic,1990,7.183646,.10619106,.43412217,-1.592453336175036,,114.2112798691951,.79919279,,5.4888072,5.3507624,3.7971673,5.7100563,3.2298267,0,1,0,,14,-5.1339149,4.3064117,2.1330833,9.6376419,3.4613609,-2.1453857,-3.4633636,.76675415,9.9965096,6.9734573,2.2771835,5.3481102,1
Dominican Republic,2003,8.967758999999999,.10928164,.56448907,4.588107744275489,,107.3217240494576,.42655027,6.7999935,4.5,4.5,5,.5,-3,1,1,1,,8,-.25377274,5.6269646,1.7930984,5.5024147,6.4992905,6.775856,-7.0295334,1.3033867,8.8585854,10.139275,8.1346512,3.0953407,1
Algeria,1988,24.591493,.23389935,.79470718,-3.677591758717878,47.26678199000075,48.27885364659338,.086372383,,,,,,,0,1,0,,12,-1.0050774,-.70238113,.39920807,3.6331177,5.4488182,5.2592278,-6.2644958,4.3059349,.79679489,-1.2072563,1.7840385,-2.1224022,1
Algeria,1990,25.912364,.19281854,.75933367,2.181211444805194,45.85229599416785,62.9102303848525,.47372845,,4.4999952,4.500001,4.4999986,4.5000038,4.5999942,1,0,0,,12,.79679489,4.3059349,-1.0050774,-.70238113,.39920807,3.6331177,-2.8364182,-1.2072563,1.7840385,-2.1224022,-.90408325,3.7296295,1
Algeria,1994,28.362015,.25767806,.62909567,-4.333792982851628,69.50044870243377,38.79293476784125,.28999999,,5.8355708,6.809701,6.1075478,6.2000008,3.0000036,0,1,0,,14,-.90408325,-2.1224022,1.7840385,-1.2072563,.79679489,4.3059349,-5.2101135,3.7296295,4.018116,1.0940552,4.9741745,3.1498909,1
Ecuador,1982,8.392935,.29052225,.5570696,-6.866430918343522,35.93548363864046,173.7055650797578,.244,,,,,,,1,1,1,,14,1.1803627,3.8674355,4.7897339,5.1668167,6.3828468,6.3300133,-.97904205,-2.8614998,4.1166306,4.2510986,3.0508041,-6.1698914,1
Egypt,1979,42.32174,.46452761,.11345742,-5.324455894469177,149.5393333371831,138.3887053127222,.098306999,,,,,,,0,1,0,,10,9.7959518,7.6206207,7.4977875,12.846279,4.9628258,2.4551392,3.408432,9.4864845,3.687191,9.4466209,14.551926,9.71241,0
Egypt,1984,48.061546,.41309929,.17632838,-8.10131552613456,75.6778383986159,133.0026709829192,.1958046,,,,,,,0,0,1,,10,9.71241,14.551926,9.4466209,3.687191,9.4864845,9.7959518,.049591064,6.533432,1.9739151,7.5671196,5.1650047,5.6529999,0
Egypt,1990,56.397273,.17512578,.19149876,-2.698940793321714,47.98234544015245,150.402288669054,.21379772,,-1.3574712,0,.22676256,-.451469,-.44943991,0,1,0,,10,5.6529999,5.6529999,5.1650047,7.5671196,1.9739151,6.533432,-.84819794,5.2035332,6.4508438,2.8629303,3.8721085,4.4569016,1
ERITREA     ,1993,,,,22.1760639287189,.497107916183518,,.10619469,,,,,,,1,0,0,,1,,,,,,,,,,,,,0
Spain,1977,36.687352,.10642884,1.3479731,-2.03023069050826,,68.84603255103171,,,,,,,,1,0,0,,8,2.7990341,3.2503128,.5408287,5.4665565,7.5000763,7.8346252,-5.0355911,1.452446,.041484833,2.1847725,-.13256073,1.2387276,1
Spain,1983,38.415495,.14703347,1.3068686,-1.423694434690317,,58.19536693865754,.12234607,,,,,,,0,1,0,,8,1.7546654,1.2387276,-.13256073,2.1847725,.041484833,1.452446,.30212402,1.7688751,2.2949219,3.20158,5.3986549,4.9688339,0
Estonia,1992,1.520879,.23796183,.89081544,,,,,,,,,,,1,1,0,,2,-23.785877,-8.3380699,,,,,,-5.9119225,-2.0118713,4.1770935,5.1869392,11.152935,1
ETHIOPIA    ,1993,53.477944,.075836569,.063826822,-.5468687659162603,100.8372995445618,141.9742272907749,.047143035,,5.4501781,5.421628,5.4157495,4.5779595,4.0458403,0,1,0,2.5,10,12.542534,-9.329319,-7.491684,.25968552,-6.2944412,28.487968,11.845589,3.4270287,5.9410095,12.69207,2.8008461,-4.1294098,0
Finland,1991,5.009380999999999,.19887047,2.1829293,-5.249419286584951,,104.055444098665,.04549763,,4.0985651,3.6933992,2.5155554,.7841087,-2.9918833,1,0,0,,8,-6.0965538,.67358017,4.9624443,5.0786972,3.4972191,2.6896477,-8.7860107,-3.3811569,-.73719025,3.8636208,4.1210175,3.5935402,0
Finland,1993,5.061465,.18550451,2.0433474,-1.260670802817554,,101.0122430992336,.029160529,,3.7924659,4.1129694,3.7848659,1.5020167,-2.0927584,0,1,0,,8,-.73719025,-3.3811569,-6.0965538,.67358017,4.9624443,5.0786972,-5.8158875,3.8636208,4.1210175,3.5935402,6.0641289,5.2863121,0
Fiji,1998,.800314,.24345312,.48614681,-.450868207914113,13.59176109609019,,.08127854,5,2.9999962,2.9999993,4.9481134,4.5225382,4.0084219,0,1,0,,8,1.2916565,-2.2245407,4.6883583,2.4692535,4.9741745,1.7128944,-.81596375,8.4341049,-1.7147064,1.9803047,3.1498909,.99506378,0
Gabon,1986,.853039,.20797883,.86861318,-19.38518839245268,34.43889321428673,88.63303954564256,,,,,,,,0,0,1,,1,-.80690384,-2.3605347,7.2402954,5.4566383,-3.1464577,4.9696922,-5.7765961,-18.809032,12.084866,8.1996918,5.0619125,5.9329987,1
Gabon,1994,1.058625,.11643957,.79672122,7.522017140484608,71.34448769277336,87.11775528726425,.46950436,,2.2168703,2.1852877,1.6583229,1.4474384,-.81853676,0,1,0,,1,5.3331375,2.3591995,-3.1389236,5.9329987,5.0619125,8.1996918,-4.5541763,4.8539162,3.5611153,5.5797577,2.9147148,-11.224937,1
Gabon,2002,1.289192,.23129895,.6965,6.365512622278881,64.96884223977246,106.15269070273,.00420964,3.7409122,2.2299535,1.8786539,.67357534,-.46300462,.98864228,0,0,1,,1,-1.8117905,2.3262024,-1.3246536,-11.224937,2.9147148,5.5797577,-5.8290482,2.4627686,.79126358,1.0883331,-3.1734467,6.1398506,0
United Kingdom,2007,61.15182,.17901903,2.2425182,-2.448902272534282,,99.21379878388899,.021013597,2.8428771,2.6686194,2.6936688,2.5681138,2.3235428,3.057301,1,0,0,,11,2.5531769,2.6269913,2.9523849,2.4580002,3.2821655,2.4633408,-.098800659,-.46796799,-4.2823792,1.5284538,1.9532204,1.1721611,0
GEORGIA     ,1991,5.418449,.64123762,.8651768,,,,,,,,,,,1,0,0,,14,-23.995018,,,,,,-15.170097,-58.883476,-34.65929,-10.960388,2.5448799,10.693359,0
GHANA       ,1978,10.35449,.15609634,.23443493,-.2289908339312565,6.895642637473975,11.67671342622232,,,,,,,,0,1,0,1.9,14,8.1357956,2.2486687,-3.594017,-13.275051,6.6279411,5.3966522,5.2921295,-2.5452614,.45967102,-3.5568237,-7.172966,-4.6731949,1
GHANA       ,1982,11.488112,.19004737,.1673609,-.3762207596550798,1.255352564307871,40.90858618618022,.16786771,,,,,,,1,0,0,2.5,14,-7.172966,-3.5568237,.45967102,-2.5452614,8.1357956,2.2486687,-9.4236374,-4.6731949,8.2939148,4.955101,5.0813675,4.6834946,1
GHANA       ,1993,15.907244,.15020381,.18303894,-7.28596522306318,8.420421100742786,25.49964485846981,.27655759,,6.0000019,5.9999995,5.9999976,6.000011,5.4999995,0,1,0,3.7,12,4.7361374,3.8060188,5.1470757,3.2746315,4.9607277,5.4755211,-.73947906,3.2168388,3.9445877,4.493618,4.1125298,4.5869827,0
GHANA       ,2009,23.713164,.15947168,.14831488,-5.460778521487099,26.61498474327997,74.56798076290475,.094591014,5,5.3260403,7.057056,22.511942,4.9919825,4.5309386,0,1,0,3.841666666666667,8,4.7305107,8.7557793,4.2541504,4.4512749,6.0113907,5.2145958,-.71697235,7.6053619,13.142395,8.8852882,7.0584297,3.9624214,1
GUINEA      ,1982,4.684991999999999,.09402819,.21297736,-5.081080167119077,73.99179063052304,,,,,,,,,0,1,0,2.5,10,1.7839432,.60787201,2.5681496,-1.2151718,6.5752983,-3.4106255,,1.2916565,1.3902664,4.8789978,3.0665398,3.2466888,1
GUINEA      ,1985,5.078689,.092814222,.217355,-2.284867681084092,73.34485393461668,,,,,,,,,1,0,1,2,15,4.8789978,1.3902664,1.2916565,1.7839432,.60787201,2.5681496,,3.0665398,3.2466888,6.1170578,3.9254189,4.2332649,1
GUINEA      ,1993,7.155564,.11329468,.18218824,-6.052543252027289,85.36054942338902,125.328318302251,.049956933,,5.1799321,5.4048376,5.4006796,5.394865,4.934195,1,0,0,2.4,8,4.9251556,3.2200813,1.4443398,4.2332649,3.9254189,6.1170578,-1.1959076,3.9227486,4.573822,4.364872,5.0518036,3.5793304,0
GUINEA      ,2005,9.669022999999999,.10560746,.067949966,-1.282792665269806,110.1369884338651,92.84318318230042,.29663333,6,5.6084852,6.0442667,5.4338827,4.9314556,2.9503007,0,1,0,3.016666666666667,8,2.9558182,2.273941,1.1928558,5.0693512,3.633213,2.4722099,.48084259,2.4692535,1.7840385,4.7837257,-.30040741,1.8821716,0
"GAMBIA, THE ",1985,.732092,.10008809,.18804163,-2.154718979528842,76.43060239696725,,.25455064,,,,,,,0,1,0,2,15,3.3351898,2.7898312,-3.5729408,6.7929268,16.587019,.2415657,-6.8969727,2.1199226,3.0245781,4.9635887,3.5210609,3.5297394,1
"GAMBIA, THE ",2003,1.350345,.084749617,.1154032,-7.357659787718943,117.352518992368,112.1117740329741,.17563683,5.0438871,4.5177398,4.8023658,5.0229082,5.4764938,7.4396253,0,1,0,3.2,8,2.2769928,.45614243,5.6231499,5.9538364,6.6217899,3.5894394,3.204155,8.8096619,-.94628334,1.1176109,3.5666943,5.5764675,0
GUINEA-BISSAU,1980,.8498859999999999,.81512064,.12554693,-35.71399237252892,260.4860084561711,241.0906371125433,,,,,,,,0,1,0,2.8,2,-17.378998,1.974535,12.33325,-7.4401379,4.8251629,7.5530052,-24.932098,-.49872398,4.1141987,-3.4591675,5.3540707,4.2101383,0
GUINEA-BISSAU,1994,1.155111,.15648448,.12922864,-10.56985709777332,157.9266415305095,166.99522611382,.19277237,,4.2415271,4.0393367,3.7050698,3.0841351,2.5969951,0,1,0,2.8,15,2.9197216,2.2504807,3.04842,2.9560566,3.2461643,4.4014454,-2.7713776,3.9371967,3.6781311,5.8210373,-18.524551,12.42218,1
Equatorial Guinea,1980,.220605,.51774657,.09332335,,126.5328356847155,474.6154630544355,,,,,,,,0,1,0,,8,4.7267437,-5.1216602,-5.1352024,7.0622444,.28944016,6.3709259,,5.6089401,2.175045,4.885149,1.0071754,1.9665718,1
Equatorial Guinea,1983,.273199,.58171713,.10712133,,229.4370156545088,371.0190820281985,.60057628,,,,,,,1,0,0,,8,4.885149,2.175045,5.6089401,4.7267437,-5.1216602,-5.1352024,,1.0071754,1.9665718,-3.8667202,7.2109699,5.1431656,0
Equatorial Guinea,1994,.433197,.39337224,.034248203,-.2890228803737704,197.7597636706235,712.6707307614279,.43745849,,3.8329608,4.4204512,4.960218,5.300004,8.8999968,0,1,0,,1,8.9656353,9.0591431,12.484789,.32186508,-2.4869442,-2.7977943,16.653824,11.067772,29.715014,66.917274,16.282272,20.864964,0
Greece,1983,9.822998999999999,.16925304,1.3682566,-3.783702449960005,,95.03465230918184,.20224719,,,,,,,0,1,0,,12,-1.0844231,-1.139164,-1.5659332,.67491531,3.229332,6.9963455,-8.080864,1.9906044,2.4785995,.51631927,-2.2848129,4.1985512,0
Greece,2012,11.109662,.25180972,1.3014339,-3.831143699922597,241.8386640054997,96.57919723105627,.0031810296,2.5999999,3.7501647,2.75,0,-4,-6,0,,1,,1,-7.5806618,-9.5767975,-5.6344032,-4.3959618,-.33578873,3.2213211,-10.802078,-3.2505035,.6518364,,,,1
Guatemala,1986,8.320497999999999,.1222937,.36911032,-.3134498869434303,36.50546878194373,151.8593193315493,.215,,,,,,,0,1,0,,14,.13952255,-.59080124,.47168732,-2.5856972,-3.6135674,.66404343,-.50201416,3.4826279,3.818512,3.8668633,3.0553818,3.592968,0
GUYANA      ,1982,,,,-39.33576551348816,210.7746508702485,132.3308597680161,.19314981,,,,,,,0,0,1,2.5,7,,,,,,,-11.470604,,,,,,0
GUYANA      ,1987,,,,-19.38335385527204,266.3449227033974,138.4086119820294,.34561694,,,,,,,0,1,0,1,7,,,,,,,15.040398,,,,,,0
GUYANA      ,1993,,,,-17.53235323195534,281.8318334813426,107.3521669247508,.068000004,,5.0000014,5.0000024,4.8999991,5.0000048,6.5000024,1,0,0,3.1,7,,,,,,,11.657333,,,,,,1
HONDURAS    ,1981,3.750843,.15535407,.25303185,-7.857322762779375,42.43576783403565,106.1682559708259,.091508053,,,,,,,0,0,1,3.1,2,2.5016785,.66623688,4.5589447,9.536171,9.8793983,9.9851608,-7.4834824,-1.4010429,-.92859268,4.2538643,4.1028976,.72011948,1
HONDURAS    ,1990,4.903363,.10668641,.26189739,-1.92867751550286,95.4375749017821,102.2561202446315,.36420789,,4.0055475,3.9553652,3.8502996,2.8884742,3.1062717,0,1,0,3,14,.096797943,4.2349815,4.5066833,5.856514,.72011948,4.1028976,-4.0061951,3.2002449,5.4718018,6.0437202,-1.3118744,3.9989471,1
Croatia,1998,4.491742,.23326342,1.0976584,-5.770329894496099,42.2927509455614,99.55562531581447,.060190413,,3.5000031,3.5000014,3.9999928,4.4999986,5.0000048,1,0,0,,8,1.8447876,6.4339638,5.7076454,6.6104889,5.704689,-8.3661079,,-.93994141,3.6982536,3.37677,5.1135063,5.4089546,0
HAITI       ,1992,7.386974,.071407385,.11053842,-14.16217019759188,158.2630832277269,170.1003565243782,.15180983,,3.6564386,3.6564326,3.3151712,3.2222924,3.2791529,0,1,0,2.2,10,-5.4572105,1.8647194,1.0327339,-2.9566765,3.1033516,-.75149536,,-5.5840492,-12.719345,9.4326019,4.0593147,2.6665688,0
HAITI       ,1994,7.674911,.086667195,.089753889,-.9013878597292746,51.9060516347447,139.2159953797834,.41976365,,3.9999995,3.5000007,3.0000031,2.5000002,1.9999949,1,0,0,1,14,-12.719345,-5.5840492,-5.4572105,1.8647194,1.0327339,-2.9566765,,9.4326019,4.0593147,2.6665688,2.1601677,2.6765823,1
HAITI       ,2003,8.976554999999999,.040520322,.10895609,-1.502011583742095,43.48874567043538,113.288522821984,.37780532,2.0002384,3,3,2,1,0,0,1,0,2.275,14,.36182404,-.25415421,-1.0482788,.8638382,2.6765823,2.1601677,-1.7951965,-3.5824776,1.7838478,2.2279739,3.2885551,.84037781,0
Hungary,1991,10.370223,.28388244,1.1005971,1.163512702952552,60.59994197394054,98.10724609868802,.322,,4.9551139,4.4556503,3.9882054,2.0181744,-5.1068382,1,0,0,,10,-12.660789,-3.5592079,.73366165,-.065231323,3.9712906,1.523304,,-3.11203,-.57783127,2.9046059,1.4784813,.043296814,1
Indonesia,1979,144.640402,.133898,.18260142,1.138921672315425,21.21241614687478,62.76031821199069,.20651834,,,,,,,0,1,0,,7,6.0630798,7.5532913,8.4033012,6.6534996,4.8600197,7.363224,-.28877258,9.4191551,7.6336861,2.215004,8.4113121,6.7421913,0
Indonesia,1997,203.707717,.16375218,.39510879,-1.457723407327221,55.93177302716114,89.55826178036494,.10268298,5.9999948,6.4999967,6.4999938,6.4999976,6.1999989,7.0000019,1,0,0,,7,4.592514,7.5274467,7.8997612,7.2692871,7.0025444,6.9717407,-1.7024994,-14.071751,.78792572,4.80299,3.5786629,4.401207,1
INDIA,1993,924.4756329999999,.1494316,.1343182,-.4080559799416726,32.61684605313457,102.5154336236057,.09504132,,6.5000052,6.3803878,5.8799419,5.4025092,4.8043795,1,0,0,3.6,4,4.8360825,5.2785873,.42247772,5.5064201,6.36549,9.4614983,-4.5507431,7.1982384,7.3675156,7.1340561,4.3807983,5.8150291,0
Iran,1985,47.290793,.18501183,.31673655,-.5152447768799201,2.990351570244993,160.9250688397151,,,,,,,,0,1,0,,12,1.8504143,-7.4075699,10.514164,20.840549,-5.8654785,-24.33424,26.184654,-10.297394,-.17223358,-6.2747955,5.9514046,12.746906,0
Iran,1992,58.13009899999999,.16813058,.35686797,-14.93227338233954,32.72827132371052,72.49968189044672,.21945344,,6.4999952,6.500001,6.499999,6.4999981,6.4999976,0,0,1,,12,3.2447815,11.970234,12.746906,5.9514046,-6.2747955,-.17223358,3.4170151,-1.4819145,-1.7128944,2.3726463,6.1570168,1.3414383,0
Iran,2000,65.85006199999999,.22284494,.55418521,3.671346547016336,2.22200682723973,100,.085000001,3.0000038,5.0000019,4.999999,4.4999976,3.9999952,3.4000027,0,1,0,,12,5.6810379,1.982975,2.0586014,1.3414383,6.1570168,2.3726463,3.3084869,2.3639679,7.7691078,8.2862854,4.2452812,4.1225433,0
Iceland,1975,.217958,.15723187,2.2220044,-8.975248065367184,,104.9640217569157,,,,,,,,0,1,0,,14,.64401627,5.5494308,6.5844536,5.9940338,12.275553,7.1938992,-8.3124161,5.7886124,8.4545135,5.8426857,4.746151,5.5888176,0
Iceland,1981,.230525,.15657276,2.6540215,-4.069291634798399,,96.35444916138479,.49289554,,,,,,,0,1,0,,14,4.1765213,5.5888176,4.746151,5.8426857,8.4545135,5.7886124,-1.6119003,2.1317482,-2.1746635,4.046154,3.239727,6.0818672,0
Iceland,1989,.252219,.19096766,3.0525515,-1.316549241436185,,94.82770352185375,.25205478,,,,,,,0,1,0,,8,.25815964,-.089740753,8.200264,6.0818672,3.239727,4.046154,-3.7879944,1.162529,-.22373199,-3.4321785,1.3049126,3.5452843,0
Israel,1975,3.33676,.51841205,1.65518,-12.40983459832187,,82.2634210476956,,,,,,,,0,1,0,,14,3.1913757,6.2750816,5.4369926,11.463642,10.391903,11.972427,-3.8612366,.32196045,1.0299683,5.4062843,6.0227394,1.6566277,1
Israel,1977,3.513516,.41761908,1.5384268,-1.906265142421826,,86.24976779539946,.4254249,,,,,,,1,0,0,,14,1.0299683,.32196045,3.1913757,6.2750816,5.4369926,11.463642,-10.433769,5.4062843,6.0227394,1.6566277,5.2022934,2.0610809,0
Israel,1980,3.744667,.41005665,1.4319466,-3.690375771857786,,84.5207947291493,1.8857031,,,,,,,0,1,0,,14,1.6566277,6.0227394,5.4062843,1.0299683,.32196045,3.1913757,-1.5348434,5.2022934,2.0610809,3.3039093,.92887878,3.9575577,0
Israel,1985,4.082781,.37405977,1.8339239,3.733702165769349,,86.23553952249326,1.8517495,,,,,,,0,1,0,,14,3.9575577,.92887878,3.3039093,2.0610809,5.2022934,1.6566277,2.3010254,4.104805,6.8963051,2.8684616,.57315826,7.0599556,0
Italy,1981,56.489623,.15223618,1.8055741,-3.518815551531072,,84.44502402984159,.19506909,,,,,,,0,1,0,,12,.84066391,3.3724785,5.7884216,3.1887054,2.528286,6.8829536,-6.0424805,.41275024,1.1624336,3.1748772,2.7596474,2.8198242,0
Jamaica,1978,2.089015,.17824338,.52189296,-1.583393303610426,42.30634942386207,183.1110789425434,.49383539,,,,,,,0,1,1,,14,.54283142,-2.4075508,-6.6752434,-.30612946,-3.9635658,1.2677193,5.5879593,-1.858902,-5.8973312,2.5267601,1.2187004,2.2601128,1
Jamaica,1983,2.24989,.15164053,.38903019,-10.40473389093914,99.92944180409506,180.6766537044347,.16657333,,,,,,,0,1,0,,8,2.2601128,1.2187004,2.5267601,-5.8973312,-1.858902,.54283142,1.9449234,-.85849762,-4.7541618,1.6689301,7.4375153,2.8443336,1
Jamaica,1991,2.403082,.13656172,.44631207,-3.978064264244944,95.22714423925163,204.3855875542161,.85096854,,3.6026795,3.5969112,3.5989001,3.600827,4.0012803,0,1,0,,14,.87032318,5.3144455,6.6149712,2.8443336,7.4375153,1.6689301,2.8598785,9.8313332,1.9483566,.88796616,1.0240555,.31318665,1
Jamaica,1996,2.51234,.22788125,.47481441,-1.449790744817029,52.20169742741783,114.4286495665115,.15842153,3.6026816,2.0000019,2.0000019,1.9999959,2,.99999601,1,0,0,,8,.31318665,1.0240555,.88796616,1.9483566,9.8313332,.87032318,-4.838562,-.989151,-1.2340546,.98390579,.68902969,1.2726784,0
Jamaica,2010,2.741253,.21832843,.4049179,-7.972359545534532,64.93820095990398,92.22616231476172,.11739642,3.5,2.075,2.0059123,1.9614153,1.7561356,-.13097064,0,0,1,,7,-1.5001297,-4.5261383,-.72488785,1.4338493,2.8577805,.88977814,-2.3670197,1.7086029,-.60539246,.54645538,.68531036,,1
Jordan,1989,3.209466,.40943494,.45308018,3.650420051110071,150.7841221891314,96.04385728799825,.25935373,,,,,,,1,1,1,,10,-11.349964,1.4503479,2.2979736,5.357933,-2.7453423,4.2017937,-22.734642,-.27456284,1.5956879,13.412857,4.3828011,4.8664093,1
Japan,1997,125.048424,.13467413,2.8015435,2.154884245640325,,90.27944885009458,.021451779,3.2999973,3.2405434,3.8262458,2.9861085,2.0520043,1.1436627,1,0,0,,13,1.583004,2.5765419,1.9237518,.85992813,.17089844,.81567764,.25501251,-2.0235062,-.19950867,2.2324562,.35476685,.28915405,0
Kazakhstan,1999,15.059994,.24271601,.42290851,-1.013605774645349,71.65676095260719,142.4942399575057,.1809468,3.0001216,4.5,4,4,3,-1.5,0,1,0,,7,2.6507378,-1.9060135,1.7199516,.46377182,-8.6032867,-13.432503,16.131783,9.3905449,12.704754,9.3035698,8.9197159,9.154129,1
KENYA       ,1985,19.660713,.26942104,.20771036,-1.315099769999695,58.64248050924047,58.95141782996664,.10231317,,,,,,,1,0,0,3,2,4.1858673,1.752758,1.3563156,3.6209106,3.6957741,5.4408073,-1.2306213,6.9221497,5.7542801,6.0131073,4.5881271,4.1257858,1
KENYA       ,1992,25.029754,.1077085,.18678133,-3.155432233886846,55.53758653817697,132.1905335423573,.33668298,,5.5000362,5.499938,5.4999871,4.5000119,2.0000348,1,0,0,3,14,-.79631805,1.3978004,4.1257858,4.5881271,6.0131073,5.7542801,-6.5704346,.35915375,2.5949478,4.310894,4.0614128,.2699852,1
KYRGYZ REP.,1997,4.734761,.3808544,.20340268,-7.833028644727159,74.13602171550791,87.25373632742432,.12979153,,4.5005665,4.6002765,6.6995935,7.6995325,6.9006882,0,1,0,3.385,14,9.4539642,6.8448067,-5.5764198,-22.420883,-16.793728,-14.893913,24.406815,2.0996094,3.5905838,5.3003311,5.1848412,-.017261505,1
CAMBODIA,1971,7.167716,.051097725,.17114614,,,,,,,,,,,0,1,0,,,-5.124855,,,,,,,-5.5901527,-21.003056,-5.3748131,-1.3587952,0,0
CAMBODIA,1992,9.659238,.095196843,.10931936,-1.008662138620573,26.07760774929804,78.9188311298385,1.12,,5.5899348,5.5899425,5.4651647,5.4482169,5.0746689,0,1,0,2.3,14,6.7937851,7.3126793,1.1534691,-.25911331,15.008354,19.500351,,4.0101051,7.3949814,5.7531357,4.4975281,5.4676056,0
Korea,1997,45.283939,.095156714,1.7286015,-1.844741249889801,28.98765343343798,128.261859438592,.065738074,7.6825404,6.8999977,6.9999967,6.6999979,5.999999,5.9999976,1,0,0,,7,5.7535172,7.3199272,9.1399193,8.8067055,6.6225052,5.9923172,-.23880005,-5.6265831,10.713577,8.5484505,4.4259071,7.1691513,1
Kuwait,1982,1.518855,.15539297,4.0243015,22.57789546516488,51.5825212690616,22.12189823578484,.084584996,,,,,,,1,0,0,,7,-12.498665,-20.979214,-21.58041,13.014317,7.0968628,-3.9235115,,7.639122,5.1088333,-4.3581963,8.2203865,7.8313828,0
"LAO, PDR",1972,2.837967,.26856017,.086149603,,,,,,,,,,,0,1,0,,,3.393507,4.8682213,,,,,,8.3695412,3.5779953,6.4583778,2.9130936,-2.0145416,0
"LAO, PDR",1978,3.164146,.27119404,.087181844,1.241798997467196,32.5380824120863,47.6772700812861,,,,,,,,0,1,0,2.2,12,.99010468,-2.0145416,2.9130936,6.4583778,3.5779953,8.3695412,,-2.0184517,9.5345497,14.264297,6.8441391,4.5785904,0
"LAO, PDR",1986,3.78523,.29427621,.13045259,-4.759596658763766,45.93703450119393,49.08749921975541,,,,,,,,0,1,0,2,12,4.7696114,4.9456596,6.9220543,4.5785904,6.8441391,14.264297,,-1.4361382,-2.0306587,13.269901,6.4893723,4.2068481,0
Lebanon,1984,2.667229,.66989332,.5450266,-26.78767454922825,4.969240581646182,107.9579146464144,.2530328,,,,,,,0,1,0,,14,36.79657,20.465183,-45.868874,.548172,3.396225,8.9933395,,21.752739,-7.0135117,15.468502,-33.141041,-55.253506,0
Lebanon,1990,2.703019,.51008505,.36078802,-38.68321338063862,19.16344613813131,26.87300204763953,.77075344,,4.4541612,4.3656187,4.1619954,3.9031935,3.0022454,1,1,0,,14,23.53344,-55.253506,-33.141041,15.468502,-7.0135117,21.752739,,32.353687,4.4015884,6.7640305,7.6990128,6.330204,0
LIBERIA,1980,1.892529,.090405151,.11591006,,,,,,,,,,,0,0,1,2.8,1,-6.4933777,4.6628475,5.5952072,.93827248,4.6944618,-3.9528847,-.65460205,-3.9668083,1.739502,-3.5001278,-.5906105,-2.0404816,1
LIBERIA,1991,2.06606,.050789062,.044606786,,,,,,2.6920218,2.2421112,2.2107012,1.9473633,2.8830843,1,0,0,1,15,-15.344524,-71.397972,2.7499676,2.788353,1.7792702,-1.1863708,-13.651848,-43.210175,-40.01107,-24.541903,-4.3598652,11.44104,0
Libya,2002,,,,3.970885904971079,,,-.072684325,2.6124492,3.05,2.9000001,2.55,2.45,-.55000001,0,1,0,,6,,,,,,,,,,,,,0
SRI LANKA,1978,14.534087,.14216579,.24239899,-5.613791862091665,70.11313087163033,93.72907859289411,,,,,,,,0,1,0,3.4,8,8.3118439,4.0226936,3.7171364,3.3390999,3.8748741,3.4661293,-1.3196945,5.8904648,5.9782028,5.3993225,5.0557137,4.6432495,1
SRI LANKA,1989,17.111785,.31943473,.28058729,-6.988207825005937,61.19759783362034,75.83637148673678,.15103118,,,,,,,1,0,0,2.9,7,1.954937,2.7411461,1.6086578,4.1849136,4.8949242,4.9279213,-2.7002335,6.0523987,4.7083855,4.2858124,6.6869736,5.4953575,0
LESOTHO     ,1985,1.467856,.24225897,.10169531,-9.657168528146377,54.56302195467055,64.85635154996152,.19831224,,,,,,,0,1,0,2,2,3.3481121,4.5090675,1.6550541,3.5257816,.97088814,-2.7831554,5.3598404,4.9711704,.2863884,8.6616039,5.6390285,5.9689045,0
Lithuania,1992,3.690788,.24575517,.94057143,,,,,,,,,,,0,1,0,,14,-23.900604,-5.8430672,,,,,,-17.705727,-10.276413,3.2370567,5.0217628,7.9672813,1
Latvia,1992,2.611306,.28731242,.96242452,11.29976933714882,2.551113186312393,88.6144335794496,,,,,,,,0,1,0,,14,-42.861366,-10.995483,,,,,,-16.097546,.6439209,-.8140564,2.3267746,8.6112976,1
Latvia,1995,2.487988,.34947851,.72983718,-.2987849129105181,28.41050159410376,106.259446449857,.2313956,,4.9998941,4.9997096,5.0001554,4.1999998,.39999977,1,0,0,,10,-.8140564,.6439209,-16.097546,-42.861366,-10.995483,,,2.3267746,8.6112976,6.3286781,2.5876999,5.2600861,1
Morocco,1980,20.071902,.2745176,.23453492,-4.020377599640646,43.42474818225141,136.3870446359639,.096887559,,,,,,,1,0,0,,11,4.1389465,4.6888351,2.2219658,5.8725357,10.259438,7.2859764,-3.7088394,-2.8059006,9.1846466,-.55875778,4.2385101,6.1306,1
Morocco,1983,21.583746,.28421736,.300789,-6.081657395225613,73.70463308696645,130.0172117765372,.12537883,,,,,,,0,0,1,,11,-.55875778,9.1846466,-2.8059006,4.1389465,4.6888351,2.2219658,-.83122253,4.2385101,6.1306,7.793045,-2.5162697,10.021782,1
MOLDOVA,1999,4.22427,.26035726,.14263657,-5.817102894696026,124.0957972371612,106.9918611666536,.43799999,3.7735813,5.9999356,5.0000148,2.9999819,1.0000747,-5.0000143,0,1,0,3.175,14,-3.4262657,-6.7659378,1.6337395,-6.056881,-1.3848305,-36.989307,,2.0857811,5.9602737,7.5196266,6.413269,7.1047783,1
MADAGASCAR  ,1981,8.983494,.34755528,.094586551,-10.09202901845073,41.01404898493661,85.84476015113066,.30456853,,,,,,,0,0,1,2.2,2,-9.0418816,.8023262,9.3590736,-2.6583672,2.337265,-3.1172752,-7.0850372,-1.845932,.80680847,1.6902924,1.1492729,1.940155,1
MADAGASCAR  ,1984,9.714342,.27200183,.11990746,-6.576094014132154,72.69186430923161,121.4614785816655,.09759479,,,,,,,0,1,0,3.1,8,1.6902924,.80680847,-1.845932,-9.0418816,.8023262,9.3590736,-7.7085495,1.1492729,1.940155,1.1712074,3.3467293,3.9978981,1
MADAGASCAR  ,1988,10.877757,.20509443,.11006763,-6.14117800201151,122.3915661720139,130.0747194613149,.17321271,,,,,,,1,0,0,3.3,12,3.3467293,1.1712074,1.940155,1.1492729,1.6902924,.80680847,2.4488449,3.9978981,3.0820847,-6.5174103,1.1792183,2.0748138,1
MADAGASCAR  ,1994,13.039754,.10827998,.081859484,-9.306115237909566,79.1453228888889,119.3131800171032,.61215574,,4.9548168,5.0065494,4.7959585,4.2011256,3.2900994,0,1,0,2.6,14,-.071620941,2.0748138,1.1792183,-6.5174103,3.0820847,3.9978981,-4.069519,1.697731,2.1261215,3.6232948,3.8456917,4.5924187,0
MALDIVES    ,1975,.136434,.16956547,.14564504,.4867570910600444,.3040214499897782,78.75514874724844,,,,,,,,0,1,0,,4,-8.326149,5.5700779,1.5655994,2.3953438,5.07617,,,.59700012,10.66308,13.701677,10.133028,17.035723,0
Mexico,1977,64.337694,.069351785,.92524147,-2.19282545452364,29.78451190186082,113.1322778588299,,,,,,,,0,1,0,,4,3.3847809,4.1514397,5.4593086,5.9313774,8.0740929,8.1468582,-4.5732498,7.9271317,8.7596893,7.9957962,8.4285736,-.70953369,1
Mexico,1994,92.663664,.13331141,.99853718,-5.625083363075051,26.77592028272997,92.32079154883446,.070511431,,4.996192,4.9896049,5.0041981,3.9993014,1.5068251,1,0,0,,9,4.3206215,1.9317627,3.5643578,4.1355133,4.9440384,4.1126251,.50640106,-6.3652992,5.02491,6.5525055,4.9078941,3.6880493,1
"Macedonia, FYR",1993,1.964924,.26063848,.60564083,-4.075184519900594,30.45049215255342,81.9462955594265,,,,,,,,1,0,0,,14,-1.2318611,-8.5078239,-3.1802177,,,,,-1.8592834,-1.1210442,1.1779785,1.4298439,3.3233643,0
MALI,1987,8.073178,.36286449,.077000774,-9.253899402174854,63.79993957824786,127.4695775105207,,,,,,,,1,0,0,2,1,-2.3851395,14.944744,8.1569672,.67815781,-5.3198814,6.0441017,7.5256348,.24938583,7.2219849,2.3814201,-.19626617,9.2475891,1
MALI,1994,9.383607999999999,.2863836,.078577876,-3.500313415233944,97.52667637260437,104.7376133856223,.32051283,,4.999999,4.9999981,5.1000023,4.9000015,2.3999958,0,1,0,3.1,1,.90808868,6.0435295,9.2475891,-.19626617,2.3814201,7.2219849,-.38223267,6.0237885,3.1677246,4.7840118,7.7665329,5.5443764,0
Malta,1984,.334592,.14201394,1.0471103,,,,.012475834,,,,,,,1,0,0,,11,.93803406,-.61435699,2.2587776,3.2581329,6.8122864,9.9761963,-9.038353,2.5524139,3.8115501,4.0283203,8.0789566,7.861805,0
Malta,1993,.365838,.18344271,1.4457539,,,,.045827303,,3.6906347,3.690639,3.6906435,3.9383676,4.1745939,0,1,0,,11,4.3832779,4.5842171,6.0685158,6.1014175,7.861805,8.0789566,-3.6956787,5.4972649,6.1493874,3.7077904,5.1234245,4.9985886,0
Myanmar,1975,30.640635,.30209136,.079527654,,,,,,,,,,,0,1,0,,14,4.005909,2.974987,1.47295,.44240952,3.1830788,111.52744,-.79059601,5.3664207,5.1118851,6.0341835,4.6068192,7.6083183,0
Myanmar,1990,42.007309,.28160238,.07673718,,,,,,1.6502432,1.6426919,1.6263529,1.6087618,1.5529727,0,1,0,,14,2.7779579,3.6287308,-12.050247,-4.0880203,-1.0629654,2.8110504,-.033187866,-.65279007,9.2223167,5.8641434,7.2114944,6.7173004,0
Myanmar,1996,45.290888,.2279014,.085324034,,,,,1.5638088,7.000001,6.9999962,6.999999,6.9999948,7.0000062,0,1,0,,12,6.2437057,6.7173004,7.2114944,5.8641434,9.2223167,-.65279007,6.8964005,5.4976463,4.8348427,10.386467,12.879753,10.745525,0
Myanmar,2001,48.195684,.23624235,.090721503,-4.864050593964981,166.3783548482066,97.89900437243483,.53924054,7,4.0331697,4.0232129,4.7752218,5.1608553,5.2085447,0,1,0,,14,10.745525,12.879753,10.386467,4.8348427,5.4976463,6.2437057,4.5017242,11.355591,12.965965,12.720203,12.724018,12.289047,0
MONGOLIA    ,1990,2.184145,.6229924,.30932206,-20.57147356182904,4.091935773423052,,,,,,,,,0,1,0,,2,-2.5485992,4.0953636,4.9788475,3.4806252,9.0081215,5.523777,-8.7919235,-9.7026825,-9.9794388,-3.0491829,2.2740364,6.1208725,1
MONGOLIA    ,1997,2.335694,.20598184,.20221375,5.370135907347033,42.84021509403981,,.20508973,,5.9999967,6.0000043,5.9999866,5.0000081,3.0100038,0,1,0,3.077,14,3.9204597,2.3256302,6.1208725,2.2740364,-3.0491829,-9.9794388,13.536072,3.4714699,3.1651497,1.050663,2.9099464,4.6245575,1
MOZAMBIQUE  ,1984,12.968335,.12346803,.061863285,-7.713476441691239,58.30627847234312,105.0893677613936,.29789716,,,,,,,0,0,1,,2,2.9852867,-14.107895,-3.8714409,1.2739182,4.1410446,3.0284882,,-9.2372894,1.5999794,4.6520233,4.4451714,6.297493,0
MOZAMBIQUE  ,1987,13.142516,.10095859,.052164793,-13.87275344186069,122.2036863761026,110.3298749441577,1.8532476,,,,,,,1,1,0,2.3,14,4.6520233,1.5999794,-9.2372894,2.9852867,-14.107895,-3.8714409,20.864677,4.4451714,6.297493,.99496841,4.7838211,-5.3731918,1
MALAWI,1982,6.483571,.23821858,.12146679,-5.458297353594158,43.09569326013877,194.6854916244193,.12510639,,,,,,,0,0,1,3.4,12,1.4327049,-11.439228,8.9582443,3.272438,7.9874992,4.2464256,-2.3283005,4.1285515,3.8433075,4.5994759,2.0123482,-.99534988,1
MALAWI,1994,9.725612,.13216682,.096631177,-8.683916952725191,100.1127179461394,113.4929273474686,.65964526,,4.5028453,4.497551,4.4982119,4.5064039,4.4973335,0,1,0,3.1,14,-12.317181,10.228062,-8.2492828,7.511425,4.6607018,3.98283,-12.138939,8.6380959,9.2328072,3.7222862,2.3304939,1.2351036,1
Malaysia,1997,21.808125,.13330325,1.0831488,-5.517571832196031,40.96526134567773,106.6273985210926,.029161604,7.4600105,7.499999,7.3999991,7.2999988,6.5,7.5000005,1,0,0,,8,7.0670128,9.5335007,9.3755722,8.8120461,9.435463,8.5123062,-1.4451981,-7.6442719,5.9566498,8.4881783,.51631927,5.2507401,0
Namibia,1984,1.112044,.18230118,.48200583,,,,,,,,,,,0,1,0,,1,-.4992485,-2.5346756,-1.151371,1.151371,6.4390182,3.7256241,,.21152496,5.3126335,4.0523529,.24461746,2.1238327,0
NIGER       ,1983,6.472970999999999,.24713758,.1206846,-3.429286387116223,35.08347489448408,260.9973722936003,.06554307,,,,,,,1,0,1,3.4,1,-4.8674583,1.609993,.60710907,-2.2577286,6.9031715,12.639141,-17.506599,-18.422794,7.4388504,-1.8587112,-1.3875008,5.9185028,1
NIGER       ,1994,9.039088,.21515934,.068437666,-8.069755461701037,101.9364708437237,175.9582381007052,.40584415,,4.3016162,4.3000021,4.1999998,4.2000008,3.8978822,0,1,0,2.1,1,2.6386261,.92601776,.20771027,.36201477,-.76828003,-.72689056,2.9970169,3.2317162,4.9639702,.49495697,11.966515,.98896027,1
NIGERIA     ,1983,79.729311,.57161665,.5150851,,,,,,,,,,,0,1,1,2.8,14,-6.8547249,-1.7380714,-.90513229,2.192688,-2.7951241,-2.9416084,.75435638,-1.3662338,10.737038,1.868248,-.69589615,7.3094368,0
NIGERIA     ,1989,93.179755,.050216015,.0885268,,,,,,,,,,,0,1,0,3.1,13,6.9023132,7.3094368,-.69589615,1.868248,10.737038,-1.3662338,8.3089828,10.757732,.011634827,2.596283,1.5450478,.78163147,1
NIGERIA     ,1991,98.085436,.047567006,.066000134,1.999914261797009,55.48588143617217,80.57637336059938,,,4.4479656,4.6377139,4.4780974,3.8144283,3.9866245,1,0,0,2.9,14,.011634827,10.757732,6.9023132,7.3094368,-.69589615,1.868248,8.5414886,2.596283,1.5450478,.78163147,2.1259308,4.0491104,1
NIGERIA     ,1997,113.975055,.054328401,.03614461,.2935872937410856,15.40422496732367,79.51007868783428,.10213333,4.6353087,4.383832,4.2066607,4.0465307,3.7678909,3.6376047,0,1,0,2.318,12,2.8490067,4.0491104,2.1259308,.78163147,1.5450478,2.596283,2.3309708,2.776432,.47311783,5.1815033,4.3166161,19.348717,0
NIGERIA     ,2009,155.207145,.10613627,.27578485,4.662050861870363,8.158302183036973,129.641371903882,.13930404,4.7677641,6.2319407,5.9342818,5.2152267,4.9854569,2.9047663,1,0,0,3.483333333333333,7,6.7046165,6.0814857,6.2503815,5.8561325,6.3087463,9.9658966,-22.364998,7.5475693,4.7717094,4.1902542,5.2538872,6.118679,0
NICARAGUA   ,1979,3.157356,.10444176,.38109043,12.98045050027613,84.92758823411278,,,,,,,,,0,1,0,1.9,13,-30.759621,-7.4223518,6.0944557,4.920578,2.1730423,11.961079,-44.031143,4.5084953,5.2244186,-.81968307,4.5099258,-1.5784264,1
NICARAGUA   ,1985,3.709091,.23294368,.47677916,-20.00105517579661,149.9886688950504,,,,,,,,,0,1,0,1.5,14,-4.1675568,-1.5784264,4.5099258,-.81968307,5.2244186,4.5084953,-8.6759567,-1.0225296,-.70877075,-13.295937,-1.7532349,-.052452087,0
NICARAGUA   ,1990,4.144564,.22112031,.27321675,-58.78137535953309,1847.27983654568,,,,3.2945726,3.2684135,3.2328,3.2079463,1.000792,1,1,0,2,14,-.052452087,-1.7532349,-13.295937,-.70877075,-1.0225296,-4.1675568,4.0742874,-.18978119,.385952,-.39138794,3.2813072,5.7444572,1
Norway,1991,4.262367,.17987289,2.5659115,3.595806537761032,56.65526461235126,54.04135094181376,.028006589,,2.1384363,2.1421831,2.3546977,3.7396612,3.6074862,1,0,0,,11,3.0582428,1.908493,.99258423,-.17299652,1.7642975,3.9582253,-.92468262,3.4625053,2.7484894,4.9279213,4.1010857,4.9057007,0
NEPAL       ,1984,16.337117,.26605907,.083213352,-8.781679393444247,,,.015654119,,,,,,,0,1,0,2.8,8,9.240818,-3.023243,3.7104607,8.0117226,-2.3478508,2.3425102,6.8994522,5.9635162,4.4645309,1.6814232,7.4168205,4.2366982,1
NEPAL       ,1988,17.865238,.255153,.093699723,-6.031642777004684,29.26463539463659,,.089665718,,,,,,,1,0,0,3.3,8,7.4168205,1.6814232,4.4645309,5.9635162,9.240818,-3.023243,10.437775,4.2366982,4.5308113,6.1719894,4.0259361,3.7745476,0
NEPAL       ,1992,19.76557,.19866572,.098248683,-5.766527199485805,47.95827112111593,,.19299702,,5.3083014,5.2443504,5.1044412,4.7812905,4.2723398,0,1,0,2.9,10,4.0259361,6.1719894,4.5308113,4.2366982,7.4168205,1.6814232,2.3429871,3.7745476,7.8989029,3.4096718,5.2000999,5.1267624,1
New Zealand,1984,3.243078,.19513343,1.8714484,-8.850557101932205,,87.11186493929678,,,,,,,,0,1,0,,11,4.6827316,3.4316063,.92582703,4.5506477,1.2749672,2.1681786,2.5138855,1.601696,2.6699066,.94890594,-.35171509,.15611649,0
PAKISTAN,1972,61.341255,.17200859,.19101818,,,,,,,,,,,0,1,0,,,1.4444351,1.5385628,10.655117,7.3865891,5.3699493,4.0603638,-4.4496536,6.3471794,5.1832199,3.178978,4.5035362,3.729248,0
Panama,1983,2.121921,.23423426,.6549753,3.828190690524511,57.52892840019032,78.50731421072453,.020942409,,,,,,,0,0,1,,1,-1.5354156,3.780365,8.5471153,14.162731,4.3878555,9.3537331,-13.937759,2.1298409,4.9531937,4.3663979,2.9785156,-10.690594,1
Panama,1988,2.368772,.24656866,.60428244,13.96809706248947,83.73502964768878,106.9858458732578,.0085098976,,,,,,,1,0,0,,1,-10.690594,2.9785156,4.3663979,4.9531937,2.1298409,-1.5354156,-9.7682953,1.5501976,7.7877045,9.0014458,7.8826904,5.3120613,0
Peru,1976,15.639898,.23884368,.37727925,-11.95292704029963,48.60134962309375,25.87402751856481,,,,,,,,0,1,0,,14,1.4368057,4.2109489,8.9719772,6.0878754,3.4184456,4.4882774,-3.0517578,.34837723,-2.6780128,4.0093422,5.7733536,5.4034233,1
Peru,1978,16.491087,.24767864,.35759625,-6.253692337912753,75.53852990939672,24.68293243093562,,,,,,,,0,0,1,,14,-2.6780128,.34837723,1.4368057,4.2109489,8.9719772,6.0878754,-8.7657928,4.0093422,5.7733536,5.4034233,-.22296906,-10.990524,1
Peru,1981,17.792551,.23308715,.37051189,-9.67488093687308,39.47931186046651,53.85550160944143,,,,,,,,0,1,0,,14,5.4034233,5.7733536,4.0093422,-2.6780128,.34837723,1.4368057,3.9669037,-.22296906,-10.990524,3.5447121,2.0401955,9.0078354,1
Peru,1983,18.660443,.26339641,.37032557,-6.843714248023057,65.97120186910993,66.07216284245136,1.2507249,,,,,,,1,0,0,,14,-10.990524,-.22296906,5.4034233,5.7733536,4.0093422,-2.6780128,-8.3126068,3.5447121,2.0401955,9.0078354,9.2817307,-9.9171638,1
Peru,1988,20.909897,.22784536,.4160988,-5.438616801982546,54.81485318851041,68.42194598927752,17.220541,,,,,,,0,1,0,,14,-9.9171638,9.2817307,9.0078354,2.0401955,3.5447121,-10.990524,1.0732651,-13.13858,-5.1110268,2.1950722,-.54197311,5.1106453,0
Philippines,1983,51.455037,.18001316,.3198975,-7.51138256230375,62.30543148649986,131.8473592416723,.13126495,,,,,,,1,1,1,,10,1.8572807,3.5553932,3.3659935,5.0205231,5.4871559,5.0425529,-3.185463,-7.6057434,-7.5873375,3.3596992,4.221344,6.5342903,1
Philippines,1997,73.042605,.19248387,.38368362,-4.769067887285105,54.81625379826782,132.1747244189922,.065217391,6.1999979,5.5000024,5.3999972,5.1999993,4.9999971,5.2999973,1,0,0,,4,5.0554276,5.6814194,4.5724869,4.2941093,2.0941734,.33712387,4.718399,-.57840347,3.0353546,4.3167114,2.8529167,3.5810471,1
PAPUA NEW GUINEA,1995,,,,13.58823384700788,26.43403578123114,76.28572218107991,.18703242,4.3870416,.53222609,5.2598863,-2.6068566,0,-4.5752206,0,1,0,2.5,8,,,,,,,-.31013489,,,,,,1
Poland,1981,36.145211,.22860301,.53039396,-7.430087313740175,53.12531686187294,,,,,,,,,0,0,1,,15,-10.50415,-6.1875343,3.774929,5.2595139,6.8465233,7.6272011,,-4.8843384,5.4145813,5.4873466,3.5730362,4.1384697,0
Poland,1992,38.396826,.27102783,.7858454,-3.49892812442701,53.68330181282001,,.44431773,,4.9999976,4.9999995,4.9999967,3.5000088,2.9999933,1,0,0,,14,2.4839401,-7.2738647,-12.269783,.16021729,4.0495872,1.9390106,,3.6701202,5.1574707,6.720829,5.8803558,6.2594414,1
Portugal,1983,9.904444,.21315919,.99885005,-5.774081808273195,,79.24423786316969,.33510637,,,,,,,0,1,0,,8,-.17328262,2.1129608,1.6051292,4.487133,5.48563,2.7770996,-2.9504776,-1.8979073,2.7688026,4.0575027,6.1860085,7.2219849,1
Paraguay,1982,3.366726,.1540042,.35265824,-6.85238495305174,21.98040579453105,84.57974257793333,.28442436,,,,,,,0,0,1,,12,-.98838806,8.3565712,10.832691,10.757065,10.750961,10.376453,-12.287521,-3.045845,3.0276299,3.8928032,.0084877014,4.2366028,0
Paraguay,1984,3.56775,.13111855,.33650613,-6.436496615415793,30.84592023350353,89.36263798266324,.28442436,,,,,,,0,1,0,,12,3.0276299,-3.045845,-.98838806,8.3565712,10.832691,10.757065,-8.4320068,3.8928032,.0084877014,4.2366028,6.1640739,5.6359291,0
Paraguay,1989,4.103909,.11808717,.34982619,6.317598331718849,59.2634111704396,98.36759766022624,.28442436,,,,,,,0,1,0,,14,5.6359291,6.1640739,4.2366028,.0084877014,3.8928032,3.0276299,3.9276123,3.0456543,2.4385452,1.7840385,4.0583611,3.0549049,0
Paraguay,1995,4.760853,.094070651,.35629493,-2.398912859286725,171.3566056175429,100,.1053316,2.7011192,3.5000024,3.4999981,3.4999847,3.4999886,3.4999993,1,0,0,,7,5.3098679,3.0549049,4.0583611,1.7840385,2.4385452,3.0456543,2.5596619,.42228699,2.9279709,.54645538,-1.4872551,-3.3896446,0
Paraguay,2002,5.508615,.056686409,.33730081,9.79927799812142,244.4756117596411,99.11612451928417,.14522861,4.9999957,2.9999969,3.0000005,3.3,3.5999999,2.5999999,0,1,0,,12,14.000988,2.0513535,-3.3896446,-1.4872551,.54645538,2.9279709,-4.1765213,4.2300224,3.9772987,2.1110535,4.6951294,5.2797318,1
Romania,1982,22.842426,.19122371,.6313104,1.878539435518241,16.21769001278687,64.83773864001951,,,,,,,,0,0,1,,15,3.8683891,.11234283,4.1672707,6.1422348,7.0286751,8.0852509,,5.8708191,5.7995796,-.09803772,2.3097992,.83122253,0
Romania,1990,23.489361,.17901951,.63055515,-4.535351517232475,9.025813889755142,82.62706986650683,,,1.8442106,1.4628377,1.620726,1.9437668,-3.5032396,1,0,0,,14,-5.7795525,-5.961895,-.49819946,.83122253,2.3097992,-.09803772,,-13.832283,-9.1754913,1.5172958,3.8565636,6.8949699,1
Romania,1996,22.804526,.22464101,.58924651,-6.542185929051876,23.93356041647503,91.03705412890972,.56899548,5.0000038,4.5000005,4.4999962,4.5000062,4.4999976,4.0000005,0,1,0,,14,3.7967682,6.8949699,3.8565636,1.5172958,-9.1754913,-13.832283,17.629051,-4.9360275,-2.1093369,-.40235519,2.3669243,5.4412842,1
Russia,1998,147.38544,.33362815,.69370371,.0752245049613672,63.76413012528342,76.78263332960162,.84399998,5.1999941,3.9999921,2.0000029,0,-5.9999952,-6.0000033,1,1,1,,15,-5.4929733,1.3716698,-3.6744118,-4.1864395,-13.581944,-9.101963,3.6218643,6.157589,9.572506,4.9657822,4.6346664,7.0419312,1
RWANDA      ,1991,7.071393,.35530573,.089743607,-1.837592801114059,39.11422672244701,123.8254421635714,.21408464,,4.1974783,4.1817269,3.8918042,3.715785,1.5524148,0,1,0,3.6,8,-3.720665,-2.4285316,-.65202713,.7235527,.1376152,4.4091225,-7.8741074,6.4349174,-9.0226173,-66.967247,28.910112,13.872147,1
SUDAN       ,1979,18.48318,.096199855,.13772354,-4.708714183971839,39.6359214493739,137.8255045879784,,,,,,,,0,0,1,2.5,15,-5.148983,-6.1141014,6.0378075,15.413857,14.59465,10.836411,-15.985107,1.5128136,7.174015,2.0401001,-5.1386833,-6.4869881,1
SUDAN       ,1981,19.785179,.090315007,.14781566,-19.28428414872459,87.07408826834725,107.2814986155104,,,,,,,,0,1,0,2.5,15,7.174015,1.5128136,-5.148983,-6.1141014,6.0378075,15.413857,-8.2397461,2.0401001,-5.1386833,-6.4869881,5.2722931,13.296413,1
SUDAN       ,1988,24.404316,.081606098,.1646989,-17.70434697458456,114.7624466377232,175.9835705957976,,,,,,,,0,1,0,2,15,8.5547447,-.33159256,13.296413,5.2722931,-6.4869881,-5.1386833,-2.3731232,-5.6253433,7.2422028,6.3706398,4.467392,1.0012627,0
SUDAN       ,1994,29.230635,.10924534,.14016293,-22.74596495224475,238.9251917692688,124.7290016622395,1.1547849,,3.0000129,2.9999938,3.0000005,3.0000014,2.9999945,0,1,0,1,14,5.8240891,1.0012627,4.467392,6.3706398,7.2422028,-5.6253433,-7.5534821,5.8241844,5.7505608,5.8810234,7.9195976,4.1480064,0
SENEGAL     ,1981,5.723541,.37313896,.14501087,-14.21407664587503,40.91770592989249,103.5097778147231,.11284722,,,,,,,0,0,1,3.4,1,-1.193428,-3.3473015,9.2017174,-6.4483643,-2.7332306,8.5439682,-3.5997391,14.271259,2.154541,-4.0867805,3.7099838,4.4536591,1
SENEGAL     ,1988,7.062539999999999,.25255287,.21122563,-8.313542433929319,70.82303805888485,111.5815616121498,-.02079208,,,,,,,1,0,0,2.7,1,4.9330711,3.9172173,4.4536591,3.7099838,-4.0867805,2.154541,4.8793793,-1.4147758,3.8299561,-.39739609,2.1893501,-2.2433281,1
SENEGAL     ,1994,8.475135999999999,.16462097,.16321173,-7.457337269344647,84.11461516559344,103.3726464164419,.37538716,,4.5151663,4.4695883,4.8495021,4.7251449,2.4143872,0,1,0,2.6,1,2.8292656,-2.2433281,2.1893501,-.39739609,3.8299561,-1.4147758,-3.9180756,4.617691,5.0891876,3.0761719,5.7312965,6.1657906,1
SIERRA LEONE,1977,2.886607,.29655993,.1254864,-5.550583323631252,28.13636310347941,168.1295223878767,,,,,,,,0,0,1,1.3,12,.84590912,-.72555542,0,3.4317017,3.4245491,.90732574,-.84934235,3.778553,4.972744,2.8263092,3.8890839,1.7374039,1
SIERRA LEONE,1983,3.29653,.25933534,.13243234,-.9879625937970904,22.73874149876041,133.3098712908779,.83127493,,,,,,,0,1,0,2.5,14,-.10137558,1.7374039,3.8890839,2.8263092,4.972744,3.778553,-4.5030594,4.2686462,2.3024559,1.4492989,3.9557457,2.4354935,1
SIERRA LEONE,1989,3.878211,.13882758,.14119609,-3.46511152579273,60.49526198735472,133.3098763902264,.8554287,,,,,,,0,1,0,1.2,14,3.3376694,2.4354935,3.9557457,1.4492989,2.3024559,4.2686462,-3.2842636,3.5773277,-8.3300591,-10.143757,.054264069,3.440094,0
El Salvador,1986,4.986528,.24640043,.10543285,5.019720282815486,76.86780510874634,124.5085741326075,.30339894,,,,,,,0,1,0,,12,.63257217,1.9561768,2.2736549,.76951981,-5.7645798,-8.6320877,11.227608,2.6528358,1.6031265,1.044178,3.3429146,3.5139084,0
El Salvador,1989,5.184221,.25724119,.10290874,-6.158683820985199,67.14727224484066,97.40479351620417,.23486024,,,,,,,1,0,0,,12,1.044178,1.6031265,2.6528358,.63257217,1.9561768,2.2736549,-.3704071,3.3429146,3.5139084,7.2724342,7.1105957,5.8744431,1
Serbia,2000,7.516346,.27801746,.57935685,-1.913146901604107,97.75679869086626,77.49166580848214,1.1195884,,,,,,,0,1,0,,14,7.4728966,-12.950039,2.4013519,6.9384575,2.3971558,5.531311,,4.8721313,6.8739891,4.3207169,8.6604118,5.3923607,1
Sao Tome & Principe,1987,.107264,.19480103,.19071564,-9.960122908302811,107.8956672675455,140.649008294609,.25000003,,,,,,,0,1,0,2,8,-2.9738903,-6.0091019,8.8924885,-6.2199116,-3.951025,3.0459404,,1.9790173,3.0871868,-2.1761894,1.1938572,.69756508,0
Sao Tome & Principe,1992,.118346,.14635207,.16774231,-28.36051215087463,225.6905736307135,70.75439322113041,.27335134,,3.9908741,3.9908762,3.9908714,2.9574902,1.9672552,1,1,0,3.2,10,.69756508,1.1938572,-2.1761894,3.0871868,1.9790173,-2.9738903,,1.0940075,2.1761417,1.980257,1.4888763,.99139214,0
Sao Tome & Principe,1997,.13011,.15444466,.13845167,-29.28241127747781,625.0339776960493,73.91302479683401,.80473,3.9908702,4.9999981,3.9999976,4.0000029,2.4999988,2.4999986,0,1,0,2.53,14,.99139214,1.4888763,1.980257,2.1761417,1.0940075,.69756508,,2.4692535,2.4692535,.44736862,3.0184746,1.9832611,0
Suriname,1990,.408276,.22476475,.59341025,-.3339098044478348,18.79170177253638,106.8382130394245,,,2.8154266,2.5596275,2.317625,2.3823721,2.4857531,0,1,0,,12,-4.000473,4.4259071,8.3076477,-7.6228142,-1.7368317,13.070393,1.3856888,2.7065277,.37517548,-6.9372177,3.3338547,.0084877014,0
Suriname,1995,.44583,.24999754,.49312225,6.763576780572328,19.24699286395329,101.4805236757462,-.49322215,2.8339903,1.4999998,1.4999926,1.3000109,1.0000023,-.40001106,0,1,0,,14,.0084877014,3.3338547,-6.9372177,.37517548,2.7065277,-4.000473,1.5802383,1.0320663,5.5807114,2.3036957,-1.4137268,2.0438194,0
Suriname,2001,.48421,.16453815,.53963494,-7.669823807296218,32.16371806653,95.28594650676881,.0087834923,4.500001,4.4000039,4.4000039,4.4000039,3.8999977,3.3999987,0,1,0,,2,4.101944,2.0438194,-1.4137268,2.3036957,5.5807114,1.0320663,3.1862259,2.7393341,6.093502,7.6952934,3.8484573,5.6042671,0
Slovak Republic,1998,5.382521,.2742961,1.1860719,-9.582709039654642,52.19144466001676,106.2917996519851,.058893215,,1.5000041,1.5000038,2.0000041,3.0000002,3.9906039,1,0,0,,10,3.9334297,5.8836937,6.5385818,5.6791306,6.0206413,1.8835068,2.0498276,-.20532608,1.2028694,3.2627106,4.4235229,5.2769661,0
Slovenia,1992,2.005535,.22305597,1.4882034,5.663303744243243,,95.15142784216967,,,,,,,,1,0,0,,14,-5.6186676,-9.3214035,,,,,,2.8038025,5.1903725,4.0250778,3.4558296,4.9880028,0
Sweden,1991,8.616534999999999,.22370657,2.6128843,-1.748275424787835,,106.021855992945,.069690786,,.39999816,.40000144,.90000015,.91502035,-.0072325864,1,0,0,,8,-1.1526108,.75187683,2.6202202,2.5268555,3.2987595,2.6557922,-3.808403,-1.16539,-2.0872116,4.0061951,3.945446,1.5065193,0
Sweden,1993,8.737499999999999,.23287815,2.4783268,-1.242250468291708,,109.1519503767498,.046714056,,3.1529751,3.2207844,3.1772683,1.5344604,-1.6835918,0,1,0,,12,-2.0872116,-1.16539,-1.1526108,.75187683,2.6202202,2.5268555,-4.6142578,4.0061951,3.945446,1.5065193,2.859211,4.1399002,0
Swaziland,1985,.705492,.28634307,.34765807,-5.385554639571866,23.16729116132158,177.9875481655157,.18211383,,,,,,,0,1,0,,2,2.1754265,.9581089,.4380703,3.8323879,4.6350956,2.3216248,-8.0106735,9.5721245,12.825108,8.3744049,8.1791878,8.7953568,0
Swaziland,1995,.963428,.12326596,.68623722,-1.523549463491404,13.19346938479397,148.7788242417798,.1013363,4.1631765,3.5000043,3.5000036,3.4999988,3.4999952,3.5000005,1,0,0,,2,3.5634995,2.7107239,3.1162262,2.4691582,5.0913811,8.7953568,-14.364052,4.2315483,3.40662,2.8098106,2.7420044,2.3198128,0
Syria,1988,11.730217,.24382223,.14607275,-.7921385450316142,131.1123723087945,51.75809949328251,,,,,,,,0,1,0,,10,12.457085,1.8895149,-5.0721169,5.9354782,-4.1570663,1.4190674,,-18.659687,4.4850349,7.6046944,12.637138,5.049324,0
CHAD        ,1983,4.830055,.26154178,.12869094,4.496795593261427,10.83783096104999,92.71731175609202,.116,,,,,,,1,0,0,,1,14.547634,5.236721,-11.434746,-6.2382698,-24.132156,-.47073364,15.035439,4.9600601,7.5868607,5.7674408,3.5937309,7.3615074,0
CHAD        ,1992,6.350174,.28275323,.13240252,-4.543798178861894,33.72560091634863,78.13387584434081,-.068000004,,3.5000389,3.5000517,3.4735665,3.2838244,3.1435294,1,0,0,1.9,1,2.2736549,3.7276268,3.192997,1.8128395,7.3615074,3.5937309,10.115242,-1.7661095,5.55439,1.3888359,2.116394,5.4888725,0
CHAD        ,1994,6.773104,.27491063,.12312147,-2.826901895939819,55.09019011818617,129.1351546132443,.15290411,,3.000001,5.8229928,7.4615798,6.8815446,1.4140948,0,1,0,2.2,1,5.55439,-1.7661095,2.2736549,3.7276268,3.192997,1.8128395,4.886055,1.3888359,2.116394,5.4888725,6.6887856,-.50153732,1
TOGO        ,1979,2.642845,.21182862,.15385342,-25.69843486429078,28.79197081966242,,,,,,,,,0,0,1,2.2,1,5.8161736,9.6011162,5.4102898,-.47273636,-.62236786,4.1633606,-10.025597,-4.6372414,-6.3908577,-3.7780762,-5.2940369,5.7147026,1
TOGO        ,1993,4.081398,.19338027,.09598773,-5.834919812661212,15.18454473125403,99.29342378874675,.023506366,,4.8143787,4.6999984,4.4000049,4.2999978,3.2000015,1,0,0,2.3,1,-17.827225,-3.3342361,.22611618,5.729866,4.0182114,9.6438408,-22.795868,13.045311,6.5514565,7.3834419,3.7380219,-2.2150993,1
Thailand,1983,50.183106,.23820065,.35645416,-6.946499294687733,31.27475167413997,110.1008249159688,,,,,,,,1,0,0,,4,5.4338455,5.2140236,5.7390213,4.6739578,5.1768303,9.9291801,-4.3657303,5.5930138,4.5425415,5.3861618,9.0927124,12.476349,0
Thailand,1997,60.544937,.18517219,.67306232,-2.011653836287613,72.76330041527265,111.2902613247424,.074912094,8.1658316,6.4999971,6.4999995,5.4999981,3.5000026,2.499999,1,0,0,,4,-2.7978897,5.5092812,7.8238487,7.70998,8.3352089,8.8472366,-10.565567,-7.958889,4.4804573,4.4235229,3.3320427,6.1823845,1
Turkmenistan,1993,3.991917,.30239677,.84298855,0,0,195.2241408217616,,,3.975996,3.9759924,3.9999964,4.0000033,3.8999996,0,1,0,,14,1.4888763,-16.211891,-4.7146797,,,,-8.9683533,-18.994904,-7.4724197,6.4850807,-12.103748,6.8592072,0
Trinidad and Tobago,1986,1.184053,.17310239,1.4507967,-8.592269854053075,39.19187657544313,104.2836266595233,.035277948,,,,,,,0,1,0,,2,-3.336525,-4.2098999,-5.9225082,-10.881996,3.7329674,4.4831276,-7.4663162,-4.6672821,-3.9995193,-.82702637,1.4924049,2.6483536,0
Trinidad and Tobago,1989,1.213625,.20343277,1.0422512,-.8915304606239503,49.45599459848793,87.38086721621423,.028650954,,,,,,,0,0,1,,2,-.82702637,-3.9995193,-4.6672821,-3.336525,-4.2098999,-5.9225082,5.0924301,1.4924049,2.6483536,-1.6614914,-1.4590263,3.5000801,1
Tunisia,1991,8.417688999999999,.19696766,.52863657,-3.845609661633561,57.78728833822267,102.7168827624449,.065653272,,6.3437805,5.6276317,5.3593941,5.3437352,4.218976,1,0,0,,8,3.8292885,6.8364143,3.4034729,1.6087532,4.7906876,-2.0214081,5.2879333,7.516098,2.1637917,3.1329155,2.321434,6.9073677,0
Turkey,1978,41.953105,.10847539,.78594893,-1.974654302796536,16.23873584940762,,,,,,,,,0,1,1,,14,1.4933586,3.3480644,9.9511147,6.9274902,5.4433823,3.2096863,-1.7185211,-.62646866,-2.4762154,4.7410011,3.500843,4.8495293,1
Turkey,1982,45.99794,.10694918,.78737581,-1.071420879212334,19.82911638036368,,,,,,,,,1,0,0,,12,3.500843,4.7410011,-2.4762154,-.62646866,1.4933586,3.3480644,.15125275,4.8495293,6.4961433,4.15411,6.7801476,9.0610504,1
Turkey,1984,48.138191,.11294965,.8403368,-1.742492486782733,25.01609975890201,,,,,,,,,0,1,0,,14,6.4961433,4.8495293,3.500843,4.7410011,-2.4762154,-.62646866,7.1224213,4.15411,6.7801476,9.0610504,2.0981789,.25138855,1
Turkey,1991,54.909508,.1313087,.91987044,.4362032810662807,23.76180183559848,89.30811311243269,.71131927,,3.8737545,3.9336202,3.9704938,4.1694918,4.0002708,0,1,0,,14,.92220306,8.8517189,.25138855,2.0981789,9.0610504,6.7801476,-6.0592651,5.8120728,7.7349663,-5.6100845,6.9443703,6.7708969,0
Turkey,1996,59.451488,.12320054,.97411376,-.9737570215816097,31.72042466773807,119.7723356021289,.80141842,3.631418,2.9999969,3.0000002,3.0000014,2.7500031,4.7500033,0,1,0,,14,6.7708969,6.9443703,-5.6100845,7.7349663,5.8120728,.92220306,6.4023972,7.2587967,3.0450821,-3.4233093,6.5548897,-5.8662415,0
TANZANIA,1987,23.204186,.47800362,.094506145,-7.641866044299091,96.95929789895327,175.720236565074,.32303372,,,,,,,1,0,0,3.3,12,4.8129082,1.8738747,4.4884682,3.3267021,-2.4050713,.59041977,,3.9797783,3.9148331,4.3676376,5.5449486,3.4667015,1
TANZANIA,1990,24.777921,.50441986,.10349409,-16.29321875583511,176.6267290625197,175.5952527776538,.18623962,,4.0528088,4.0976095,4.1588087,3.4379382,3.8508532,0,1,0,3.2,12,4.3676376,3.9148331,3.9797783,4.8129082,1.8738747,4.4884682,,5.5449486,3.4667015,4.0836334,2.9882431,3.5028458,1
UGANDA      ,1980,12.547754,.12542562,.064960837,-1.432910279071961,,817.3216322056227,,,,,,,,0,1,0,2.8,12,-3.4588814,-13.353157,-4.0822029,1.3422966,0,-1.3422966,,3.7867546,7.5042725,6.1517715,-4.729557,-.31757355,1
UGANDA      ,1988,16.227778,.11454154,.081468806,-2.247727098579635,15.08961707799942,389.152917295028,1.9841269,,,,,,,0,1,0,2.3,2,7.5222015,6.2013626,1.5089989,-.31757355,-4.729557,6.1517715,2.3572922,6.6712379,6.0004234,5.3594589,4.5261383,6.8194389,1
UGANDA      ,1994,19.791266,.1066891,.096472129,-3.622230430153622,66.39601817806867,140.5203625592493,.076572202,,4.9999943,5.0000129,4.8923621,5.0469198,5.0289388,1,0,0,3.2,10,10.25877,6.8194389,4.5261383,5.3594589,6.0004234,6.6712379,.039100647,8.9766502,6.0383797,5.3534508,8.9081764,6.3941956,1
Ukraine,1998,49.655175,.3625271,.36518484,-2.99201454803475,26.50924533952964,76.30905302981435,.19992597,4.9999733,5.6641984,4.1193218,3.2869644,1.3805194,-.065326028,1,1,1,,15,-1.9631386,-3.0338287,-10.584545,-12.954521,-26.050949,-15.340614,13.427353,-.16098022,5.7237625,8.4637642,5.2019119,9.0906143,1
Uruguay,1972,2.821437,.17416002,.81383753,,,,,,,,,,,0,1,0,,,-1.5650749,.11987686,3.7360191,6.6271782,1.1137009,-2.7839661,2.3971558,.36430359,3.0947685,5.698204,3.9075851,1.1672974,0
Uruguay,1981,2.935036,.14241377,.88139433,-3.76117927959452,17.39697464173905,88.42777401558884,.29360589,,,,,,,1,0,0,,5,1.881218,5.8260918,5.9859276,5.1276207,1.1672974,3.9075851,-2.3122787,-9.8620415,-6.0311317,-1.0982513,1.4647484,8.4860802,1
Uruguay,1983,2.973461,.17651933,.78551531,-3.357194989505996,62.06634029797542,89.73750324559043,.5151127,,,,,,,0,1,1,,14,-6.0311317,-9.8620415,1.881218,5.8260918,5.9859276,5.1276207,-16.075897,-1.0982513,1.4647484,8.4860802,7.6340675,-.0086784363,1
Uruguay,1990,3.109987,.21059969,.82987195,1.810956026677318,72.86889667395016,97.85558466300174,1.2895447,,2.3255754,2.6525199,2.4456563,2.5069573,2.8653295,0,1,0,,14,.91180801,1.2773514,-.0086784363,7.6340675,8.4860802,1.4647484,-1.158905,3.1309128,8.7124825,2.5716782,7.0356369,-1.4609337,1
Uruguay,2002,3.32777,.12872291,.70045215,2.801769768185035,94.68612636846665,107.7605271247278,.25955734,2.9932387,4.017899,4.5470757,4.038465,-4.4568348,-11.125182,1,1,1,,10,-8.0472946,-3.9199829,-1.9487381,-1.9582748,4.4198036,4.8132896,-16.249084,.8020401,4.8830032,7.1948051,4.0168762,6.3364029,1
United States,1988,247.865202,.11266058,3.5180268,-2.306637157611671,,100.8038834339117,.044911474,,,,,,,1,0,0,,13,4.1176796,3.4029961,3.4515381,4.1519165,7.0075989,4.5286179,-.41007996,3.6148071,1.9004822,-.072860718,3.4934998,2.7080536,0
United States,2007,301.655953,.11096314,2.8878241,-4.963832120254531,91.00051976757237,100.0829692667804,.040843442,3.110065,2.9575531,3.0268137,2.6738756,1.9389601,1.913023,1,0,0,,13,1.7627716,2.6317596,3.2905579,3.7157059,2.7681351,1.770401,-.0074386597,-.29201508,-2.8146744,2.5003433,1.5888214,2.1995544,0
UZBEKISTAN  ,1994,22.27614,.52796578,.35354674,1.809457861162147,16.97516823988557,113.2549607628522,12.814263,,4.9995823,4.9995766,3.4999993,0,-10.099998,0,1,0,,14,-5.3390503,-2.321434,-11.878395,-.49324036,,,-8.3847046,-.90408325,1.6857147,5.0693512,4.3059349,4.3059349,1
UZBEKISTAN  ,2000,24.518222,.51366341,.29990664,1.786877547477198,32.01662136122718,101.9141040624491,.28181565,4.9429717,5,5,4,3,2.9989576,0,1,0,2.725,14,3.922081,4.3059349,4.3059349,5.0693512,1.6857147,-.90408325,4.633522,4.4016838,4.114151,4.3059349,7.4179649,6.7658424,0
Venezuela,1982,16.185895,.25295857,.91879523,-4.847638188858452,50.3964429679358,,,,,,,,,0,0,1,,2,.67996979,-.30231476,-2.0085335,1.3266563,2.1158218,6.5058708,-8.1747055,-5.7808876,-1.3631821,.19311905,6.3072205,3.5189629,0
Venezuela,1984,17.057786,.24238473,.92523301,8.72452403058217,62.06600309684838,202.4530353243065,,,,,,,,0,1,0,,12,-1.3631821,-5.7808876,.67996979,-.30231476,-2.0085335,1.3266563,.67043304,.19311905,6.3072205,3.5189629,5.6582451,-8.9594841,0
Venezuela,1989,19.388262,.31983405,.76143998,5.459808615739229,69.88734111659645,121.4733674700792,.81005752,,,,,,,0,1,0,,14,-8.9594841,5.6582451,3.5189629,6.3072205,.19311905,-1.3631821,-10.391426,6.2673569,9.2851639,5.8838844,.27503967,-2.3775101,1
Venezuela,1994,21.726808,.29626238,.67957169,4.494740827839178,67.33709273965562,93.10295292944176,.70835811,,4.9911795,3.5049312,1.9921826,.50523037,-3.7463953,1,1,0,,14,-2.3775101,.27503967,5.8838844,9.2851639,6.2673569,-8.9594841,6.5818787,3.8755417,-.19807816,6.176281,.29363632,-6.1561584,0
Venezuela,2002,25.399143,.14470345,.48773053,7.951198718115657,41.03044549723244,135.0126817905095,.31215495,4.4999957,1.2060169,1.3410457,1.450513,2.1695111,-6.2416072,0,1,0,,6,-9.2725754,3.3378601,3.6206245,-6.1561584,.29363632,6.176281,-15.448761,-8.0724716,16.794014,9.819603,9.4147682,8.3913803,0
Venezuela,2010,28.995745,.12335457,.83118075,1.897842339277495,32.9928931790744,266.9118184544166,.27183872,1,1.3060379,1.1389391,1.0070555,.51089829,-1.3022883,0,1,0,,2,-1.5000343,-3.2546997,5.1433563,8.3913803,9.4147682,9.819603,-11.319542,4.0915489,5.473423,1.3341904,-4.0822029,,0
VIETNAM,1972,45.549487,.14106482,.085219391,,,,,,,,,,,0,1,0,,,1.9417763,3.7343979,,,,,,-1.4313698,2.4516106,2.9426575,10.434628,12.718105,0
VIETNAM,1981,55.627743,.15197606,.087107271,-5.328919510003502,.0135272220249743,81.18013766110394,,,,,,,,0,1,0,2,15,5.6353569,-3.5593033,6.5014839,1.7539978,12.718105,10.434628,,7.8351974,6.8528175,8.063221,5.4673195,3.3019066,1
VIETNAM,1985,61.04937,.16684075,.11659384,-6.286947673533192,22.42520300930894,64.98380523795132,,,,,,,,0,0,1,2,15,5.4673195,8.063221,6.8528175,7.8351974,5.6353569,-3.5593033,,3.3019066,2.5169373,4.9742699,4.581356,4.9750328,0
VIETNAM,1987,63.881296,.17732587,.11855803,-3.301224539060812,11.08103922369817,49.78161795547968,-.34570885,,,,,,,0,1,0,2,15,2.5169373,3.3019066,5.4673195,8.063221,6.8528175,7.8351974,,4.9742699,4.581356,4.9750328,5.7899475,8.2925797,0
VIETNAM,1997,77.46042899999999,.16505744,.15421601,-5.681937695541768,51.83414050203387,86.16757057127923,-.0016597511,3.8753848,9.0014067,8.998579,9.1015205,9.2984724,9.499979,1,0,0,3.174,7,7.8364372,8.9292526,9.1123581,8.4699631,7.7633858,8.2925797,-.45585632,5.6043625,4.6624184,6.567955,6.6677094,6.8404198,0
"YEMEN, REP.",1985,,,,,,,,,,,,,,0,1,0,,15,,,,,,,,,,,,17.65852,0
"YEMEN, REP.",1995,15.266147,.32575864,.058968496,.3024440479392426,85.37803035151704,65.49095781040033,.57200003,,1.4884359,1.4884275,1.4732957,1.2628273,2.4728601,0,1,0,2.5105635,14,15.404415,2.1407127,3.9877892,4.7829628,.31061172,17.65852,,18.669033,5.098629,4.638195,4.4125557,7.3364258,1
"Yugoslavia, SFR",1983,,,,,,,,,,,,,,0,0,1,,,,,,,,,,,,,,,0
South Africa,1984,32.204952,.135848,.91413814,-2.422346231625904,31.38324758225767,81.58636143300905,.11940298,,,,,,,0,1,0,,12,4.9734116,-1.8638611,-.38404465,5.2219391,6.4105988,3.7204742,1.2529373,-1.2188911,.01783371,2.0789146,4.1143417,2.3665428,0
ZAMBIA      ,1983,6.571673,.51351631,.16111583,-9.017034428559287,98.78698313165131,,.19692308,,,,,,,0,1,1,2.8,12,2.9009819,2.4478912,-.8263588,3.842926,-4.0318489,-.89502335,-2.5382996,-.58631897,-.021362305,2.6175499,2.7131081,1.927948,1
ZAMBIA      ,1989,7.921028,.22878975,.13186437,-3.45942897422532,153.5345010020889,,1.2829435,,,,,,,0,1,0,1.9,14,.95024109,1.927948,2.7131081,2.6175499,-.021362305,-.58631897,-.69141388,.74586868,-1.9749641,-1.7460823,6.576252,-9.0204239,0
ZAMBIA      ,1995,9.253527,.12254615,.088882633,-3.824536595655204,191.2039114782209,,.45980126,4.8766317,5.9993548,5.8004904,5.5029516,3.5986669,4.6007218,1,0,0,3.149317,14,2.856636,-9.0204239,6.576252,-1.7460823,-1.9749641,.74586868,3.338623,6.032753,3.7430763,-.38642883,4.5452118,3.8234711,1
ZIMBABWE    ,1983,8.197564,.33042708,.35687259,,,,,,,,,,,0,1,0,3.1,8,1.5728951,2.600193,11.800957,10.049629,3.7320137,-2.1776199,4.3169022,-1.9258499,6.7139626,2.1064758,1.1043549,7.2815895,1
ZIMBABWE    ,1991,10.763036,.2079642,.4603999,-6.687325762300629,38.33903764273268,,,,4.9999986,5.0000014,4.9999938,5.0000024,4.9999976,0,1,0,3.3,14,5.3753853,6.7502022,5.0845146,7.2815895,1.1043549,2.1064758,3.3065796,-7.2917938,2.0884514,5.6388855,.16231537,9.2888832,1
ZIMBABWE    ,1998,12.226742,.14348026,.3016738,-1.501776756349898,42.24768022328162,,,4.9999967,6.0000029,5.6999936,5.5000048,5.2999997,3.0000007,0,1,0,3.15,14,.49104691,1.4157295,9.2888832,.16231537,5.6388855,2.0884514,1.7982483,-3.6634445,-8.5217476,-.19369125,-6.1228752,-7.7548981,1
ZIMBABWE    ,2003,12.774162,.1646059,.12998877,-.8410215393438243,55.02371609518356,,,6.0000024,3.8756089,3.9512188,4.8138304,5.1462111,-10.962251,0,1,0,2.025,14,-7.7548981,-6.1228752,-.19369125,-8.5217476,-3.6634445,.49104691,-21.471214,-3.710556,-4.1479111,-3.6912918,-3.3218384,-4.8576355,0
