Country,year,Country_code,CAB,Infl,EXDEBT,rgdpe,pop,Gshare,GDPRank,advecon,Banking,Currency,Debt,Region,AmountAgreedPercentGDP,WGI,conditions,DWDI,LGrowth1,LGrowth2,LGrowth3,LGrowth4,LGrowth5,FGrowth1,FGrowth2,FGrowth3,FGrowth4,FGrowth5,FGrowth6,FGrowth7,IMF
Angola,1988,AGO,-5.348233550176317,,94.06697249725595,29620.779,11.513968,.27589461,.25714123,0,0,0,1,Africa,,-1.1415477,0,6.1288905,4.0827484,2.9000018,3.4999995,6.0000024,4.2000012,.041621462,-3.4500988,.99135929,-5.8382807,-23.983418,1.3393635,15,0
Angola,1991,AGO,-5.465973000000003,83.7837837837838,84.87860559437586,30432.631,12.553446,.29381669,.23139445,0,0,1,0,Africa,,-1.1415477,0,.99135929,-3.4500988,.041621462,6.1288905,4.0827484,2.9000018,-5.8382807,-23.983418,1.3393635,15,13.54437,7.2742772,4.6911464,0
Angola,1996,AGO,43.39867365305754,4145.10598220638,180.8988306742185,44838.223,14.682284,.081474282,.26315057,0,0,1,0,Africa,,-1.1415477,0,13.54437,15,1.3393635,-23.983418,-5.8382807,.99135929,7.2742772,4.6911464,2.1814897,3.0546243,4.2059984,13.665687,2.98985,0
Angola,2015,AGO,-8.841138891882899,10.278046066107,51.02393293341658,147587.11,27.859304,.1803513,.26737425,0,0,1,0,Africa,,-1.1415477,,.94357562,4.8226256,4.9545903,8.5421476,3.4719813,4.8592196,-2.5800972,-.14720742,-2.1334932,,,,,0
Albania,1997,ALB,-12.0536027638666,33.1802743753956,22.37511503653892,11601.545,3.0930409,.36799982,.31272879,0,0,1,0,Europe,2.3996406,-.33529902,88,-10.919984,9.0999994,13.322333,8.3028669,9.559412,-7.1871109,8.8300877,12.889896,6.950036,8.2900696,4.5399609,5.5300508,5.5099988,1
Argentina,1975,ARG,,,,102031.09,26.066975,.074291028,.40636,0,0,1,0,LatAm,.58663017,-.057861075,,-.028412104,5.5338044,2.811754,1.6284165,5.6581311,3.0456433,-2.0182514,6.9341478,-4.506125,10.222763,1.5187839,-5.1897893,-.73565918,1
Argentina,1980,ARG,-6.20306739733683,,,117425.09,28.105888,.078356616,.37520802,0,1,0,0,LatAm,,-.057861075,0,1.5187839,10.222763,-4.506125,6.9341478,-2.0182514,-.028412104,-5.1897893,-.73565918,4.3490934,1.5707387,-5.1890244,6.1533771,2.7048688,0
Argentina,1987,ARG,-3.811668772216932,,,159478.36,31.326473,.088936284,.51784861,0,0,1,0,LatAm,1.1027205,-.057861075,74,2.7048688,6.1533771,-5.1890244,1.5707387,4.3490934,-.73565918,-1.0899334,-7.1569495,-2.4672139,9.133111,7.9372916,8.2069788,5.8362007,1
Argentina,1989,ARG,-1.702835100892205,,,164297.23,32.263561,.11586561,.49259496,0,1,0,0,LatAm,1.2309605,-.057861075,70,-7.1569495,-1.0899334,2.7048688,6.1533771,-5.1890244,1.5707387,-2.4672139,9.133111,7.9372916,8.2069788,5.8362007,-2.8452096,5.52669,1
Argentina,1995,ARG,-1.983460273509299,,,381883.38,34.994816,.14586806,.98180592,0,1,0,0,LatAm,.38407704,-.057861075,66,-2.8452096,5.8362007,8.2069788,7.9372916,9.133111,-2.4672139,5.52669,8.1110468,3.850179,-3.385457,-.78899896,-4.4088397,-10.894485,1
Argentina,2001,ARG,-1.406947885001806,,,444805.72,37.471508,.13406843,.88727665,0,1,0,1,LatAm,2.8837535,-.057861075,86,-4.4088397,-.78899896,-3.385457,3.850179,8.1110468,5.52669,-10.894485,8.8370409,9.0295734,8.8516598,8.0471516,9.0076513,4.0572333,1
Argentina,2013,ARG,-2.377495666205737,,,727663.44,42.539925,.13372542,.85869569,0,0,1,0,LatAm,,-.057861075,0,2.4053237,-1.0264205,6.0039515,10.125398,-5.9185252,4.0572333,-2.5126152,2.7311599,-2.0803277,2.6685903,-2.4817924,,,0
Armenia,1994,ARM,-7.891063059157713,3373.75944336293,16.30340675597108,8314.5938,3.2836599,.41301271,.23396645,0,1,0,0,Europe,4.5330181,-.18081316,104,5.400003,-8.7999992,-41.800003,-11.699999,,,6.8999982,5.8654008,3.3210797,7.3000002,3.3,5.9000001,9.5566416,1
Austria,2008,AUT,4.486714125768346,3.21595022953491,,357689.31,8.3384533,.16037489,2.301075,1,1,0,0,Rich,,1.7136425,0,1.4604237,3.7274153,3.4540417,2.2440653,2.7351203,.94147092,-3.7645781,1.8370937,2.9227972,.68044555,.025504712,.66127282,1.0145016,0
Azerbaijan,1995,AZE,-13.12544677592843,411.759641777268,10.56253758429517,17800.088,7.7754259,.43802923,.20596647,0,1,0,0,MidEast,2.907335,-.64131308,166,-11.8,-19.700001,-23.099998,-22.6,-.70000017,,1.2999995,5.8000002,10.000001,7.3999996,11.099999,9.9000006,9.4389162,1
Azerbaijan,2015,AZE,-.4192128683102826,4.00943826686826,26.3491372556908,141072.58,9.6174841,.13302509,.74032521,0,0,1,0,MidEast,,-.64131308,,1.050751,2.7972894,5.8426733,2.202939,-1.5729976,4.7888327,-3.0641999,-.28201121,1.4128735,,,,,0
Burundi,1994,BDI,-1.825256767291533,14.852814983397,123.3950431538047,4515.2803,5.8716068,.10786016,.071055628,0,1,0,0,Africa,,-1.2796288,0,-3.8299999,-6.2399998,1.0099983,4.9968367,3.4998221,1.3495022,-7.9200001,-8,-1.59,4.75,-1.01,-.85686404,2.0558071,0
Belgium,2008,BEL,-.8263234093772368,4.48944420508401,,427704.09,10.779173,.18972814,2.1284738,1,1,0,0,Rich,,1.6020942,0,.44691655,3.6769183,2.5523539,2.3217373,3.571193,1.037953,-2.0207257,2.8642852,1.6944975,.73922992,.45922804,1.5785233,2.032789,0
Benin,1988,BEN,-6.510923687098193,,73.34661742322032,6212.6699,4.672852,.14136392,.1328913,0,1,0,0,Africa,1.869354,-.4842276,24,3.4052453,-1.500003,2.1711416,7.5303249,7.9298396,-4.3478227,-2.8541605,8.9761343,4.2257996,2.9577107,5.8361721,2.0204005,6.0451984,1
Burkina Faso,1990,BFA,,-.504303388918915,26.94522547898641,8020.2842,8.8110342,.16709429,.085065,0,1,0,0,Africa,.96532971,-.62323701,44,-.60292846,2.1502674,5.7955928,-.2363368,7.9553628,8.5173655,9.0699844,.23271076,3.461385,1.3150073,5.7163739,11.014744,6.3168349,1
Bangladesh,1987,BGD,-.9758650692823827,9.87469609126641,39.1603036422247,118454.85,98.343811,.13929662,.12252321,0,1,0,0,Asia,1.0709995,-.73224235,53,3.7724018,4.1733828,3.3420146,4.8033099,3.8810463,2.1343279,2.4162569,2.8365822,5.6222582,3.4852278,5.4426856,4.7115617,3.8901265,1
Bulgaria,1990,BGR,-8.288059642304795,23.8000000000003,57.3261240943265,89570.336,8.8413706,.48637664,.9467442,0,0,0,1,Europe,3.4880321,.1073689,58,-9.1173773,-3.2898822,10.944692,6.0545139,4.207602,2.6834407,-8.4453554,-7.272388,-1.4802148,1.8180113,2.8601894,.70468068,-1.0888202,1
Bulgaria,1996,BGR,.1288476265165844,121.60754244925,87.95088325825859,59801.703,8.291872,.26897842,.62145615,0,1,1,0,Europe,4.7657423,.1073689,158,.70468068,2.8601894,1.8180113,-1.4802148,-7.272388,-8.4453554,-1.0888202,6.348979,-8.4081345,4.7657709,3.7702179,5.9375162,5.1562185,1
Bosnia and Herzegovina,1992,BIH,,,,5171.4561,4.2391539,.55500489,.11562835,0,1,0,0,Europe,,-.69180512,0,,,,,,,,,20.800001,88.957664,34.389576,15.599997,9.5999994,0
Belarus,1995,BLR,-3.279972801331104,709.346032118606,12.16621830873481,77292.5,10.142308,.45313159,.68564475,0,1,0,0,Europe,2.1310163,-.80565321,77,-10.400001,-11.700004,-7.6000018,-9.6000013,-1.1999955,,2.8000047,11.400005,8.399991,3.3999991,5.8000035,4.725306,5.0452676,1
Belarus,1997,BLR,-6.081364337704114,63.9373663357479,14.82751490088176,79577.117,10.073061,.36188549,.65866482,0,0,1,0,Europe,,-.80565321,0,11.400005,2.8000047,-10.400001,-11.700004,-7.6000018,-9.6000013,8.399991,3.3999991,5.8000035,4.725306,5.0452676,7.0431924,11.449743,0
Belarus,2009,BLR,-12.05446906320092,12.9456563410401,44.37002285158447,138526.83,9.4862394,.22141235,.8380565,0,0,1,0,Europe,6.8744941,-.80565321,53,.19999531,10.2,8.6000061,9.9999952,9.4000015,11.449743,7.7982669,5.3787074,1.6871356,1.0034709,1.7263849,-3.8295705,-2.5264463,1
Belarus,2015,BLR,-3.243306375577927,13.5344897649734,70.8541035115196,161395.7,9.4857721,.15897053,.85873806,0,0,1,0,Europe,,-.80565321,,-3.8295705,1.7263849,1.0034709,1.6871356,5.3787074,7.7982669,-2.5264463,2.5321834,3.0499055,,,,,0
Belize,2007,BLZ,-4.036286673092546,,95.04307534599002,2316.5027,.29840699,.18785763,.4319095,0,0,0,1,LatAm,,-.31318158,0,1.1055862,4.5816002,2.5780089,4.6480875,9.3279514,5.119885,3.2288556,.67080146,3.3834717,2.1626067,2.9378126,.85193461,3.6923714,0
Belize,2012,BLZ,-2.117440219100517,,82.86971384216059,2661.6465,.33670101,.18700698,.40153021,0,0,0,1,LatAm,,-.31318158,0,2.9378126,2.1626067,3.3834717,.67080146,3.2288556,1.1055862,.85193461,3.6923714,3.4319506,-.58802366,1.437289,3.0354037,,0
Belize,2017,BLZ,-7.02681788887321,,80.13692106304802,3207.8691,.374681,.23779379,.4175345,0,0,0,1,LatAm,,-.31318158,,1.437289,-.58802366,3.4319506,3.6923714,.85193461,2.9378126,3.0354037,,,,,,,0
Bolivia,1973,BOL,,31.4860287891619,64.59340431456681,8816.5781,4.7985091,.18305355,.1942859,0,0,1,0,LatAm,2.5768805,-.46282858,,5.7391615,7.9674854,5.0633364,5.2310295,4.4740973,8.5294428,2.9395678,7.3110175,4.6145673,4.9712157,2.0526946,.13334404,-1.3717752,1
Bolivia,1980,BOL,-.1413765765765766,47.2416501018426,65.30938777893444,11848.123,5.5895748,.20659097,.19036157,0,0,0,1,LatAm,1.9083421,-.46282858,56,-1.3717752,.13334404,2.0526946,4.9712157,4.6145673,7.3110175,.27562001,-3.938741,-4.0421185,-.20067599,-1.6763872,-2.5738745,2.4634771,1
Bolivia,1986,BOL,-9.818840970066256,276.335967563202,155.3497333804968,13684.694,6.337893,.19430035,.22665943,0,1,0,0,LatAm,3.1888666,-.46282858,61,-2.5738745,-1.6763872,-.20067599,-4.0421185,-3.938741,.27562001,2.4634771,2.9095047,3.7901301,4.6357861,5.2665277,1.6464969,4.2692938,1
Bolivia,1994,BOL,-1.508047266168583,7.87404421467432,85.62520890884203,19403.533,7.4188609,.28880736,.2416653,0,1,0,0,LatAm,2.4166276,-.46282858,64,4.6672707,4.2692938,1.6464969,5.2665277,4.6357861,3.7901301,4.6782727,4.3613429,4.9542089,5.0293522,.42688957,2.5078075,1.6838009,1
Brazil,1976,BRA,-4.270424767535161,,22.48056843094666,583625.5,110.21308,.10567131,.52553773,0,0,1,0,LatAm,,-.11402176,,9.79041,5.2090759,9.04212,13.978692,12.052802,11.295087,4.606318,3.2317095,6.7662849,9.11096,-4.3933573,.58024555,-3.4097934,0
Brazil,1982,BRA,-5.792696154129516,100.54335919485,35.33621976387619,690969.94,126.94736,.065787643,.54002273,0,0,1,0,LatAm,2.22911,-.11402176,42,.58024555,-4.3933573,9.11096,6.7662849,3.2317095,4.606318,-3.4097934,5.2691431,7.9458618,7.9882951,3.5996294,-.10267272,3.2794588,1
Brazil,1987,BRA,-.493736294758179,228.33625786393,42.57792345072417,881906.31,141.27348,.092863455,.63500088,0,0,1,0,LatAm,.44580537,-.11402176,24,3.5996294,7.9882951,7.9458618,5.2691431,-3.4097934,.58024555,-.10267272,3.2794588,-3.102356,1.5119373,-.46691322,4.6651688,5.3345518,1
Brazil,1992,BRA,1.51997289061325,951.962053052818,32.95724756324302,985908.25,154.56429,.15394026,.60458589,0,0,1,0,LatAm,.52734971,-.11402176,0,-.46691322,1.5119373,-3.102356,3.2794588,-.10267272,3.5996294,4.6651688,5.3345518,4.4167314,2.2075355,3.394846,.3380979,.46793756,1
Brazil,1994,BRA,-.2065893593347552,2075.88839757325,28.46722737687696,1191718.3,159.70512,.20594455,.68948603,0,1,0,0,LatAm,,-.11402176,0,5.3345518,4.6651688,-.46691322,1.5119373,-3.102356,3.2794588,4.4167314,2.2075355,3.394846,.3380979,.46793756,4.3879495,1.3898964,0
Brazil,2015,BRA,-3.022517300097487,9.029807185774899,30.81693515510589,2976166.5,205.96211,.21277064,.72930849,0,0,1,0,LatAm,,-.11402176,,-3.5458715,.5039618,3.0048654,1.9211503,3.9744253,7.5282259,-3.3053582,1.0638325,1.1175873,,,,,0
Botswana,1984,BWA,-4.736138984734279,8.57746904251907,23.68926861178308,3159.0068,1.151292,.33156013,.27395591,0,0,1,0,Africa,,.51517785,0,8.5453835,13.146729,12.165532,9.0648575,11.986901,12.148589,7.1252713,8.172924,11.881928,19.44997,13.059406,6.7728219,7.4587092,0
Central African Republic,1976,CAF,,,20.99585543213892,2338.738,2.0624051,.27216384,.1125409,0,1,0,0,Africa,,-1.5261757,,5.432519,.4049871,6.3390336,1.88894,-.00086717482,1.1302024,3.8062348,1.2092354,-2.4651377,-4.4786386,-1.5444657,7.7157836,-8.1265135,0
Central African Republic,1994,CAF,-2.899004627234185,24.5710137275605,106.9453584284054,3368.7661,3.2676699,.21180941,.09525843,0,0,1,0,Africa,2.7719836,-1.5261757,81,4.8999496,.33527568,-6.424078,-.55254298,-2.1475282,1.9772705,7.2000456,-4.000093,5.2999358,4.7001424,3.5999749,-2.4894323,4.4647388,1
Switzerland,2008,CHE,2.378861357859011,2.42604804028587,,415978.03,7.6461129,.08065033,2.9183676,1,1,0,0,Rich,,1.9704963,0,2.1547441,4.1117678,3.9887228,3.115202,2.7762966,.039569002,-2.2221119,3.0027983,1.6927521,1.0060778,1.8520354,2.4491794,1.3333884,0
China,1998,CHN,3.058375307584818,-.773182345961248,14.24481627456773,4746426.5,1267.4415,.22598916,.30664504,0,1,0,0,Asia,,.089489624,0,7.8376141,9.2307692,9.9283724,10.949227,13.052158,13.867576,7.6674862,8.4915085,8.3399105,9.1306458,10.035603,10.111223,11.395776,0
Cote d'Ivoire,1984,CIV,,4.28476110361868,134.5893114466439,24650.693,9.8260546,.25241581,.25047567,0,0,0,1,Africa,1.2397553,-.92309225,64,-2.7012615,-3.9002404,.20082235,3.500499,-10.957697,2.3944075,4.5012231,3.2593489,-.34897292,1.1364839,2.948005,-1.0959084,.040925168,1
Cote d'Ivoire,1988,CIV,,6.93068617206517,143.4273537515713,27745.584,11.42426,.23338374,.24275382,0,1,0,0,Africa,1.2318457,-.92309225,48,1.1364839,-.34897292,3.2593489,4.5012231,-2.7012615,-3.9002404,2.948005,-1.0959084,.040925168,-.24456061,-.19248509,.8112067,7.1257448,1
Cote d'Ivoire,1994,CIV,,26.0815719947161,230.7226529323818,31874.83,14.083611,.14566353,.20912436,0,0,1,0,Africa,5.7429481,-.92309225,90,.8112067,-.19248509,-.24456061,.040925168,-1.0959084,2.948005,7.1257448,7.7293272,3.7435532,4.9306798,1.6175275,-2.0684001,.12137192,1
Cote d'Ivoire,2001,CIV,,4.36152914007255,117.2382244615646,37681.168,17.040152,.1245923,.16528778,0,0,0,1,Africa,3.0693755,-.92309225,92,.12137192,-2.0684001,1.6175275,4.9306798,3.7435532,7.7293272,-1.6676421,-1.3595359,1.2317728,1.7212473,1.5158423,1.7650368,2.5428414,1
Cote d'Ivoire,2010,CIV,1.866754113293353,1.2264561213548,48.82239583227614,52976.387,20.401331,.11950117,.14200741,0,0,0,1,Africa,3.2362828,-.92309225,89,2.0176387,3.2514536,2.5428414,1.7650368,1.5158423,1.7212473,-4.3872547,10.706504,8.8894215,8.7940769,8.8428602,7.9717512,7.7020893,1
Cameroon,1987,CMR,-7.256563383014432,13.140499844701,37.78594951625638,30902.338,10.696274,.20389415,.29388088,0,1,0,0,Africa,.66478789,-.83878541,36,-2.1466503,6.7716632,8.0631618,7.4745727,6.8668303,7.5162024,-7.8236318,-1.8191205,-6.1056976,-3.8085995,-3.1000032,-7.9320664,2.1239355,1
Cameroon,1994,CMR,-.5289488344068328,35.0944618459464,93.09154088382996,29303.875,13.10966,.11260444,.20654006,0,0,1,0,Africa,1.094829,-.83878541,94,2.1239355,-7.9320664,-3.1000032,-3.8085995,-6.1056976,-1.8191205,3.4697921,4.3610864,5.2313209,4.5022912,4.292017,3.5533743,4.3680844,1
"Congo, Dem. Rep.",1976,COD,,80.38595907541399,30.70569079814191,42271.938,23.559071,.39948687,.17807248,0,0,1,1,Africa,.49011567,-1.6408192,,-5.3090019,-4.9816308,3.1305859,8.1372757,.15113552,6.0050182,.76079363,-5.3452916,.43008825,2.1949129,2.3505242,-.4576776,1.4117037,1
"Congo, Dem. Rep.",1983,COD,,76.5266976662659,49.9063547027945,54300.328,28.404877,.2804423,.19384532,0,1,1,0,Africa,2.2143891,-1.6408192,48,1.4117037,-.4576776,2.3505242,2.1949129,.43008825,-5.3452916,5.5410738,.46785095,4.7172098,2.6756425,.47038135,-1.2660506,-6.5683107,1
"Congo, Dem. Rep.",1989,COD,,104.06522942826,110.4938423974845,62094.344,33.465443,.28516528,.17948472,0,0,1,0,Africa,1.6537163,-1.6408192,67,-1.2660506,.47038135,2.6756425,4.7172098,.46785095,5.5410738,-6.5683107,-8.421051,-10.500009,-13.46905,-3.8999968,.69999886,-1.0231726,1
"Congo, Dem. Rep.",1991,COD,,2154.43682711341,140.7781770646054,37787.457,35.914825,.27432483,.10042696,0,1,0,0,Africa,,-1.6408192,0,-8.421051,-6.5683107,-1.2660506,.47038135,2.6756425,4.7172098,-10.500009,-13.46905,-3.8999968,.69999886,-1.0231726,-5.6170468,-1.6241541,0
"Congo, Dem. Rep.",1994,COD,,23773.1317741016,240.159810205565,30159.506,40.273701,.17953379,.069194794,0,1,1,0,Africa,,-1.6408192,0,-3.8999968,-13.46905,-10.500009,-8.421051,-6.5683107,-1.2660506,.69999886,-1.0231726,-5.6170468,-1.6241541,-4.2701406,-6.9109273,-2.100173,0
"Congo, Dem. Rep.",1999,COD,,284.894975914087,284.1683446650848,26484.227,45.898666,.10251127,.045625735,0,0,1,0,Africa,,-1.6408192,0,-4.2701406,-1.6241541,-5.6170468,-1.0231726,.69999886,-3.8999968,-6.9109273,-2.100173,2.9477651,5.5778222,6.7383738,6.1351514,5.3209796,0
"Congo, Dem. Rep.",2009,COD,-6.022509208639161,2.79999999999981,73.35054963988745,36893.379,62.409435,.096783347,.033925921,0,0,1,0,Africa,2.8628821,-1.6408192,79,2.8550639,6.2258945,6.2594776,5.3209796,6.1351514,6.7383738,7.1079764,6.874671,7.0868988,8.4819565,9.4702883,6.9161878,2.399379,1
"Congo, Dem. Rep.",2016,COD,-4.050289513685862,2.88585107290009,13.9325261800154,62136.102,78.736153,.11583147,.039542712,0,0,1,0,Africa,,-1.6408192,,2.399379,6.9161878,9.4702883,8.4819565,7.0868988,6.874671,3.7269475,5.7579327,,,,,,0
"Congo, Rep.",1986,COG,-32.48323777938425,4.1581108829568,186.3123048833766,4896.4346,2.188046,.65545762,.23491302,0,0,0,1,Africa,1.4210368,-1.1915934,48,-6.8615265,-1.1856608,6.976131,5.8539629,23.5977,17.619722,.18937664,1.7662635,2.5998764,1.0000036,2.3953674,2.611948,-.97968322,1
"Congo, Rep.",1994,COG,-44.84099550539261,42.4396750333452,357.481067140909,4363.4595,2.722497,.38691851,.14809291,0,0,1,0,Africa,1.8740147,-1.1915934,75,-5.4930758,-.97968322,2.611948,2.3953674,1.0000036,2.5998764,3.9853244,4.2904816,-.62481213,3.7375529,-2.5821993,7.5759802,3.8026018,1
Colombia,1982,COL,-7.836670825132906,24.7002398081535,27.68442290267662,193741.98,29.027163,.10373267,.66220999,0,1,0,0,LatAm,,-.13174106,0,.94842076,2.2768726,4.0873537,5.3791189,8.4699011,4.1585054,1.573956,3.3506837,3.1071062,5.8240762,5.3689322,4.0641732,3.4140961,0
Colombia,1985,COL,-5.184211253064158,23.9741816505302,43.57275461891992,198503.89,31.011688,.093021974,.64989084,0,0,1,0,LatAm,,-.13174106,0,3.1071062,3.3506837,1.573956,.94842076,2.2768726,4.0873537,5.8240762,5.3689322,4.0641732,3.4140961,4.2819982,2.0016077,4.0449295,0
Colombia,1998,COL,-4.93441634428213,18.6812565385812,34.54409592745641,287279.66,39.234062,.12475789,.59956837,0,1,0,0,LatAm,3.1047213,-.13174106,24,.5697841,3.4302936,2.0558548,5.2024374,5.814662,5.3854098,-4.2040153,2.9248614,1.6778983,2.5039804,3.918272,5.3330221,4.7065558,1
Comoros,1994,COM,-2.260928334059323,,61.68158338210414,1247.3763,.462277,.25301805,.24932507,0,0,1,0,Island,,-1.561964,55,-5.276783,3.0060613,8.530982,-5.395637,5.0912366,-3.1802566,3.6102064,-1.2916889,4.0301538,1.2825158,1.9244087,10.847878,2.3329072,0
Cabo Verde,1993,CPV,-4.87949553365867,5.78839590443698,30.03198887103862,810.08704,.36901399,.18775551,.2081711,0,1,0,0,Africa,,.11462396,0,8.7083111,10.937647,1.4041469,.69217187,5.6979494,5.9968548,19.182642,14.211637,11.346525,11.118426,12.517285,11.222649,14.284869,0
Costa Rica,1981,CRI,-15.59194414284269,37.0572006829526,146.4961597620316,17147.758,2.454129,.17755479,.64927346,0,0,1,1,Island,12.437356,.31522611,32,-2.2616556,.75189543,4.9391241,6.2676868,8.9044743,5.5175643,-7.2855687,2.8629928,8.0241079,.72160172,5.5362511,4.764533,3.4321473,1
Costa Rica,1987,CRI,-5.657019914006582,16.8466527583525,114.0720653576177,20711.297,2.872211,.16392566,.73350573,0,1,0,0,Island,1.1410465,.31522611,48,4.764533,5.5362511,.72160172,8.0241079,2.8629928,-7.2855687,3.4321473,5.6659756,3.5530634,2.265655,9.1965609,7.0875173,4.487267,1
Costa Rica,1991,CRI,-1.048960851702741,28.7093208307046,58.79244235969956,23330.162,3.1756489,.14535967,.70123196,0,0,1,0,Island,.64199531,.31522611,76,2.265655,3.5530634,5.6659756,3.4321473,4.764533,5.5362511,9.1965609,7.0875173,4.487267,4.1214962,1.2378163,5.5649457,6.9617004,1
Costa Rica,1994,CRI,-2.239130871251179,13.5342450979727,38.41003003673323,29513.703,3.4256899,.13153258,.79606104,0,1,0,0,Island,.68515253,.31522611,28,4.487267,7.0875173,9.1965609,2.265655,3.5530634,5.6659756,4.1214962,1.2378163,5.5649457,6.9617004,3.9433537,3.8331666,3.4904695,1
Cyprus,2013,CYP,-4.953484171344571,,,25595.252,.86193001,.15363936,1.4907089,1,0,0,1,Europe,5.6219611,1.2430011,88,-6.5530782,-3.4468222,.40143794,2.0146956,-2.0152624,3.646812,-1.8637398,3.374687,6.7465835,4.3612289,4.0601916,,,1
Czech Republic,1996,CZE,-6.161836015615029,8.758774728781111,,215567.64,10.35057,.29549471,1.7946049,1,1,0,0,Rich,,.90648639,0,4.2228146,6.221406,2.9093094,.061904248,-.50654233,-11.614943,-.59465909,-.3287155,1.4328395,4.2667413,2.9087648,1.6524941,3.6029894,0
Germany,2008,DEU,5.683944930729473,2.62838174873985,,3244136,81.130943,.15829328,2.144978,1,1,0,0,Rich,,1.6408876,0,.96226645,2.9840772,3.8145878,.72185379,1.1899149,-.71353346,-5.6971517,4.1789689,3.9241333,.41955107,.42824325,2.2256887,1.7397498,0
Djibouti,1991,DJI,22.07293315697691,,,1344.8816,.60684401,.47759971,.21153556,0,1,0,0,Africa,,-.90428275,0,,,,,,,,,,,,,,0
Dominica,2002,DMA,-14.21233022130283,.170055330197674,81.62929208064915,579.92084,.069824003,.30102229,.61335593,0,0,0,1,Island,1.2746494,.36931258,82,-2.8288786,-.062802263,2.3395073,.35478029,3.7738473,2.1852996,6.3533916,3.0506947,.65623313,4.6587596,6.3537593,7.1207418,-1.1697571,1
Denmark,2008,DNK,2.946877469344384,3.41626794258375,,234917.56,5.4977951,.21523963,2.2921195,1,1,0,0,Rich,,2.0422227,0,-.51201671,.90923893,3.913008,2.3366413,2.6682193,.39005852,-4.9065475,1.8709911,1.3367778,.2264998,.93334097,1.6193938,2.3425903,0
Dominican Republic,1982,DOM,-5.353557345719332,7.6462430660615,33.69978322287773,28085.854,6.0788202,.14272949,.45840031,0,0,0,1,Island,4.3041158,-.48796615,66,1.6987087,4.2798676,7.9687386,4.5313993,2.1406846,4.9817839,4.6279464,1.252896,-2.122535,3.5219932,10.117368,2.1559634,4.4005389,1
Dominican Republic,1985,DOM,-2.132976856156619,45.3361755532178,75.6211025755662,28939.264,6.4888558,.11962099,.45281014,0,0,1,0,Island,1.5799844,-.48796615,42,-2.122535,1.252896,4.6279464,1.6987087,4.2798676,7.9687386,3.5219932,10.117368,2.1559634,4.4005389,-5.4543123,.94413888,11.220933,1
Dominican Republic,1990,DOM,-3.95268341371983,50.4624792378524,66.35177327487625,32279.195,7.1836472,.09829583,.41991922,0,0,1,0,Island,.55151552,-.48796615,42,-5.4543123,4.4005389,2.1559634,10.117368,3.5219932,-2.122535,.94413888,11.220933,7.3645129,2.6003542,5.6854305,5.9778252,8.8852692,1
Dominican Republic,2003,DOM,4.787624674928217,27.4497127394394,35.9364873836831,68750.656,8.9677601,.11070142,.54932821,0,1,1,1,Island,2.8331332,-.48796615,104,-1.3457062,4.4951034,2.4595163,4.6617622,5.9400492,6.7144775,2.5701342,9.428237,9.1743555,7.4159517,3.2095044,.94615519,8.3396511,1
Algeria,1988,DZA,-3.451807577701299,5.9115449637349,45.72842478290541,198114.8,24.591492,.2317974,.80525297,0,0,1,0,MidEast,.35873368,-.60164398,56,-1.0000055,-.69999754,.40000099,3.6999972,5.5999966,5.400003,4.400002,.80000061,-1.2000006,1.8000023,-2.1000009,-.89999652,3.7999947,1
Algeria,1990,DZA,2.28907848785349,16.6525343885433,46.95832699310944,214609.23,25.912367,.19414885,.77397931,0,1,0,0,MidEast,.89782864,-.60164398,47,.80000061,4.400002,-1.0000055,-.69999754,.40000099,3.6999972,-1.2000006,1.8000023,-2.1000009,-.89999652,3.7999947,4.0999985,1.0999999,1
Algeria,1994,DZA,,29.0476561173071,74.10830594413801,196346.78,28.362253,.26090109,.63966674,0,0,1,0,MidEast,1.538631,-.60164398,94,-.89999652,-2.1000009,1.8000023,-1.2000006,.80000061,4.400002,3.7999947,4.0999985,1.0999999,5.1000037,3.2000015,3.8,3,1
Ecuador,1982,ECU,-5.930801225282753,16.2579695928846,41.24590925883307,58372.828,8.3929396,.24021198,.69003832,0,1,1,1,LatAm,.98159027,-.65306431,32,.61484534,5.612864,3.708683,3.7340484,5.7068248,1.6048421,-.33686876,2.6252732,3.9350014,3.4647825,-.25909871,5.8904672,1.005778,1
Ecuador,2008,ECU,2.864851330044144,8.400095939874619,31.68583015072159,126965.18,14.447562,.10223357,.47141171,0,0,0,1,LatAm,,-.65306431,0,6.3571305,2.190064,4.4035263,5.2913084,8.2110205,2.7228773,.5664916,3.5252986,7.8681407,5.6419621,4.9465113,3.7888687,.098872609,0
"Egypt, Arab Rep.",1984,EGY,-5.553865915336017,17.0363663799608,100.8751932284309,84070.633,48.86895,.4112668,.17176193,0,0,0,1,MidEast,,-.49838865,0,9.7457628,5.0944066,9.9071712,7.3485541,10.011329,4.5476894,5.7915058,4.7445254,3.8327527,5.4613204,4.9208684,5.6670294,1.1254046,0
"Egypt, Arab Rep.",1990,EGY,5.414282881002088,16.7563747077691,78.84577276747889,115566.59,57.412216,.17506085,.1881118,0,0,1,0,MidEast,.85775191,-.49838865,76,5.6670294,4.9208684,5.4613204,3.8327527,4.7445254,5.7915058,1.1254046,4.4728594,2.9007907,3.9731722,4.6424589,4.9887304,5.4923549,1
"Egypt, Arab Rep.",2016,EGY,-6.155658359415368,13.8096682847897,21.06006950365615,976004.44,95.688683,.19009632,.51107877,0,0,1,0,MidEast,3.5890441,-.49838865,,4.3466434,4.3720193,2.9159119,2.1854661,2.2261999,1.7645719,4.181221,5.3141212,,,,,,1
Eritrea,1993,ERI,22.91338567377681,,.511891359437587,,,,,0,1,0,0,Africa,,-1.2952589,0,13.454762,,,,,,21.221411,2.8583791,9.2588387,7.9086847,1.7725828,.013480241,-3.1419859,0
Spain,1977,ESP,-1.858748739622013,24.5380633969861,,510714.56,36.763531,.10638402,1.3480905,1,1,0,0,Europe,.11193085,1.2555561,,2.8385744,3.3037915,.54220331,5.6187859,7.7884655,8.1497459,1.4630034,.041546509,2.2087281,-.13246861,1.2464617,1.7701157,1.7846875,1
Spain,1983,ESP,-1.767405673139172,12.1740835180134,,487294.16,38.514061,.14527676,1.2829734,1,0,1,0,Europe,,1.2555561,0,1.7701157,1.2464617,-.13246861,2.2087281,.041546509,1.4630034,1.7846875,2.3214359,3.2533216,5.5471225,5.0943241,4.8270302,3.7813935,0
Spain,2008,ESP,-9.32993767987216,4.07566076368221,,1606779,45.997807,.17630556,1.8738264,1,1,0,0,Europe,,1.2555561,0,.88714516,3.6046879,4.1027269,3.6520326,3.1227953,2.9818947,-3.763232,.16301022,-.81437343,-2.9594412,-1.4353943,1.3839079,3.8351727,0
Estonia,1992,EST,,,,13226.156,1.52081,.26375145,.82430768,1,1,1,0,Rich,,.97123945,68,,,,,,,,-1.6424246,4.5266819,4.9359717,13.046535,4.3302956,-.40343556,1
Finland,1991,FIN,-5.323813451560508,4.31021289843461,,117148.23,5.019125,.18513691,2.2278407,1,1,0,0,Rich,,2.0719564,0,-5.9123878,.64274448,5.0528069,5.1819749,3.5441184,2.7176266,-3.321161,-.68897384,3.9344983,4.2175617,3.6673088,6.3342347,5.4569988,0
Finland,1993,FIN,-1.271631283522087,2.19065319556431,,109815.22,5.0717888,.17398289,2.0532081,1,0,1,0,Rich,,2.0719564,0,-.68897384,-3.321161,-5.9123878,.64274448,5.0528069,5.1819749,3.9344983,4.2175617,3.6673088,6.3342347,5.4569988,4.3796539,5.773366,0
Fiji,1998,FJI,-3.615122938093482,5.71168160413118,8.766454107096697,4587.1436,.80031502,.24876538,.46933019,0,0,1,0,Island,,-.35626057,0,1.3000004,-2.1999993,4.8000007,2.4999986,5.0999994,2.1300325,8.7999983,-1.6999984,2.0000002,3.1999991,.99999934,5.2999997,.70000041,0
France,2008,FRA,-.9657211920077464,2.81286194914787,,2363140.8,64.409088,.19905786,1.9681253,1,1,0,0,Rich,,1.5049917,0,.25494593,2.4247363,2.4493237,1.66322,2.8297529,.82316077,-2.8733139,1.9494376,2.1927006,.31313473,.57632667,.95618308,1.1129123,0
Gabon,1986,GAB,-31.06812590141742,6.2853551225645,61.56326801160973,6996.4819,.85302699,.2051924,.86099476,0,0,0,1,Africa,3.4014571,-.70092827,68,-.80359775,-2.3329494,7.5089021,5.6082406,-3.0975204,5.0953293,-17.146042,12.845353,8.54531,5.1922374,6.1125035,-3.0901456,3.9465549,1
Gabon,1994,GAB,7.572753786452504,36.1162456962985,113.0088981385676,9145.123,1.058663,.11844761,.79818308,0,0,1,0,Africa,1.3186829,-.70092827,64,3.7127547,3.9465549,-3.0901456,6.1125035,5.1922374,8.54531,4.9738479,3.6250491,5.7383676,3.4778335,-8.9326229,-1.8829664,2.1352334,1
United Kingdom,2007,GBR,-3.591130355925932,2.38656150773328,,2328242,61.414661,.17609158,2.1092353,1,1,0,0,Europe,,1.6672132,0,2.4305532,2.7883246,3.179729,2.3739514,3.2863777,2.3243511,-.28115359,-4.2478218,1.9495214,1.5401474,1.4789239,2.1394856,2.607476,0
Georgia,1991,GEO,,,,49407.328,5.3706489,.64254814,.87809402,0,1,0,0,MidEast,,.054026682,,-21.1,-14.788226,-7.1952019,5.5555582,1.2820429,-8.1752758,-44.900002,-29.300001,-10.399994,2.5999959,11.200003,10.519041,3.1049032,0
Ghana,1978,GHA,-1.254351523102346,73.09166666734301,34.99208184566815,37859.055,10.354499,.11419968,.35836199,0,0,1,0,Africa,1.7032931,-.090057597,,8.4759359,2.2741072,-3.5301828,-12.431629,6.8525167,2.8845842,-2.5149415,.47169593,-3.503067,-6.9236503,-4.5637374,8.6475697,5.0916171,1
Ghana,1982,GHA,-2.658076598657663,22.2955664080893,36.87071331451536,28523.471,11.488106,.14461975,.2463375,0,1,0,0,Africa,6.2839198,-.090057597,28,-6.9236503,-3.503067,.47169593,-2.5149415,8.4759359,2.2741072,-4.5637374,8.6475697,5.0916171,5.1991606,4.794899,5.6281686,5.0858727,1
Ghana,2009,GHA,-7.303012543011037,19.2507144305153,25.51062604934615,87039.617,23.903831,.099539556,.20896952,0,0,1,0,Africa,2.298351,-.090057597,97,4.8444872,9.1497993,4.3468194,6.3999124,5.9000039,5.5999999,7.8997121,14.047124,9.2927895,7.3125248,2.8974388,2.1782067,3.447793,1
Ghana,2014,GHA,-6.892719553001959,15.4896160333319,34.39649422689325,137290.19,26.962563,.15562154,.25439057,0,0,1,0,Africa,1.8895012,-.090057597,,2.8974388,7.3125248,9.2927895,14.047124,7.8997121,4.8444872,2.1782067,3.447793,8.1434469,6.2634807,,,,1
Guinea,1982,GIN,,,,14594.862,4.6906052,.079098925,.30870789,0,0,1,0,Africa,,-1.0557132,24,,,,,,,,,,,3.2999389,6.3081169,4.0034761,1
Guinea,1985,GIN,,,,15773.542,5.0847669,.077510707,.31495968,0,1,0,1,Africa,1.6475244,-1.0557132,60,,,,,,,,3.2999389,6.3081169,4.0034761,4.3240628,2.6134231,3.2709472,1
Guinea,1993,GIN,-1.731897023597695,,89.13594727685555,20051.336,7.1632361,.096232869,.26543954,0,1,0,0,Africa,,-1.0557132,48,5.0441446,3.2709472,2.6134231,4.3240628,4.0034761,6.3081169,3.9700992,4.6076732,4.461575,5.1816034,3.6441212,3.8120041,2.5030606,0
"Gambia, The",1985,GMB,3.405776657632381,18.319884874273,97.65003203431246,2086.7615,.73209602,.10379834,.28940201,0,0,1,0,Africa,10.103979,-.63786787,28,-.81226468,3.5352573,10.883227,-.76458263,3.3218939,6.2700796,4.0910707,2.4543326,4.4768271,5.8957219,3.5588794,3.1070392,3.3786891,1
Guinea-Bissau,1980,GNB,,,131.0935194686506,1203.7789,.80085403,.80422539,.13499008,0,0,1,0,Africa,,-1.294047,0,-15.952651,1.9941443,13.126043,-7.1700702,4.9434552,7.8455844,18.167528,4.2000823,-3.3982875,9.1092234,4.1664929,-.79384762,2.9000001,0
Guinea-Bissau,1994,GNB,-19.49749236839405,15.1763474313441,383.4858035139609,1621.9519,1.113541,.15226685,.1345868,0,0,1,0,Africa,6.2719479,-1.294047,36,3.2,2.0999999,1.1,5.0999999,6.0999999,6.0999999,4.4000001,11.6,6.5,-28.099979,1.0255374,5.4269872,2.1889069,1
Guinea-Bissau,2014,GNB,.5989760433109826,-1.50924460570504,24.87831428045268,2342.7913,1.725744,.27025968,.067823447,0,1,0,0,Africa,3.0337496,-1.294047,,.96456075,3.2559042,-1.712683,8.0847797,4.610971,3.3689749,6.1340828,6.2628055,5.9191766,3.8,,,,1
Equatorial Guinea,1980,GNQ,,,,445.47549,.25532499,.47777367,.15668917,0,0,1,0,Africa,14.135088,-1.4751698,2,,,,,,,5.7694206,2.2016759,5.0043874,1.0113816,12.905179,-2.3305564,4.4367375,1
Greece,1983,GRC,-3.799398809342383,20.1794832542286,,130629.36,9.8671608,.16739549,1.3424383,1,0,1,0,Rich,,.55637157,0,-1.0786223,-1.1326475,-1.5537212,.67713112,3.2820802,7.2468634,2.0105803,2.5095565,.51766014,-2.2588634,4.2878618,3.8,0,0
Greece,2012,GRC,-2.512345956149336,1.50152796054581,,274647.91,11.378257,.22862868,1.2260631,1,0,0,1,Rich,14.829468,.55637157,99,-7.3004942,-9.132494,-5.4790373,-4.3007336,-.33517256,3.273747,-3.241425,.73977715,-.43783394,-.1909523,1.5050993,1.9343709,,1
Guyana,1982,GUY,-29.31832133930851,,239.3940762723296,,,,,0,0,0,1,LatAm,,-.21034434,18,-13.190134,1.4961659,1.7338897,-1.8356962,-1.8061888,-2.6386797,-6.7923865,-5.028738,2.3996675,-.90060222,.8993966,-3.6935332,-4.9166665,0
Guyana,1987,GUY,,,672.7952725692061,,,,,0,0,1,0,LatAm,,-.21034434,0,.8993966,-.90060222,2.3996675,-5.028738,-6.7923865,-13.190134,-3.6935332,-4.9166665,-3.0674846,6.0578661,7.7578859,8.1751051,8.532423,0
Guyana,1993,GUY,-30.87966815506393,,542.6609728999833,,,,,0,1,0,0,LatAm,14.230311,-.21034434,52,8.1751051,7.7578859,6.0578661,-3.0674846,-4.9166665,-3.6935332,8.532423,5.0314465,7.9555178,6.1806655,-1.6791044,2.9601519,-1.3638039,1
Honduras,1981,HND,-7.485357782254922,9.405691261424989,46.51187967173011,10328.83,3.792938,.15484345,.25304228,0,0,0,1,LatAm,1.9795254,-.64603192,16,-1.2220351,.59935403,5.6099267,5.9662118,10.383889,10.500693,-2.0746608,.90569389,6.3272958,5.626235,5.3307743,6.6383562,1.7460338,1
Honduras,1990,HND,-1.044076788032553,23.3225664366467,82.13771240713071,13807.877,4.955328,.10694394,.26040095,0,0,1,0,LatAm,.84056097,-.64603192,48,2.791749,2.727849,1.7460338,6.6383562,5.3307743,5.626235,-3.3193085,6.073688,6.495718,.2119035,6.1893044,1.8707763,4.598083,1
Haiti,1992,HTI,.3216485890993429,19.358494654122,37.04146264564118,8553.8945,7.3869748,.018407453,.10975591,0,0,1,0,Island,,-1.5824107,0,-5.3099327,1.8805448,1.0381228,-2.9134245,.20042683,-.79364872,-5.4262962,-11.950629,9.8977079,4.1407733,2.7047138,2.1818404,2.710248,0
Haiti,1994,HTI,-1.079091454676304,39.3316195372752,35.00866329539058,7343.4355,7.674911,.022534911,.088409036,0,1,0,0,Island,1.0784553,-1.5824107,54,-11.950629,-5.4262962,-5.3099327,1.8805448,1.0381228,-2.9134245,9.8977079,4.1407733,2.7047138,2.1818404,2.710248,.87005925,-1.0443745,1
Haiti,2003,HTI,-1.512681397484928,28.6995777887374,46.35033020175678,14066.88,8.976552,.0081283562,.11228643,0,0,1,0,Island,,-1.5824107,0,.36380026,-.2514644,-1.0443745,.87005925,2.710248,2.1818404,-3.5228882,1.8050113,2.2492213,3.3432786,.84394455,3.0832479,-3.1223943,0
Hungary,1991,HUN,1.16023492880977,34.8175429072704,,117523.48,10.363564,.27882993,1.0824103,0,1,0,0,Europe,4.3861499,.72839707,53,,,,,,,-3.0641804,-.57610852,2.9471545,1.4895254,.08241614,3.1431241,3.9000025,1
Hungary,2008,HUN,-6.918494973479715,6.0425125388106,,217913.58,9.9912014,.27408889,1.1699759,0,1,0,0,Europe,10.538442,.72839707,39,1.0582917,.24217778,4.0310135,4.2436256,4.8228517,4.084527,-6.6995549,.6642918,1.81908,-1.4717889,1.9629841,4.1950822,3.8455577,1
Indonesia,1979,IDN,,16.2327657550178,37.99388553333218,287180,144.64938,.13545868,.18350056,0,0,1,0,Asia,,-.27612796,,7.3243093,6.7670698,8.7613258,6.8865652,4.9773006,7.6346731,9.8800774,7.9271569,2.2464454,4.1929674,6.9755278,2.4621437,5.8750453,0
Indonesia,1997,IDN,-2.266059185213602,6.22614163387585,65.09727448946538,953941.94,203.69846,.1655976,.39045584,0,1,0,0,Asia,5.3180122,-.27612796,128,4.6998787,7.8181872,8.2200069,7.5399709,6.496408,6.4975066,-13.126725,.79112607,4.9200678,3.6434665,4.4994755,4.7803693,5.0308738,1
India,1993,IND,-.6716179540959337,6.32689048779864,33.15743212981965,1304660.4,924.0578,.14490116,.13388439,0,1,0,0,Asia,,-.038406406,44,4.7507763,5.4823961,1.0568315,5.5334544,5.9473433,9.6277828,6.6589241,7.574492,7.5495224,4.0498209,6.1844158,8.8457556,3.8409913,0
"Iran, Islamic Rep.",1985,IRN,-.2641749425628475,4.38934095741537,3.277118757368755,146319.89,47.342701,.18238062,.3137958,0,0,1,0,MidEast,,-.47676939,0,2.1522131,-8.7851925,8.5625248,27.210413,-5.1760383,-27.526474,-10.206239,.64851719,-5.3962111,6.0208745,13.83378,12.383382,2.8347278,0
"Iran, Islamic Rep.",1992,IRN,,25.8077226162332,,220228.66,58.260738,.16867989,.35828489,0,0,0,1,MidEast,,-.47676939,0,2.8347278,12.383382,13.83378,6.0208745,-5.3962111,.64851719,1.0399979,-1.5115877,2.282661,5.1732836,.48204687,2.1778231,.85545862,0
"Iran, Islamic Rep.",2000,IRN,11.38863537241605,14.4767513188566,8.037871629246659,503590.5,66.131851,.22608322,.56920165,0,0,1,0,MidEast,,-.47676939,0,5.8580666,.85545862,2.1778231,.48204687,5.1732836,2.282661,.77863872,7.2655511,8.7345848,4.3745093,3.1898041,4.9997954,8.1557732,0
"Iran, Islamic Rep.",2013,IRN,,39.2660234321157,1.486013273737465,1236038.3,77.435387,.20749336,.801305,0,0,1,0,MidEast,,-.47676939,0,-.19407347,-7.4445572,2.6457179,5.7979383,1.0073855,.25085655,4.6034188,-1.3206451,13.396244,3.7551873,,,,0
Iceland,1975,ISL,,,,4657.3076,.21807,.14166012,2.2172163,1,0,1,0,Europe,,1.7285683,,.64615506,5.7062922,6.8060098,6.1773343,13.060838,12.753297,5.9593678,8.8222771,6.0167146,4.8605824,5.7479205,4.265007,2.1545663,0
Iceland,1981,ISL,-4.216397006128405,51.7932416010108,,6429.7583,.230664,.14125645,2.5901952,1,0,1,0,Europe,,1.7285683,0,4.265007,5.7479205,4.8605824,6.0167146,8.8222771,5.9593678,2.1545663,-2.1511617,4.1291184,3.2928414,6.2705421,8.5459394,-.089726031,0
Iceland,1989,ISL,-1.795428175705317,20.7581950334485,,7653.0488,.252413,.17245491,2.9328833,1,0,1,0,Europe,,1.7285683,0,.25843984,-.089726031,8.5459394,6.2705421,3.2928414,4.1291184,1.1693703,-.22352551,-3.3738942,1.3134495,3.6088579,.11658371,4.573164,0
Iceland,2008,ISL,-24.22944775231865,12.6943942775878,,16156.79,.310884,.21799181,2.7878346,1,1,1,0,Europe,12.354897,1.7285683,63,1.9919808,9.3653231,5.2488203,6.3300042,8.0422049,2.2681372,-6.777215,-3.435878,1.8816195,1.2964361,4.1338511,2.0802872,4.4678607,1
Israel,1975,ISR,-11.87912243146033,39.3067323775359,,54741.113,3.33676,.52252895,1.7031687,1,0,1,0,MidEast,.25727093,1.2230687,,3.2428195,6.4761615,5.5874639,12.146555,10.951071,3.0440586,.32250318,1.0352992,5.5550871,6.2078156,1.6704416,5.3399267,2.0825,1
Israel,1980,ISR,-3.609714317290159,131.025000335282,,60298.02,3.7446671,.41614279,1.4461,1,0,1,0,MidEast,,1.2230687,0,1.6704416,6.2078156,5.5550871,1.0352992,.32250318,3.2428195,5.3399267,2.0825,3.3591015,.93321371,4.0369401,4.1901445,7.1397114,0
Israel,1983,ISR,-7.641971821816017,145.951530366009,,71239.969,3.9501231,.35423541,1.828769,1,1,0,0,MidEast,,1.2230687,0,3.3591015,2.0825,5.3399267,1.6704416,6.2078156,5.5550871,.93321371,4.0369401,4.1901445,7.1397114,2.9100163,.57474685,7.3151994,0
Israel,1985,ISR,3.596231710985479,308.7931304484,,72841.719,4.082787,.37845239,1.8114246,1,0,1,0,MidEast,,1.2230687,0,4.0369401,.93321371,3.3591015,2.0825,5.3399267,1.6704416,4.1901445,7.1397114,2.9100163,.57474685,7.3151994,7.7261152,7.7592659,0
Italy,1981,ITA,-2.416706384186739,17.9692987519672,,1108225.4,56.576504,.15058215,1.8201605,1,0,1,0,Rich,,.5263052,0,.84422761,3.4300163,5.9591594,3.2401397,2.5605009,7.1253853,.41358566,1.1692035,3.2258525,2.7980857,2.859972,3.1919606,4.1943774,0
Italy,2008,ITA,-2.795275100634589,3.34783258401023,,2178288.3,59.502384,.15981837,1.963773,1,1,0,0,Rich,,.5263052,0,-.96201283,1.4870729,1.7906396,.81784898,1.4235941,.13862689,-5.2809372,1.7132958,.70733333,-2.9809058,-1.8410654,-.0045475424,.77830434,0
Jamaica,1978,JAM,-.8205867495963304,34.8998015240508,56.8764086176424,12074.003,2.105664,.17641746,.56200922,0,0,1,1,Island,9.4689426,.18791036,,-.053700313,-2.5975487,-6.6942449,-.25609225,-4.2292614,-5.4855089,-1.0600413,-5.714159,2.6394479,2.0692315,1.9090784,-1.5423458,-2.9436355,1
Jamaica,1983,JAM,-9.258367140199342,11.5821110844253,105.1167887571008,9268.1768,2.2736659,.14513072,.41334569,0,0,1,0,Island,2.7637999,.18791036,100,1.9090784,2.0692315,2.6394479,-5.714159,-1.0600413,-.053700313,-1.5423458,-2.9436355,1.8825881,7.8503547,3.9743021,7.1733046,4.2005353,1
Jamaica,1991,JAM,-5.897496261459625,51.0710977304313,126.3500585482533,11742.863,2.4436891,.14405765,.45867434,0,0,1,0,Island,1.4668787,.18791036,64,4.8382387,4.2005353,7.1733046,3.9743021,7.8503547,1.8825881,1.9555424,9.4171028,1.3833898,2.349957,-.11373121,-1.1404599,-2.3345535,1
Jamaica,1996,JAM,-1.935396308360478,26.4066566074043,57.42441534801846,13902.603,2.5619929,.2290477,.46759275,0,1,0,0,Island,,.18791036,0,-.11373121,2.349957,1.3833898,9.4171028,1.9555424,4.8382387,-1.1404599,-2.3345535,1.0476738,.87870353,1.3449296,1.997291,3.6663177,0
Jamaica,2010,JAM,-7.075644558650334,12.6095082350193,111.7015905913106,20178.752,2.81721,.22045,.39170784,0,0,0,1,Island,9.4834681,.18791036,89,-1.4660593,-4.3366504,-.8117367,1.431954,2.8991253,.89379793,1.7303762,-.61363602,.50156057,.69147813,.92268217,1.3756387,1.0033653,1
Jordan,1989,JOR,9.119088261213596,25.7127192982454,181.7099852673373,14275.229,3.3950231,.33053854,.40673575,0,1,1,1,MidEast,1.8219891,.10139795,30,-13.452115,-1.8521067,2.8956077,7.0141582,3.4563906,8.6406441,.97375649,1.8238961,18.664835,4.6309152,4.9864402,6.1863427,2.0873473,1
Japan,1997,JPN,2.162211917940721,1.74780458692133,,4308289.5,126.90263,.13605158,2.8305576,1,1,0,0,Rich,,1.4406826,0,1.0760453,3.0999992,2.7421403,.99306637,-.51791984,.84806961,-1.1284099,-.25195426,2.7796328,.40633589,.11799277,1.5282202,2.2046878,0
Kazakhstan,1999,KAZ,-1.013584574083901,8.296027653425639,40.48797619725393,80411.703,15.165574,.24256143,.41925967,0,0,1,0,MidEast,2.6672337,-.45572591,93,2.7,-1.9,1.7,.5,-8.1999998,-12.6,9.8000002,13.5,9.8000002,9.3000002,9.6000004,9.6999998,10.7,1
Kazakhstan,2008,KAZ,4.683777821754755,17.139899777207,93.53570177664419,254781.77,16.001177,.1424251,.85413545,0,1,0,0,MidEast,,-.45572591,0,3.3,8.8999996,10.7,9.6999998,9.6000004,9.3000002,1.2,7.3000002,7.4000001,4.8000002,6,4.1999998,1.2,0
Kazakhstan,2015,KAZ,-3.260292639510474,6.67828585615241,88.49031936266182,387024.69,17.749647,.15255632,1.1005007,0,0,1,0,MidEast,,-.45572591,,1.2,4.1999998,6,4.8000002,7.4000001,7.3000002,1.1,4.0999999,4.0999999,,,,,0
Kenya,1985,KEN,-1.874784251018725,13.0065664218827,70.56282860317504,40295.16,19.651224,.26581976,.2081901,0,1,0,0,Africa,1.4100413,-.51176345,32,4.3005619,1.755217,1.3090502,1.5064783,3.7735443,5.5919762,7.1775556,5.9371076,6.2031837,4.6903486,4.1920509,1.4383467,-.79949397,1
Kenya,1992,KEN,-2.194560024703056,27.3323644475784,87.82322298851977,49707.715,24.963953,.10780564,.18873008,0,1,0,0,Africa,1.0980234,-.51176345,17,-.79949397,1.4383467,4.1920509,4.6903486,6.2031837,5.9371076,.35319725,2.6327846,4.4062166,4.1468391,.47490191,3.2902138,2.3053887,1
Kyrgyz Republic,1997,KGZ,-7.835161369954083,23.4354278497005,78.73012620288947,11249.886,4.7056379,.36604017,.19932754,0,0,1,0,MidEast,6.0472522,-.68310827,109,9.9151678,7.0845022,-5.4238219,-20.085159,-15.459325,-13.888709,2.1218355,3.6557896,5.4266739,5.3215842,-.017353166,7.0302963,7.0268598,1
Cambodia,1971,KHM,,,.0017538731680752,11045.308,7.1377492,.054560188,.17181629,0,0,1,0,Asia,,-.8379342,,,,,,,,,,,,,,,0
"Korea, Rep.",1997,KOR,-1.939271815571349,4.43906376109768,,990107.31,46.202602,.10792105,1.7867079,1,1,0,0,Asia,6.2815123,1.0010242,52,5.9221854,7.5945091,9.5706043,9.2061415,6.8467441,6.1755056,-5.4712191,11.308621,8.9244261,4.5253067,7.4324336,2.933218,4.8998404,1
Kuwait,1982,KWT,23.00187457517956,7.77679842690851,,61768.086,1.511314,.15773781,4.0549545,0,1,0,0,Rich,,.025175022,0,,,,,,,,,,,,,,0
Lao PDR,1972,LAO,,,,1936.6482,2.8408411,.21014823,.0744133,0,0,1,0,Asia,,-.77295107,,,,,,,,,,,,,,,0
Lao PDR,1986,LAO,-6.252666102732602,,49.0149641148773,3930.0654,3.7940431,.23195221,.10873795,0,0,1,0,Asia,,-.77295107,0,4.8851333,5.0699639,,,,,-1.4257923,-2.010201,14.190637,6.7045789,4.2965636,5.5598578,5.9125566,0
Lao PDR,1997,LAO,-11.79156278393604,27.5088624491449,136.4534358048275,7591.4214,5.056519,.17185622,.12517257,0,0,1,0,Asia,,-.77295107,0,6.8720913,6.9283237,7.0312543,8.1590185,5.9125566,5.5598578,3.967608,7.306376,5.7987823,5.7514129,5.9187436,6.0670023,6.3576956,0
Lebanon,1984,LBN,,,,14464.069,2.6672201,.67480421,.54143614,0,0,1,0,MidEast,,-.32909599,0,,,,,,,,,,,-42.451118,26.533159,49.44738,0
Lebanon,1990,LBN,,,51.63708494007565,10469.172,2.703016,.50725454,.36195263,0,1,1,0,MidEast,,-.32909599,0,26.533159,-42.451118,,,,,49.44738,16.438345,10.76567,8.1052418,6.4488626,11.285935,1.0549667,0
Liberia,1980,LBR,,,73.76126558143957,4071.0361,1.888314,.086508632,.19361511,0,0,0,1,Africa,,-1.3996537,28,,,,,,,,,,,,,,1
Liberia,1991,LBR,,,,1578.8558,2.060267,.050490789,.073146813,0,1,0,0,Africa,,-1.3996537,0,,,,,,,,,,,,,,0
Libya,2002,LBY,3.388359218822083,-9.79764705882358,,,,,,0,0,1,0,Africa,,-1.2729282,0,-.95884937,-1.7628782,3.6792133,,,,13.016001,4.4616299,11.870728,6.5005474,6.3523169,2.6673558,-.79014182,0
Sri Lanka,1978,LKA,-2.399057980450424,12.141597276466,55.23980291135104,38697.227,14.533376,.078220047,.26097241,0,0,1,0,Asia,9.9954748,-.16973329,,5.6538367,5.1005902,3.3351066,6.1262331,3.8458309,7.0573988,6.4035568,5.8460264,5.6995249,4.1414957,4.8139911,5.0991464,4.9994063,1
Lesotho,1985,LSO,52.91779381200797,13.3208255159471,34.94317954945848,1856.8092,1.472192,.19057515,.1280559,0,0,1,0,Africa,,-.3847304,0,2.6102493,5.5348978,1.9861654,4.4572039,.69463813,-2.7447793,4.6848559,.72972822,8.6019192,5.7952442,6.0454731,6.9666071,6.9563651,0
Lesotho,2015,LSO,-3.092810371109716,3.17186061878882,31.84623442705927,6528.1367,2.1746449,.29871237,.15151034,0,0,1,0,Africa,,-.3847304,,2.7174759,2.8172896,2.1557212,5.8999181,6.630033,6.4296398,3.2185533,-2.2772403,1.1341882,,,,,0
Lithuania,1992,LTU,,,,36062.895,3.6881001,.32081875,.92680538,0,0,1,0,Rich,,.7463249,74,,,,,,,,,,5.1499591,8.2932291,7.4671755,-1.1346427,1
Luxembourg,2008,LUX,7.798242655437234,3.40187963025566,,43228.168,.48510501,.16362354,4.7801485,1,1,0,0,Rich,,1.7723917,0,-1.2795856,8.3545532,5.1784859,3.1724427,3.6121767,1.629287,-4.3586068,4.8649683,2.5392349,-.35251921,3.6543703,4.2967863,4.3064327,0
Latvia,1992,LVA,,951.696194870801,,26802.08,2.6202459,.36373124,.96952075,0,0,1,0,Europe,,.69526178,54,,,,,,,,,-1.7987884,2.5460558,8.9392481,6.3651638,2.8277936,1
Latvia,1995,LVA,-.2792496705926179,24.975935531675,,20582.85,2.5084729,.43475583,.73823512,0,1,0,0,Europe,.71941,.69526178,86,-1.7987884,,,,,,2.5460558,8.9392481,6.3651638,2.8277936,5.5951982,6.3190618,7.1159673,1
Latvia,2008,LVA,-12.59338676052166,15.4023191064986,,43901.086,2.171881,.28107524,1.0843003,0,1,0,0,Europe,6.7545753,.69526178,62,-3.3463671,10.010852,11.888097,10.743382,8.3413591,8.4363842,-14.238147,-4.4734411,6.2851186,4.1342316,2.3280044,1.9151903,3.2605243,1
Morocco,1980,MAR,-6.473713434700831,9.408379474379551,45.68664341218361,53250.164,20.019848,.27346805,.23887388,0,1,0,0,MidEast,4.8518133,-.12556395,32,3.6421647,4.793787,2.2326634,6.0591679,10.812781,7.5582213,-1.7434349,8.9573717,1.3865696,6.4183865,6.0076523,9.2711058,-.32500407,1
Morocco,1983,MAR,-5.450245562730522,6.20793538870313,83.07868841417873,63261.707,21.528502,.28148916,.29797021,0,0,0,1,MidEast,1.9733565,-.12556395,56,1.3865696,8.9573717,-1.7434349,3.6421647,4.793787,2.2326634,6.4183865,6.0076523,9.2711058,-.32500407,11.875236,2.8462026,3.4118123,1
Moldova,1999,MDA,-5.797829527022322,39.2559806891746,99.26703161590902,7572.3779,4.2242732,.25024521,.14174344,0,0,1,0,Europe,11.349051,-.59329057,145,-3.3682544,-6.542192,1.6470644,-5.8770604,,,2.1077161,6.1000004,7.7999997,6.5999999,7.3999996,7.5,4.7999997,1
Moldova,2002,MDA,-1.191466092755151,5.30124390261599,110.9086845791127,8734.7168,4.1766162,.172011,.15444463,0,0,0,1,Europe,,-.59329057,77,7.7999997,6.1000004,2.1077161,-3.3682544,-6.542192,1.6470644,6.5999999,7.3999996,7.5,4.7999997,3.0000002,7.8000002,-6.0000005,0
Madagascar,1981,MDG,-10.09293111308992,30.5381774327712,45.59641065168199,11817.879,8.9713449,.46728003,.12240514,0,0,0,1,Africa,3.5753276,-.80920458,52,-9.6987886,.80577081,9.8546505,-2.6618059,2.3640003,-3.0688584,-1.8101941,.90210634,1.7046789,1.1558771,1.9591057,1.1780856,3.4034171,1
Madagascar,1984,MDG,-6.575967882934542,9.856620954338879,76.47109023337005,13174.94,9.7808723,.44105312,.13448897,0,0,1,0,Africa,1.1507229,-.80920458,58,1.7046789,.90210634,-1.8101941,-9.6987886,.80577081,9.8546505,1.1558771,1.9591057,1.1780856,3.4034171,4.0788927,3.1300294,-6.3095345,1
Madagascar,1988,MDG,-6.141055063420343,26.8537971413812,161.7731200257269,15293.985,10.952395,.2935895,.13957635,0,1,0,0,Africa,.73179102,-.80920458,83,3.4034171,1.1780856,1.9591057,1.1558771,1.7046789,.90210634,4.0788927,3.1300294,-6.3095345,1.1861523,2.0965598,-.071608253,1.7122132,1
Maldives,1975,MDV,,,,201.42223,.136519,.16494843,.15317339,0,0,1,0,Island,,-.032802548,,,,,,,,,,,,,,,0
Mexico,1977,MEX,,29.0641247103462,39.43228076292707,635637.38,64.345886,.067974716,.95862049,0,0,1,0,LatAm,.73920768,.18174872,,3.3906398,4.4174442,5.7444849,5.7768273,7.8611197,8.2288074,8.9569426,9.6981697,9.2332516,8.5256071,-.52080804,-3.4864218,3.410814,1
Mexico,1994,MEX,-5.619811679089305,6.96581237191123,27.15966492895749,1243140.3,92.349144,.10467517,1.2438213,0,1,0,0,LatAm,5.0852594,.18174872,56,4.9410806,1.9411558,3.5411024,4.2147551,5.1757684,4.1055093,-6.2912307,6.7732587,6.8468523,5.1639252,2.7535543,4.9424539,-.40439013,1
Mali,1987,MLI,-10.21425836558287,,98.96534548492238,6331.4292,8.0677576,.42967218,.079829141,0,1,0,0,Africa,2.9901361,-.84390533,30,-.13916428,2.692621,20.286634,-.28701115,1.8208737,-7.3784332,7.3897209,4.1773882,-2.5023952,11.745204,-3.2186625,3.1721683,3.7799342,1
Myanmar,1990,MMR,,17.6267750314504,,32744.146,40.626251,.2737411,.075320803,0,0,1,0,Asia,,-1.358637,0,2.8169332,3.6952975,-11.35244,-4.0056319,-1.0573487,2.8510003,-.65061688,9.6609421,6.0394101,7.4779582,6.9480515,6.4427152,5.6515832,0
Myanmar,1996,MMR,,16.2753966377374,,42578.883,43.793308,.21886376,.083779171,0,0,1,0,Asia,,-1.358637,0,6.4427152,6.9480515,7.4779582,6.0394101,9.6609421,-.65061688,5.6515832,5.8662133,10.94513,13.745931,11.343997,12.025514,13.843997,0
Myanmar,2001,MMR,-2.346359947422586,21.1013053769229,94.0618975332747,56427.621,46.627995,.22005466,.090455472,0,0,1,0,Asia,,-1.358637,0,11.343997,13.745931,10.94513,5.8662133,5.6515832,6.4427152,12.025514,13.843997,13.564662,13.56895,13.076101,11.991435,10.255305,0
Myanmar,2007,MMR,6.841285596085048,35.0245970717698,39.94461135856844,116869.91,49.171585,.16635427,.13223836,0,0,1,0,Asia,,-1.358637,0,11.991435,13.076101,13.56895,13.564662,13.843997,12.025514,10.255305,10.550009,9.6344395,5.5914822,7.3326702,8.4260006,7.9909158,0
Myanmar,2012,MMR,-2.101589987729259,1.46758322674671,19.94002022851583,217841.67,50.986515,.19744264,.21701908,0,0,1,0,Asia,,-1.358637,0,7.3326702,5.5914822,9.6344395,10.550009,10.255305,11.991435,8.4260006,7.9909158,6.9928403,5.862473,6.7586288,6.2000513,,0
Mongolia,1990,MNG,-24.1738310890104,,1.008003219754557,7240.0737,2.184145,.62393492,.30977729,0,0,1,0,Asia,1.293955,-.40484515,12,-3.1844602,4.178196,5.1079721,3.4586484,9.3749943,5.712872,-8.6935444,-9.2564659,-3.1687915,2.1343827,6.3764267,2.2350938,3.8967135,1
Mongolia,1997,MNG,5.756459575531903,36.5561148948773,51.8599222038608,5646.7114,2.335695,.20699219,.20156597,0,0,1,0,Asia,3.8905809,-.40484515,105,3.8967135,2.2350938,6.3764267,2.1343827,-3.1687915,-9.2564659,3.3399365,3.070369,1.1460621,2.9527106,4.7329783,7.0046344,10.625406,1
Mongolia,2008,MNG,-12.28375713027328,27.966472303207,40.06744058651854,17499.279,2.6281309,.25547427,.35717699,0,1,0,0,Asia,5.1536574,-.40484515,74,8.9003677,10.248016,8.5562344,7.2536654,10.625406,7.0046344,-1.2685989,6.3651619,17.290777,12.319819,11.648916,7.8852253,2.3798358,1
Mozambique,1984,MOZ,,,39.67622249333636,8025.8525,12.85378,.12192557,.06234131,0,0,0,1,Africa,,-.58257008,0,-6.5,-15.700002,-6.8999996,5.0000029,,,.99999672,-2.2999961,14.700001,8.199995,6.5000048,.99999285,4.8999991,0
Mozambique,1987,MOZ,,,181.828652694722,6764.752,13.020861,.099245742,.052847531,0,1,1,0,Africa,2.3454397,-.58257008,23,14.700001,-2.2999961,.99999672,-6.5,-15.700002,-6.8999996,8.199995,6.5000048,.99999285,4.8999991,-6.1022477,10.589098,6.5363369,1
Mozambique,2015,MOZ,-40.32763542015001,,95.5961396212761,34725.75,28.010691,.16176489,.062570445,0,0,1,0,Africa,1.9332539,-.58257008,,6.723279,7.3985128,6.9636073,7.2584391,7.4036727,6.4881496,3.8242142,3.7413175,3.4281735,,,,,1
Mauritania,1984,MRT,-15.22749163311955,,192.0527150975415,3462.1882,1.720812,.22604926,.20087822,0,1,0,0,Africa,1.7833909,-.63604891,58,-3.2268643,3.735342,-2.3399241,3.4502885,3.3712103,4.79004,2.9947605,5.7135792,1.9003842,1.7203979,4.7775855,-1.7713045,1.7880872,1
Malawi,1982,MWI,-9.465036661543877,9.821162444320819,77.91194537478263,7960.6519,6.4844518,.23631673,.1218013,0,0,0,1,Africa,2.058136,-.5738346,34,2.5034537,-5.2901192,.40674642,4.3961539,9.7450676,4.9180312,3.718709,5.3603039,4.5709825,-.21480252,1.6252391,3.1772914,1.3446897,1
Malawi,1994,MWI,-15.28870636445556,34.6496361508323,177.5038839082434,10385.731,9.7969761,.13165927,.097952552,0,0,1,0,Africa,1.8171815,-.5738346,82,-10.240182,9.6918402,-7.3329782,8.7302322,5.6922946,1.3446897,16.728817,7.3166814,3.7924192,3.8952537,3.0422781,1.5760778,-4.9749637,1
Malawi,2012,MWI,-12.35251560486693,21.271265001378,22.71676033408641,15649.3,16.097305,.076863296,.049380329,0,0,1,0,Africa,3.5265601,-.5738346,77,1.8857995,4.8540549,6.8740654,8.3281107,7.6397367,9.6000004,5.1999998,5.6999998,2.8,2.4840407,4.0000305,3.5,,1
Malaysia,1997,MYS,-5.934935544360929,2.66251459711942,,285129.44,21.565325,.13334779,1.1023608,0,1,0,0,Asia,,1.0105685,0,7.322742,10.002701,9.8290854,9.2120419,9.8949432,8.8851175,-7.3594151,6.1376119,8.8588686,.51767534,5.3909883,5.7884994,6.7834377,0
Namibia,1984,NAM,,,,6363.7036,1.111132,.16081409,.57182074,0,0,1,0,Africa,,.15062898,,-.23689152,-1.8234503,-.39809075,.97144949,,,.46417126,4.7672696,3.5537691,.81314892,1.858675,2.0474598,8.1656122,0
Namibia,2015,NAM,-13.69249726713477,3.39566065540328,,27360.154,2.425561,.2191378,.56930864,0,0,1,0,Africa,,.15062898,,6.0863762,6.3516779,5.6147199,5.0616822,5.0913382,6.0392494,1.1231688,-.86787707,-.54633206,,,,,0
New Caledonia,1981,NCL,,,,,,,,0,0,1,0,Rich,,,0,-6.9999995,-.39999455,-13.600005,9.8000069,1.8998243,2.2999983,2.3999925,-1.9999976,1.7999992,4.5000005,-1.0000035,5.7000027,34.600002,0
Niger,1983,NER,-3.429340371643564,-2.48960568671487,55.16621339769819,7583.1982,6.5298939,.24031462,.11775844,0,1,0,1,Africa,1.0671598,-.76110137,42,-4.7509432,1.6231022,.60891521,-2.2324448,7.146996,13.472612,-16.825356,7.7225437,6.3600268,.074556246,6.8991218,.93392915,-1.2843554,1
Niger,1994,NER,-8.069823792289691,36.0410583134242,100.6430876982284,6680.3379,9.151763,.21107961,.067447275,0,0,1,0,Africa,1.7031581,-.76110137,56,4.0045619,1.4494379,-6.5164447,2.5042033,-1.2843554,.93392915,2.6057558,3.4190931,2.7539656,10.422262,-.56875831,-1.4095093,7.1043406,1
Nigeria,1983,NGA,-4.46140983299636,23.2123315511559,18.22993086586729,396048.69,79.46228,.57451153,.50539774,0,0,1,1,Africa,,-1.0271187,0,-10.924085,-6.8033886,-13.12788,4.2048311,6.7594309,-5.7641582,-1.1156232,5.9130273,.060945269,3.2001255,7.3340254,1.9193813,11.776886,0
Nigeria,1989,NGA,2.476001513844086,50.4666881235915,71.86096861500425,85181.023,92.844353,.049918979,.088748157,0,0,1,0,Africa,1.3836139,-1.0271187,56,1.9193813,7.3340254,3.2001255,.060945269,5.9130273,-1.1156232,11.776886,.3583526,4.6311932,-2.0351188,-1.8149245,-.072664768,4.1959243,1
Nigeria,1991,NGA,2.448287959440061,13.0069731037428,71.85022084342266,68087.906,97.726326,.048223123,.06650202,0,1,0,0,Africa,.88854742,-1.0271187,48,.3583526,11.776886,1.9193813,7.3340254,3.2001255,.060945269,4.6311932,-2.0351188,-1.8149245,-.072664768,4.1959243,2.9370995,2.581254,1
Nigeria,1997,NGA,.3089349901582797,8.52987421383634,54.5128729555879,49652.852,113.52271,.054089762,.03646693,0,0,1,0,Africa,,-1.0271187,0,2.9370995,4.1959243,-.072664768,-1.8149245,-2.0351188,4.6311932,2.581254,.58412689,5.0159349,5.9176846,15.329156,7.3471951,9.2505579,0
Nigeria,2009,NGA,4.751082114829537,11.5376727473054,5.748672944451371,745791.44,154.40218,.1038546,.27720273,0,1,0,0,Africa,,-1.0271187,0,8.0369253,6.764473,6.5911303,6.0594282,6.4385166,9.2505579,8.0056562,5.3079243,4.2300611,6.6713352,6.3097186,2.6526933,-1.616869,0
Nigeria,2016,NGA,.670596860349573,15.6753405526234,7.750488662832174,825143.88,185.98964,.070254184,.22229901,0,0,1,0,Africa,,-1.0271187,,-1.616869,2.6526933,6.3097186,6.6713352,4.2300611,5.3079243,.80588663,1.937268,,,,,,0
Nicaragua,1979,NIC,11.79433119382679,,116.2018781769034,12725.002,3.1573551,.10729972,.37250683,0,0,1,0,LatAm,2.8751574,-.79134011,,-26.478788,-7.8388004,8.3684807,5.2094545,-.15324689,14.192425,4.6117325,5.3632903,-.8163619,4.6132116,-1.5660939,-4.0818515,-1.0173092,1
Nicaragua,1985,NIC,-28.72402269930929,,233.8038425313669,17646,3.7090909,.22704586,.48303166,0,0,1,0,LatAm,,-.79134011,0,-4.0818515,-1.5660939,4.6132116,-.8163619,5.3632903,4.6117325,-1.0173092,-.70635295,-12.449822,-1.7382163,-.052499723,-.18928149,.38634661,0
Nicaragua,1990,NIC,-30.23412174944525,,1111.269877062629,12224.646,4.1445651,.22107859,.27564201,0,1,1,0,LatAm,3.7548726,-.79134011,32,-.052499723,-1.7382163,-12.449822,-.70635295,-1.0173092,-4.0818515,-.18928149,.38634661,-.39293602,3.3377261,5.9119081,6.3442683,3.966651,1
Netherlands,2008,NLD,4.109267048892015,2.48650198289454,,789878.56,16.568733,.20340002,2.5572979,1,1,0,0,Rich,,1.8698956,0,2.1703248,3.7728424,3.460989,2.0508761,1.9849457,.15564607,-3.6668839,1.3427395,1.5511893,-1.030354,-.13017523,1.4233954,1.9591697,0
Norway,1991,NOR,4.124615654717915,3.43819599109133,,113858.95,4.2694712,.16830726,2.5454788,1,1,0,0,Rich,,1.9051074,0,3.0847213,1.9324198,1.03829,-.25534725,1.7534008,4.0422525,3.5743957,2.8453243,5.0554276,4.1554914,5.0279469,5.2845931,2.6244261,0
Nepal,1984,NPL,-3.687012193108032,2.84578495716263,17.93780531807201,13506.273,16.347242,.26421508,.08249101,0,0,1,0,Asia,.72277158,-.78042293,0,9.6811304,-2.9774058,3.7793746,8.3419743,-2.3193941,2.3688779,6.1449051,4.5656505,1.6956183,7.6968088,4.329648,4.6350365,6.3681502,1
Nepal,1992,NPL,-5.330988052465923,17.149523624344,52.66668473494437,20467.658,19.773771,.19949184,.098109104,0,0,1,0,Asia,1.3900656,-.78042293,71,4.1064067,6.3681502,4.6350365,4.329648,7.6968088,1.6956183,3.8498499,8.2160025,3.468452,5.3282843,5.0486126,3.0163894,4.4125733,1
New Zealand,1984,NZL,,6.17125347924443,,60353.543,3.243036,.19653781,1.8580892,1,0,1,0,Rich,,1.7764407,0,4.7936373,3.4906766,.9297722,4.6559567,1.2841457,2.192323,1.6149185,2.3480942,.97094339,-.35427612,.16128308,.15301682,-1.0907993,0
Pakistan,1972,PAK,,5.18323764549142,43.49454155673496,110204.95,61.338261,.17178108,.19611752,0,0,1,0,MidEast,1.1662956,-.61259228,,.81340641,.46837255,11.353461,5.5078998,7.2332211,5.4006128,7.0642638,3.5401917,4.2114158,5.1561894,3.9476984,8.0485334,3.7584355,1
Panama,1983,PAN,3.35429081404249,2.10284124368167,,13821.239,2.1219389,.23024261,.66048026,0,0,0,1,Rich,2.7068911,.14214627,32,-4.4913645,5.3484564,9.206809,13.084482,4.514751,9.7926435,2.7094738,4.9422336,3.5677881,-1.8090554,-13.379844,1.562247,8.0989933,1
Panama,1988,PAN,12.22135306540301,.359220844928173,,14503.768,2.368618,.24222772,.61204886,0,1,0,0,Rich,,.14214627,0,-13.379844,-1.8090554,3.5677881,4.9422336,2.7094738,-4.4913645,1.562247,8.0989933,9.4190054,8.2016802,5.4557443,2.8501468,1.7516787,0
Peru,1976,PER,,33.4832756634567,50.67769599414945,62154.453,15.639901,.22069563,.39440376,0,0,1,0,LatAm,.71870202,-.27165607,,1.447111,4.3008633,9.3868351,6.2769346,3.477535,4.5905399,.34906369,-2.642503,4.0907507,5.9433355,5.552042,-.22272344,-10.408086,1
Peru,1978,PER,-1.543721206952826,57.8487826251505,82.36481764677123,61463.359,16.491083,.22811805,.3652989,0,0,0,1,LatAm,1.8435766,-.27165607,,-2.642503,.34906369,1.447111,4.3008633,9.3868351,6.2769346,4.0907507,5.9433355,5.552042,-.22272344,-10.408086,3.6082866,2.061132,1
Peru,1981,PER,-7.980745331786205,75.4332687576064,42.16987777744479,73544.688,17.792549,.2151102,.38408807,0,0,1,0,LatAm,3.2927458,-.27165607,30,5.552042,5.9433355,4.0907507,-2.642503,.34906369,1.447111,-.22272344,-10.408086,3.6082866,2.061132,9.4259624,9.7261467,-9.4412737,1
Peru,1983,PER,-5.027221251623865,111.150635209158,70.63238971444747,69098.75,18.660439,.24276629,.37548631,0,1,0,0,LatAm,1.4560083,-.27165607,56,-10.408086,-.22272344,5.552042,5.9433355,4.0907507,-2.642503,3.6082866,2.061132,9.4259624,9.7261467,-9.4412737,-12.312041,-4.9825635,1
Peru,1988,PER,-11.77979069739839,667.019328585961,131.3499439182513,88709.195,20.909895,.21103638,.42405003,0,0,1,0,LatAm,,-.27165607,0,-9.4412737,9.7261467,9.4259624,2.061132,3.6082866,-10.408086,-12.312041,-4.9825635,2.219259,-.5405091,5.243577,12.308366,7.4113951,0
Philippines,1983,PHL,-8.343324482425077,10.0293565620481,74.83376971236505,160954.48,51.455032,.17586023,.31719109,0,1,1,1,Asia,1.0138878,-.021372635,34,1.8746165,3.6193275,3.4232693,5.1489115,5.6396756,5.1721034,-7.3236828,-7.3066087,3.4167829,4.311635,6.7525444,6.2053113,3.0369663,1
Philippines,1997,PHL,-5.283914106273306,5.59025939650602,58.26565355104775,334278.78,73.064766,.18927406,.38145083,0,1,0,0,Asia,,-.021372635,64,5.1853623,5.8458734,4.6786923,4.3876233,2.1163073,.33760303,-.57671815,3.0819166,4.411222,2.8939872,3.6459033,4.9703689,6.6976237,0
Papua New Guinea,1995,PNG,14.53314560327021,17.280932681459,57.33620757081989,,,,,0,0,1,0,Asia,2.3389773,-.64168406,92,-3.3124487,5.9421091,18.202286,13.849085,9.5468979,-3.0121691,7.733696,-3.9043896,-3.7691133,1.855554,-2.4948421,-.12128861,-.15890053,1
Poland,1981,POL,,19.1271820448877,,208463.5,35.87373,.22951651,.53997195,0,0,0,1,Rich,,.60160446,0,,,,,,,,,,,,,,0
Poland,1992,POL,-3.290329703111389,46.0985621037432,,312866.72,38.191776,.26848713,.7764619,0,1,0,0,Rich,.69201785,.60160446,48,2.5149786,-7.0155787,,,,,3.7383103,5.2928019,6.9518566,6.0565767,6.4593539,4.6147847,4.6420336,1
Portugal,1983,PRT,-5.991851451683971,24.0027623802917,,96188.977,9.9584169,.21122047,.97944665,1,0,1,0,Europe,1.7461938,1.1077012,40,-.17311314,2.1353753,1.6181035,4.5893402,5.6389375,2.8159661,-1.8799795,2.8074396,4.1409554,6.3813939,7.4891081,6.440639,3.9505234,1
Portugal,2008,PRT,-12.19376587590194,2.58850657657964,,290331.5,10.652099,.20653377,1.4620738,1,1,0,0,Europe,,1.1077012,0,.31924751,2.5065799,1.6250345,.78184754,1.7887357,-.93052113,-3.1220791,1.7376258,-1.6961658,-4.0572939,-.92264438,.79219109,1.7920463,0
Paraguay,1982,PRY,-6.915879735156843,5.12006543713196,,11945.594,3.366719,.15257075,.35202822,0,0,0,1,LatAm,,-.90222234,0,-1.3976177,9.1704588,11.712146,11.862147,12.02873,11.494081,-3.0426178,2.8165994,4.5231357,4.9648356,7.5823045,5.9153719,6.935204,0
Paraguay,1984,PRY,-7.049475222811238,20.3114625460255,,11953.432,3.5677519,.12954256,.33451343,0,0,1,0,LatAm,,-.90222234,0,2.8165994,-3.0426178,-1.3976177,9.1704588,11.712146,11.862147,4.5231357,4.9648356,7.5823045,5.9153719,6.935204,4.1232829,3.4936502,0
Paraguay,1989,PRY,5.372307419946522,26.4221267235586,,14883.631,4.1039109,.11635919,.35081887,0,0,1,0,LatAm,,-.90222234,0,6.935204,5.9153719,7.5823045,4.9648356,4.5231357,2.8165994,4.1232829,3.4936502,1.6964281,4.9363594,5.3179178,6.8228102,1.5737852,0
Paraguay,1995,PRY,-2.398913877663246,13.4254143646407,32.05432012409099,18987.797,4.76085,.093056761,.35882995,0,1,0,0,LatAm,,-.90222234,0,6.8228102,5.3179178,4.9363594,1.6964281,3.4936502,4.1232829,1.5737852,4.242516,.068037756,-1.3660797,-2.3141406,-.83405471,-.021404395,0
Paraguay,2002,PRY,8.613075886786742,10.5102420856612,51.12075252778039,25459.328,5.5086112,.056122769,.34131342,0,0,1,0,LatAm,.91048503,-.90222234,34,-.021404395,-.83405471,-2.3141406,-1.3660797,.068037756,4.242516,4.3207455,4.0574183,2.1334906,4.807117,5.4216228,6.3591208,-.25797144,1
Romania,1996,ROU,-6.960486314181089,38.8293013382852,23.08017729799757,176737.28,22.804165,.26722908,.66782635,0,0,1,0,Europe,1.1661842,-.25356176,145,3.907702,6.2335114,3.9319427,1.5288345,-8.7672281,-12.918211,-4.8490629,-2.0298128,-.3766607,2.4612634,5.2181363,5.7029915,2.3411474,1
Romania,1998,ROU,-6.996190522512884,59.0965827541167,24.53548235441404,165073.25,22.458076,.23869953,.60186803,0,1,0,0,Europe,1.5212368,-.25356176,133,-2.0298128,-4.8490629,3.907702,6.2335114,3.9319427,1.5288345,-.3766607,2.4612634,5.2181363,5.7029915,2.3411474,10.428113,4.668148,1
Russian Federation,1998,RUS,.026225709921156,27.6856798076743,67.80195540553092,1258016.8,147.381,.32284006,.69894344,0,1,1,1,Europe,1.9986849,-.3757759,247,-5.2999616,1.3999158,-3.7550695,-4.1435285,-12.569756,-8.66854,6.3999147,10.000067,5.1000514,4.6999917,7.2999525,7.1999478,6.3999653,1
Russian Federation,2008,RUS,6.25797790658799,14.1107677840442,25.97188515890078,3055051,143.08319,.24408664,1.1453551,0,1,0,0,Europe,,-.3757759,0,5.1999693,8.4999781,8.2000685,6.3999653,7.1999478,7.2999525,-7.799994,4.5,4.3000293,3.700057,1.8000002,.6999737,-2.3077068,0
Russian Federation,2014,RUS,2.791903023424237,7.8201697001385,27.59019627990064,3705777.5,143.76138,.18843009,1.2878337,0,0,1,0,Europe,,-.3757759,,.6999737,1.8000002,3.700057,4.3000293,4.5,-7.799994,-2.3077068,.32928064,1.6301857,2.2548044,,,,0
Rwanda,1991,RWA,,19.6371658148374,42.61277402213124,6773.5249,7.0517588,.36610931,.091684036,0,0,1,0,Africa,2.1943674,-.29914072,47,-2.5143797,-2.399291,-.036534272,4.4988251,-.024036108,5.4721375,5.872725,-8.1086922,-50.248066,35.224079,12.745696,13.849752,8.8586693,1
Sudan,1979,SDN,-2.838978810313178,31.1384550107529,45.5703886375192,21362.842,14.002303,.067414567,.14101306,0,0,0,1,Africa,6.1079588,-1.3133783,,-5.0185995,-5.9309869,6.2238536,16.66522,15.713467,11.44529,1.5243101,7.4375634,5.9586663,2.0625017,-5.0089068,-6.2810435,5.4138112,1
Sudan,1981,SDN,-6.437588536647451,24.5757243336575,64.20309840476807,24353.025,15.02727,.062125158,.15058805,0,0,1,0,Africa,2.3657291,-1.3133783,34,7.4375634,1.5243101,-5.0185995,-5.9309869,6.2238536,16.66522,5.9586663,2.0625017,-5.0089068,-6.2810435,5.4138112,14.220884,-.33109182,1
Sudan,1988,SDN,-2.324646953323456,64.7005631001051,77.83746443204379,30408.02,18.86632,.056922168,.1611021,0,0,1,0,Africa,,-1.3133783,0,-.33109182,14.220884,5.4138112,-6.2810435,-5.0089068,2.0625017,8.9313936,-5.4700537,7.5109105,6.5778613,4.5687494,1.0062282,5.9970922,0
Sudan,1993,SDN,-2.276681755230257,101.380423763813,199.1204108183213,30782.553,22.535936,.10563444,.12952709,0,0,1,0,Africa,,-1.3133783,0,4.5687494,6.5778613,7.5109105,-5.4700537,8.9313936,-.33109182,1.0062282,5.9970922,5.9191246,10.566736,4.3085041,3.1040957,6.3458676,0
Sudan,2012,SDN,-9.187527717605624,35.5652488678551,34.96160507428864,139166.78,35.990192,.10371537,.19641005,0,0,1,0,Africa,,-1.3133783,0,.52155924,-1.967729,3.4693351,3.2418475,7.8019633,11.52191,4.394711,2.6794119,4.906045,4.6999998,4.283071,-2.3208272,,0
Senegal,1981,SEN,-11.47579773757163,5.91319372031626,42.7038978476987,11517.035,5.7503381,.34104013,.18610798,0,0,0,1,Africa,1.8471557,-.30254212,30,5.0695167,-3.3106477,7.0016856,-3.9539313,-2.6829052,8.9205036,7.8430648,-5.3263927,3.7457643,3.2834706,3.1133397,6.0943747,-.59243101,1
Senegal,1988,SEN,-6.410666814323927,-1.82668225079298,63.89571343829472,18974.166,7.107976,.22966503,.26681918,0,1,0,0,Africa,3.0806892,-.30254212,60,-.59243101,6.0943747,3.1133397,3.2834706,3.7457643,-5.3263927,3.9778562,-.67563814,2.5558255,1.2426472,1.3007804,-.017328659,5.3634729,1
Senegal,1994,SEN,-3.819203905539312,32.2936668569551,77.58194166083997,19154.23,8.5121727,.14943311,.20791939,0,0,1,0,Africa,5.2021608,-.30254212,87,-.017328659,1.3007804,1.2426472,2.5558255,-.67563814,3.9778562,5.3634729,2.012125,3.1240332,5.8986726,6.347116,3.198988,4.5809164,1
Sierra Leone,1977,SLE,-7.136364767104844,,43.3636840335549,3843.5295,3.1348,.33700147,.11898123,0,0,0,1,Africa,1.5223172,-1.2346718,,.046675809,-.44917634,1.6692165,3.4998283,2.2566183,.90023464,2.4063323,4.5112658,4.843504,2.8814285,4.7817554,-2.1028016,4.0930343,1
Sierra Leone,1983,SLE,-1.769628331151735,,67.34065477952549,4337.3354,3.6087511,.29596782,.12187422,0,0,1,0,Africa,4.7316632,-1.2346718,38,-2.1028016,4.7817554,2.8814285,4.843504,4.5112658,2.4063323,4.0930343,-5.3113403,1.2360469,7.2312689,-7.0799999,.73000002,3.349998,1
Sierra Leone,1989,SLE,-6.403397039078864,,123.2221272552869,5595.0986,4.2494678,.14998427,.12736356,0,0,1,0,Africa,,-1.2346718,0,.73000002,-7.0799999,7.2312689,1.2360469,-5.3113403,4.0930343,3.349998,2.3519607,-19.012909,1.3745494,-1.9473844,-7.9997535,1.7538214,0
Sierra Leone,1998,SLE,-4.943038821940641,,206.1984081762398,4643.0635,4.3536458,.091495059,.087327018,0,0,1,0,Africa,,-1.2346718,0,1.7850143,-5.8770819,1.7538214,-7.9997535,-1.9473844,1.3745494,-1.9792856,6.6527281,-6.3454552,26.417316,9.3131208,6.5979447,4.5050955,0
El Salvador,1986,SLV,3.098246275277655,31.9350161472763,53.49687357086662,12594.479,4.9889431,.23032115,.26500571,0,0,1,0,LatAm,,-.2780458,0,.18939498,.61659545,1.3369558,1.5350138,-6.3057933,-10.450936,2.5135884,1.8774567,.96219182,4.8315606,1.4943588,7.0180464,5.8192348,0
El Salvador,1989,SLV,-4.44717349577913,17.6340799385345,51.08688011943614,13349.205,5.1859431,.22668701,.24900018,0,1,0,0,LatAm,1.0025927,-.2780458,28,.96219182,1.8774567,2.5135884,.18939498,.61659545,1.3369558,4.8315606,1.4943588,7.0180464,5.8192348,4.6897845,4.7349596,.81768048,1
Serbia,2000,SRB,,71.1206287946541,176.9591769954869,51462.586,7.516346,.23506145,.51178098,0,0,1,0,Europe,2.07552,-.24414589,107,7.7592096,-12.146587,2.4304566,7.184833,2.4261551,,4.9927139,7.115788,4.4154139,9.0465126,10.154305,5.1077881,6.4395275,1
South Sudan,2015,SSD,-4.042118381165919,52.8146520738376,,,,,,0,0,1,0,Africa,,-2.083009,,-10.793365,3.3736482,13.129731,-46.082123,-4.640317,5.4934163,,,,,,,,0
Sao Tome and Principe,1992,STP,,,,191.66158,.118816,.15553506,.15289411,0,1,1,0,Island,,-.66073573,0,,,,,,,,,,,,,,0
Sao Tome and Principe,1997,STP,,35.81717824448,,197.72202,.131107,.16278185,.1257381,0,0,1,0,Island,,-.66073573,0,,,,,,,,,,,2.3768775,6.5734725,3.832227,0
Suriname,1990,SUR,,21.7399443397526,,2598.5105,.40747201,.22347002,.59595674,0,0,1,0,LatAm,,-.24136236,0,-4.5,4.1999998,7.8000002,-6.1999998,.80000001,2,2.6999991,.40000004,-6.6999984,3.3999996,0,1.0000005,5.6999984,0
Suriname,1995,SUR,,235.558815073605,,2467.8464,.44372401,.24901043,.50038445,0,0,1,0,LatAm,,-.24136236,0,0,3.3999996,-6.6999984,.40000004,2.6999991,-4.5,1.0000005,5.6999984,2.3000011,-1.4,2.0999987,4.2000003,2.8000009,0
Suriname,2001,SUR,,38.5862878872612,,3514.6267,.47773999,.163846,.54989207,0,0,1,0,LatAm,,-.24136236,0,4.2000003,2.0999987,-1.4,2.3000011,5.6999984,1.0000005,2.8000009,6.2999992,8.5,4.5000005,5.7935438,5.1114879,4.1434064,0
Suriname,2016,SUR,-5.358023270388513,,,7648.3369,.55836803,.212524,.68634599,0,0,1,0,LatAm,15.009257,-.24136236,,-5.5611935,-3.4110959,.25550315,2.9334412,2.6903501,5.8493676,1.6870836,1.9,,,,,,1
Slovak Republic,1998,SVK,-7.128814830429755,6.66565123195829,,78802.055,5.3952541,.27939573,1.1959769,1,1,0,0,Rich,,.7736811,0,4.0760999,5.9258366,6.6198955,5.8434954,6.2055302,1.9013273,-.10591649,1.1665272,3.2537868,4.5094414,5.499084,5.2788801,6.6234617,0
Slovenia,1992,SVN,7.495126543408066,209.933731186822,,31511.906,2.005512,.22376285,1.4892927,1,1,0,0,Rich,,.99917877,0,-5.4636989,-8.9001074,,,,,2.8434179,5.3274879,4.1071606,3.203002,5.0497942,3.2793682,5.3326669,0
Slovenia,2008,SVN,-5.300351490585953,5.64742380573934,,62537.262,2.024538,.19485588,1.6570027,1,1,0,0,Rich,,.99917877,0,3.5098412,6.9801626,5.746397,3.7979705,4.3591928,2.9602602,-7.5484385,1.3437485,.86132902,-2.6394386,-1.0292839,2.768158,2.2100816,0
Sweden,1991,SWE,-1.719129995751166,9.44462732944187,,232092.06,8.6251373,.20352912,2.5684476,1,1,0,0,Rich,,1.9346322,0,-1.1459749,.75467473,2.6548069,2.5590386,3.353843,2.6913233,-1.1585927,-2.0656164,3.9720151,3.9984286,1.6148782,3.0991292,4.2610188,0
Sweden,1993,SWE,-1.978855271408818,4.72817304626055,,222150.5,8.7467756,.20831776,2.4084127,1,0,1,0,Rich,,1.9346322,0,-2.0656164,-1.1585927,-1.1459749,.75467473,2.6548069,2.5590386,3.9720151,3.9984286,1.6148782,3.0991292,4.2610188,4.3112297,4.8745255,0
Sweden,2008,SWE,7.929290257221726,3.43704910602875,,397413.03,9.2368898,.21265768,2.3079515,1,1,0,0,Rich,,1.9346322,0,-.24229328,3.4308839,4.6024885,2.8958936,4.3261313,2.2446065,-4.2364206,6.1890292,3.0523236,-.63097435,1.0878313,2.7472878,4.4207997,0
Seychelles,2008,SYC,-27.18643815518256,36.9647582875288,,1694.545,.090686001,.5662204,1.0023587,0,0,1,1,Rich,2.8753326,.25421289,67,-2.1468925,10.421436,9.4061279,9.0057611,-2.8504536,-5.8871274,-1.1052458,5.9549623,7.8872795,1.2608289,6.0180769,4.5047851,4.9373856,1
Syrian Arab Republic,1988,SYR,-1.423838488570204,34.562211981567,157.0850872422069,17191.49,11.719071,.24277382,.14662924,0,0,1,0,MidEast,,-1.0938827,0,13.266289,1.9075465,-4.945703,6.1150699,-4.0717421,1.4291739,-8.9582138,7.6407723,7.9012709,13.470334,5.178987,7.6529369,5.7500153,0
Chad,1983,TCD,4.562028385321108,,26.54543762452616,5057.415,4.8290939,.057764523,.10619613,0,1,0,0,Africa,,-1.2840456,0,15.678718,5.3466091,1.0429181,-6.0476708,-21.441088,-.46963418,2.0488989,21.792774,-4.0816674,-2.3888085,15.482359,4.8847351,-4.1784725,0
Chad,1994,TCD,-3.199137423278072,41.7248972364414,66.89949649933294,7249.4541,6.7721329,.063108623,.098912358,0,0,1,0,Africa,2.0046551,-1.2840456,76,10.136888,-15.709837,8.0014429,8.5351372,-4.1784725,4.8847351,1.2365493,2.214473,5.6533923,6.95158,-.68285024,-.87968105,11.658134,1
Togo,1979,TGO,-23.85661103426014,7.53925120772939,126.8198215341921,5489.6738,2.6428461,.16879991,.19198817,0,0,0,1,Africa,2.1732001,-1.2708366,,-5.1677427,11.045435,6.9590855,-2.0515225,2.4405413,4.832849,14.576956,-3.315186,-3.5824025,-5.4140077,5.5555549,5.555552,1.5865043,1
Togo,1993,TGO,-6.6831739734728,-1.00688168855036,107.0639883334248,4779.6685,4.0649261,.16447645,.11150046,0,1,0,0,Africa,9.4939194,-1.2708366,43,-15.095827,-3.9806869,-.6999675,-.24365613,4.0600219,6.6423697,14.982414,7.8458323,8.8362112,14.377378,-2.2998765,2.4817514,-.78347963,1
Thailand,1997,THA,-2.011651626449059,5.62579747129104,75.31001537206251,490211.19,60.863506,.18531117,.67152774,0,1,0,0,Asia,2.6571057,.29013753,0,-2.7535906,5.6523738,8.1202621,7.9969049,8.2510433,8.0833883,-7.6337337,4.5722985,4.4556761,3.4442437,6.14888,7.1893301,6.2892885,1
Tajikistan,2015,TJK,-6.073821779999258,5.71455949649708,54.81894875715061,25597.699,8.5486507,.2065966,.15112793,0,0,1,0,MidEast,,-1.0774127,,6.0082879,6.7059684,7.4000812,7.4861751,7.4006405,6.5206809,6.8729639,7.6174927,7.3000002,,,,,0
Turkmenistan,2008,TKM,,,4.050972244126591,54617.945,4.9357619,.30733365,.5935967,0,0,1,0,MidEast,,-1.3189243,0,14.7,11.059299,10.973309,13.034035,5.0004072,3.2688286,6.0999999,9.1999998,14.7,11.1,10.2,10.3,6.5,0
Trinidad and Tobago,1986,TTO,-8.592120509849353,7.6936765932314,,16051.513,1.184051,.17132008,1.4230794,0,0,1,0,Island,,.26461634,0,-3.2791631,-4.1194196,-5.750906,-10.300328,3.7993181,4.5772085,-4.5617785,-3.919724,-.82991421,1.5091678,3.1124079,10.092979,-.66911477,0
Trinidad and Tobago,1989,TTO,-.8915256082293462,11.4321318133566,,12934.733,1.213624,.20218383,1.0309683,0,0,0,1,Island,2.9352715,.26461634,62,-.82991421,-3.919724,-4.5617785,-3.2791631,-4.1194196,-5.750906,1.5091678,3.1124079,10.092979,-.66911477,3.5671806,3.8099132,7.1344776,1
Tunisia,1991,TUN,-3.589976272673652,8.19371509544086,65.91492103322145,46875.918,8.4176836,.19716261,.53153712,0,1,0,0,MidEast,,.22966902,80,3.9045453,7.9498196,1.7466991,.072159074,6.7013712,-1.4469885,7.8057289,2.1898289,3.1784115,2.3516698,7.146081,5.4409432,4.7837625,0
Turkey,1978,TUR,-1.941761805423857,61.8970444383435,22.97505471919052,343193.91,42.039936,.10989111,.80012673,0,0,1,1,Europe,.57654524,.15474841,,1.502933,3.4066699,10.46118,7.1741128,5.5944743,3.2623346,-.62411356,-2.4473505,4.8566489,3.5632279,4.9710808,6.7120156,4.2413359,1
Turkey,1982,TUR,-1.474909513734012,29.1375145022677,31.24980877972375,372664.41,46.025356,.10813612,.8033362,0,1,0,0,Europe,.38996619,.15474841,56,3.5632279,4.8566489,-2.4473505,-.62411356,1.502933,3.4066699,4.9710808,6.7120156,4.2413359,7.0120311,9.4855385,2.3207369,.29024407,1
Turkey,1984,TUR,-2.398736742570612,48.3923231346862,36.92731343579268,411404.16,48.114105,.1144299,.85371292,0,0,1,0,Europe,.38444343,.15474841,46,6.7120156,4.9710808,3.5632279,4.8566489,-2.4473505,-.62411356,4.2413359,7.0120311,9.4855385,2.3207369,.29024407,9.2661467,.72027904,1
Turkey,1991,TUR,.1666357464781535,65.97856799189501,34.51916365839524,543001.56,54.84053,.13511595,.9450959,0,0,1,0,Europe,,.15474841,0,.72027904,9.2661467,.29024407,2.3207369,9.4855385,7.0120311,5.035635,7.6512651,-4.6681476,7.8782668,7.3796644,7.5776634,2.3082135,0
Turkey,1996,TUR,-1.342880585875944,80.41215113880421,45.15559036222655,684521.81,59.423206,.12757641,.99261481,0,0,1,0,Europe,,.15474841,0,7.3796644,7.8782668,-4.6681476,7.6512651,5.035635,.72027904,7.5776634,2.3082135,-3.3893049,6.6400609,-5.9623108,6.4302788,5.6082549,0
Turkey,2000,TUR,-3.633973974325332,54.9153705812683,43.42347542642715,739089.5,63.24012,.175786,.87358195,0,1,0,0,Europe,2.7942505,.15474841,113,6.6400609,-3.3893049,2.3082135,7.5776634,7.3796644,7.8782668,-5.9623108,6.4302788,5.6082549,9.6443224,9.0098534,7.1097035,5.0304575,1
Tanzania,1987,TZA,,29.9493695378761,,21289.953,23.198532,.47611091,.093352668,0,1,0,0,Africa,,-.54722434,81,,,,,,,,3.7644434,7.0450716,2.0719881,.58432215,1.2058008,1.5676618,1
Tanzania,1990,TZA,-13.12422166607075,35.8267716535433,157.9482619827722,27413.76,24.779318,.50301665,.10338733,0,0,1,0,Africa,5.0209312,-.54722434,59,7.0450716,3.7644434,,,,,2.0719881,.58432215,1.2058008,1.5676618,3.569912,4.5443668,3.5252781,1
Uganda,1980,UGA,-6.642217184495144,,55.81131341486086,9327.3018,12.54954,.11998605,.066747762,0,0,1,0,Africa,1.3071667,-.518677,12,,,,,,,,,5.7445579,-.34467667,-3.30638,.39008695,3.9619029,1
Uganda,1988,UGA,-2.999111944892136,,30.08032238839139,13355.492,16.262533,.10967465,.082086548,0,0,1,0,Africa,5.3228207,-.518677,58,8.2670736,3.9619029,.39008695,-3.30638,-.34467667,5.7445579,6.3619413,6.4741402,5.5540953,3.4183569,8.326293,6.403636,11.523244,1
Uganda,1994,UGA,-4.365443836855466,10.0367598792175,86.46672905534442,20997.148,19.907635,.10280167,.097456627,0,1,0,0,Africa,4.323698,-.518677,56,6.403636,8.326293,3.4183569,5.5540953,6.4741402,6.3619413,11.523244,9.0721149,5.1000018,4.9052653,8.0539484,3.1419075,5.183661,1
Ukraine,1998,UKR,-3.094316376812819,10.5771611482514,31.85546606146756,219871.14,49.748581,.35750002,.36189672,0,1,1,1,Europe,6.2179937,-.63071942,272,-1.9,-3,-10,-12.2,-22.934046,-14.226107,-.2,5.9000001,9.2036943,5.2492995,9.515955,12.108755,2.997359,1
Ukraine,2008,UKR,-7.107790073390059,25.226461707384,55.82483546718595,443323.75,46.186432,.16921586,.51489294,0,1,0,0,Europe,9.6661596,-.63071942,60,2.3040287,7.5934696,7.4399023,2.997359,12.108755,9.515955,-14.758545,3.8343878,5.4655318,.2386813,-.026729649,-6.552619,-9.772974,1
Ukraine,2014,UKR,-3.442608658938885,12.0718562874252,96.11390360747951,451008.22,44.883427,.29926986,.50202012,0,1,1,0,Europe,12.491213,-.63071942,,-6.552619,-.026729649,.2386813,5.4655318,3.8343878,-14.758545,-9.772974,2.4409947,2.4660535,3.3354893,,,,1
Uruguay,1972,URY,,76.4849237828813,,21536.855,2.821439,.17430487,.8332175,0,0,1,0,LatAm,.9917863,.50429523,,-1.3195698,-.25171152,2.3332133,5.8647408,1.8889117,-3.6568341,.27519962,2.8953445,6.0969143,3.9354701,1.4554611,5.3739853,6.1991167,1
Uruguay,1981,URY,-4.176194669931571,34.0453358609474,,28224.863,2.9350359,.14153101,.89358544,0,1,0,0,LatAm,.33619094,.50429523,0,1.5595598,5.843401,6.1991167,5.3739853,1.4554611,3.9354701,-9.7578716,-10.274399,-1.1426175,1.466536,8.8098087,7.9931374,1.4809375,1
Uruguay,1983,URY,-1.226902180791927,49.1973796505638,,22866.225,2.9734631,.17547347,.77978998,0,0,1,1,LatAm,7.9196157,.50429523,36,-10.274399,-9.7578716,1.5595598,5.843401,6.1991167,5.3739853,-1.1426175,1.466536,8.8098087,7.9931374,1.4809375,1.103901,.29734838,1
Uruguay,1990,URY,1.999066624354804,112.525905573023,,27738.275,3.1099889,.21115257,.83350587,0,0,1,0,LatAm,1.383183,.50429523,64,.29734838,1.103901,1.4809375,7.9931374,8.8098087,1.466536,3.5388086,7.9315886,2.657546,7.2813425,-1.4475989,5.5779576,8.5476828,1
Uruguay,2002,URY,2.807107017413403,13.9724725913516,,31852.729,3.3277731,.13012049,.70687318,0,1,1,1,LatAm,20.147966,.50429523,75,-7.732007,-3.84413,-1.9299307,-1.9392121,4.5188899,8.5476828,.8052839,5.0041604,7.4601321,4.0985775,6.5415111,7.1761446,4.243494,1
United States,1988,USA,-2.3156580866612,4.07774110744408,,8688292,247.73958,.11129817,3.5054138,1,1,0,0,USA,,1.5849844,0,4.1770463,3.4595726,3.4626517,4.1696558,7.2366199,4.5839272,3.6726563,1.8859603,-.1082591,3.5224426,2.7528443,4.0288391,2.6842871,0
United States,2007,USA,-4.920010755848349,2.85267248150136,,15546956,300.59518,.1098884,2.8776124,1,1,0,0,USA,,1.5849844,0,1.8761715,2.8549724,3.5132139,3.7988911,2.8612108,1.7416953,-.13657981,-2.536757,2.5637665,1.5508355,2.2495458,1.8420811,2.451973,0
Uzbekistan,2000,UZB,,,36.53933104682726,98943.461,24.848921,.51215839,.29763147,0,0,1,0,Europe,,-.90051413,0,3.835,4.3000002,4.3000002,5.1999998,1.7,-.90000004,4.1638384,3.9734881,4.2326274,7.4490008,6.950007,7.4514184,9.4730053,0
"Venezuela, RB",1982,VEN,-6.268385129846053,,48.60810512561427,149933.89,16.185894,.25451607,.91905117,0,0,0,1,LatAm,,-1.0824341,0,-2.0710061,-.36281091,-4.4213223,.76435512,2.3468964,6.2707834,-3.7648172,1.4421647,.19330016,6.510345,3.58165,5.8213682,-8.5698824,0
"Venezuela, RB",1984,VEN,7.750338037288845,,63.68298572747838,157236.28,17.057785,.23922351,.92033452,0,0,1,0,LatAm,,-1.0824341,0,1.4421647,-3.7648172,-2.0710061,-.36281091,-4.4213223,.76435512,.19330016,6.510345,3.58165,5.8213682,-8.5698824,6.4679408,9.729888,0
"Venezuela, RB",1989,VEN,4.964819668940075,,78.67201893919861,152538.17,19.388342,.31830955,.76104414,0,0,1,0,LatAm,11.358313,-1.0824341,60,-8.5698824,5.8213682,3.58165,6.510345,.19330016,1.4421647,6.4679408,9.729888,6.0604734,.27538815,-2.349508,3.9516628,-.19783726,1
"Venezuela, RB",2002,VEN,8.18032781959924,,49.60046766151439,169003.02,25.408701,.14638147,.4912025,0,0,1,0,LatAm,,-1.0824341,0,-8.8556471,3.3942361,3.6869442,-5.970458,.29405516,6.3709316,-7.7553,18.286606,10.317914,9.8721495,8.7535791,5.277854,-3.2023027,0
"Venezuela, RB",2010,VEN,1.420424363782659,28.1874647092039,30.11933760594646,437795.09,29.028032,.12164156,.82478446,0,0,1,0,LatAm,,-1.0824341,0,-1.4887912,-3.2023027,5.277854,8.7535791,9.8721495,10.317914,4.1764255,5.625957,1.343094,-3.8943865,,,,0
"Venezuela, RB",2017,VEN,,,,253422.27,31.977064,.13230193,.38649473,0,0,0,1,LatAm,,-1.0824341,,,,,-3.8943865,1.343094,5.625957,,,,,,,,0
Vietnam,1972,VNM,,,,36096.82,45.549484,.14024341,.086503215,0,0,1,0,Asia,,-.24800417,,,,,,,,,,,,,,,0
Vietnam,1981,VNM,,,,52477.68,55.627747,.15099446,.087659873,0,0,1,0,Asia,,-.24800417,0,,,,,,,,,,3.8058558,2.7892916,3.5834696,5.1350117,0
Vietnam,1985,VNM,,,,69593.078,61.049374,.16546068,.11573951,0,0,0,1,Asia,,-.24800417,0,3.8058558,,,,,,2.7892916,3.5834696,5.1350117,7.3645129,5.1009183,5.960844,8.6460476,0
Vietnam,1987,VNM,,,,73842,63.881298,.17659785,.11758238,0,0,1,0,Asia,,-.24800417,0,3.5834696,2.7892916,3.8058558,,,,5.1350117,7.3645129,5.1009183,5.960844,8.6460476,8.072731,8.8389807,0
Vietnam,1997,VNM,-5.692210741686675,3.20952606261375,82.84405374611652,142191.25,77.453339,.1651589,.15306309,0,1,0,0,Asia,,-.24800417,12,8.1520844,9.3400173,9.5404806,8.8389807,8.072731,8.6460476,5.7644553,4.7735868,6.7873163,6.1928935,6.3208208,6.8990636,7.5364108,0
"Yemen, Rep.",1985,YEM,,,,,,,,0,0,1,0,MidEast,,-1.1453141,,,,,,,,,,,,,6.2934937,8.2075977,0
"Yemen, Rep.",1995,YEM,,55.0811068702292,153.4431015721812,10055.055,15.320653,.32783353,.059048075,0,0,1,0,MidEast,3.3215821,-1.1453141,103,5.6693711,6.7219491,4.0019665,8.2075977,6.2934937,,4.6349673,5.231112,6.0066948,3.7755306,6.1819158,3.8036458,3.9352314,1
South Africa,1984,ZAF,-2.523497135926299,11.5264804445682,,295147.56,32.943584,.13340381,.89450741,0,0,1,0,Africa,,.50548774,0,5.0991149,-1.8465445,-.38339075,5.3607373,6.620585,3.7905037,-1.2114837,.017834779,2.1007352,4.2001324,2.3947842,-.31778568,-1.0182198,0
South Africa,2015,ZAF,-4.589518833374029,4.50920827795706,44.55986643463589,671397.25,55.291225,.20313638,.61286491,0,0,1,0,Africa,,.50548774,,1.1937329,1.8469917,2.4852004,2.2133548,3.2841682,3.0397308,.39908794,1.4145126,.78705555,,,,,0
Zambia,1983,ZMB,-8.177078350712714,,125.9540005401352,10326.854,6.5215421,.51022893,.16056965,0,0,1,1,Africa,7.0295815,-.7397083,54,-1.9666893,-2.8127825,6.1679573,3.0356224,-3.023931,.55376387,-.33683491,1.6153103,.72389394,2.6756618,6.2807488,-1.0235018,-.48107204,1
Zambia,1989,ZMB,-5.466861902242068,123.40425531915,182.4791120465938,10482.968,7.813808,.23377334,.12977573,0,0,1,0,Africa,,-.7397083,0,-1.0235018,6.2807488,2.6756618,.72389394,1.6153103,-.33683491,-.48107204,-.036133382,-1.7309222,6.7972741,-8.6254416,2.8976688,6.2185464,0
Zambia,1995,ZMB,,34.9295874166667,195.166566276017,8687.6025,9.1370773,.13004306,.085544333,0,1,0,0,Africa,35.20245,-.7397083,42,2.8976688,-8.6254416,6.7972741,-1.7309222,-.036133382,-.48107204,6.2185464,3.8140075,-.38574615,4.6501899,3.8973229,5.3168683,4.5060143,1
Zambia,2015,ZMB,-3.628805207852125,10.1105928909618,57.27185434056636,58664.078,16.100588,.16099092,.18389586,0,0,1,0,Africa,,-.7397083,,2.9198811,4.6958265,5.0593762,7.5976171,5.5646248,10.298205,3.7571778,3.4031689,3.7949009,,,,,0
Zimbabwe,1983,ZWE,-5.118733686994573,,29.07589303559951,28926.924,8.027565,.32792267,.36539635,0,0,1,0,Africa,4.1305575,-1.1334747,24,1.5853055,2.6342971,12.525425,14.420684,3.2970355,-2.7069225,-1.9073601,6.9443879,2.0990291,1.1507372,7.5523744,5.1997666,6.988553,1
Zimbabwe,1991,ZWE,-5.28174753309381,,42.16903534672826,52644.508,10.443043,.20842621,.48117429,0,0,1,0,Africa,13.746892,-1.1334747,67,5.5317826,6.988553,5.1997666,7.5523744,1.1507372,2.0990291,-9.0155697,1.0514586,9.235199,.15802565,10.360697,2.6805942,2.8852117,1
Zimbabwe,1995,ZWE,,,74.85192425705284,52702.738,11.320346,.218256,.41886306,0,1,0,0,Africa,,-1.1334747,43,.15802565,9.235199,1.0514586,-9.0155697,5.5317826,6.988553,10.360697,2.6805942,2.8852117,-.81782103,-3.0591898,1.4396154,-8.8940239,0
Zimbabwe,1998,ZWE,,,77.79116662607591,43998.629,11.893272,.15815081,.30292487,0,0,1,0,Africa,2.7681942,-1.1334747,60,2.8852117,2.6805942,10.360697,.15802565,9.235199,1.0514586,-.81782103,-3.0591898,1.4396154,-8.8940239,-16.995075,-5.807538,-5.7110839,1
Zimbabwe,2003,ZWE,,,85.05636615854485,21413.969,12.633897,.19893439,.12145038,0,0,1,0,Africa,,-1.1334747,0,-16.995075,-8.8940239,1.4396154,-3.0591898,-.81782103,2.8852117,-5.807538,-5.7110839,-3.4614952,-3.6533267,-17.668947,12.01956,19.675323,0
