Country,year,Country_code,GDPCAP,advecon,Banking,Currency,Debt,IMF,LLevels1,LLevels2,LLevels3,LLevels4,LLevels5,FLevels1,FLevels2,FLevels3,FLevels4,FLevels5,FLevels6
Angola,1988,AGO,2989.616315754897,0,0,0,1,0,2916.7947,2902.6165,2922.218,2925.3662,2859.9167,2889.884,2697.491,2635.1555,2401.2346,1767.026,1733.843
Angola,1991,AGO,2635.155549517923,0,0,1,0,0,2697.491,2889.884,2989.6162,2916.7947,2902.6165,2401.2346,1767.026,1733.843,1930.7997,2122.968,2205.2937
Angola,1996,AGO,2122.968016418641,0,0,1,0,0,1930.7997,1733.843,1767.026,2401.2346,2635.1555,2205.2937,2235.3904,2211.1296,2205.2048,2223.3347,2444.4177
Angola,2015,AGO,3748.320252138409,0,0,1,0,0,3843.1987,3796.8813,3748.4517,3579.96,3587.8835,3530.311,3409.928,3233.9036,3111.1572,,
Albania,1997,ALB,1676.127107082713,0,0,1,0,1,1869.8658,1703.2819,1493.7859,1370.826,1243.6058,1835.6467,2085.426,2244.6245,2453.6245,2572.7214,2725.1714
Argentina,1975,ARG,7617.943445805621,0,0,1,0,1,7740.855,7453.7544,7368.5068,7368.0767,7084.1807,7350.8286,7743.5825,7285.4414,7910.3638,7908.0215,7380.6753
Argentina,1980,ARG,7908.021484256691,0,1,0,0,0,7910.3638,7285.4414,7743.5825,7350.8286,7617.9434,7380.6753,7210.3467,7403.7266,7399.8882,6904.644,7214.2705
Argentina,1987,ARG,7294.065191594811,0,0,1,0,1,7214.2705,6904.644,7399.8882,7403.7266,7210.3467,7104.1836,6497.4248,6245.709,6721.2778,7157.3296,7644.2373
Argentina,1989,ARG,6497.424939015438,0,1,0,0,1,7104.1836,7294.0654,7214.2705,6904.644,7399.8882,6245.709,6721.2778,7157.3296,7644.2373,7988.6455,7666.5303
Argentina,1995,ARG,7666.530444493988,0,1,0,0,1,7988.6455,7644.2373,7157.3296,6721.2778,6245.709,7994.2427,8543.0264,8772.0654,8381.2539,8224.1104,7776.1396
Argentina,2001,ARG,7776.139540960964,0,1,0,1,1,8224.1104,8381.2539,8772.0654,8543.0264,7994.2427,6854.2954,7380.4673,7962.4126,8577.8662,9174.5029,9901.5098
Argentina,2013,ARG,10784.63069920566,0,0,1,0,0,10649.837,10883.315,10385.965,9502.2441,10201.477,10398.694,10568.158,10239.481,10419.455,10049.556,9742.4551
Armenia,1994,ARM,955.5919081159268,0,1,0,0,1,885.21619,948.15948,1600.1249,1795.2877,,1042.5831,1120.8527,1171.063,1266.4091,1316.5313,1403.0286
Austria,2008,AUT,48100.36703112544,1,1,0,0,0,47556.648,45996.57,44681.406,43999.469,43094.609,46168.492,46903.762,48112.211,48219.238,47948.102,47889.43
Azerbaijan,1995,AZE,1235.150434034564,0,1,0,0,1,1416.6189,1788.1665,2360.9089,3096.8357,3167.4568,1238.6356,1297.8955,1414.1985,1505.5781,1659.012,1809.1827
Azerbaijan,2015,AZE,6064.473341361404,0,0,1,0,0,6073.4028,5982.3262,5725.6343,5677.1577,5843.5337,5813.333,5765.4106,5801.438,5895.1992,,
Burundi,1994,BDI,289.1970575719918,0,1,0,0,0,305.94809,332.76563,336.58044,327.98654,324.77118,262.375,238.47467,232.30547,240.84448,235.30898,229.2061
Belgium,2008,BEL,44600.29828992614,1,1,0,0,0,44754.008,43484.969,42683.297,41944.879,40674.242,43348.848,44184.945,44352.863,44404.492,44398.652,44899.734
Benin,1988,BEN,838.9293561807425,0,1,0,0,1,835.91425,873.83789,880.45648,842.76709,803.43774,790.09998,833.61346,839.98743,835.26086,853.59705,841.51324
Burkina Faso,1990,BFA,384.068504125694,0,1,0,0,1,396.81113,398.8483,387.01355,398.17276,378.50906,407.83835,397.92596,400.69388,395.04077,406.311,438.76501
Bangladesh,1987,BGD,398.5881965011805,0,1,0,0,1,394.33517,388.64435,386.06146,378.09201,373.55136,397.76196,398.85217,411.16467,415.71481,428.66107,439.23004
Bulgaria,1990,BGR,4714.899612439404,0,0,0,1,1,5095.1621,5207.2051,4698.7915,4437.0664,4256.7813,4359.6758,4086.269,4058.0242,4145.8545,4283.2559,4526.6538
Bulgaria,1996,BGR,4526.653916210356,0,1,1,0,1,4283.2559,4145.8545,4058.0242,4086.269,4359.6758,3907.9133,4102.6646,3784.0781,3984.666,4219.9434,4569.2744
Bosnia and Herzegovina,1992,BIH,,0,1,0,0,0,,,,,,,700.70026,870.20483,1672.5496,2264.7878,2619.3088
Belarus,1995,BLR,2024.608925012804,0,1,0,0,1,2252.3169,2547.7661,2763.5303,3063.6001,3102.3313,2088.2629,2336.2126,2544.5269,2642.1304,2808.575,2956.4153
Belarus,1997,BLR,2336.212656890134,0,0,1,0,0,2088.2629,2024.6089,2252.3169,2547.7661,2763.5303,2544.5269,2642.1304,2808.575,2956.4153,3125.4065,3369.0293
Belarus,2009,BLR,5583.701854818873,0,0,1,0,1,5560.146,5028.1069,4608.7368,4164.1855,3780.4761,6029.397,6365.3779,6478.7046,6542.6782,6649.6494,6384.8174
Belarus,2015,BLR,6384.817144925407,0,0,1,0,0,6649.6494,6542.6782,6478.7046,6365.3779,6029.397,6215.7017,6375.2891,6586.2979,6725.0605,,
Belize,2007,BLZ,4311.024700444817,0,0,0,1,0,4402.3638,4311.2861,4340.5767,4251.1396,3992.5662,4348.1826,4249.1597,4270.7803,4250.3872,4253.0879,4212.3706
Belize,2012,BLZ,4253.087660443064,0,0,0,1,0,4250.3872,4270.7803,4249.1597,4348.1826,4311.0249,4212.3706,4287.4429,4308.1899,4219.4473,4211.6191,4251.5688
Belize,2017,BLZ,4211.618921064557,0,0,0,1,0,4219.4473,4308.1899,4287.4429,4212.3706,4253.0879,4251.5688,4245.7441,,,,
Bolivia,1973,BOL,1572.745935136004,0,0,1,0,1,1520.2675,1439.0081,1399.5151,1358.6565,1328.2292,1583.7748,1662.4844,1701.0919,1746.4497,1743.3872,1708.171
Bolivia,1980,BOL,1649.256462845798,0,0,0,1,1,1708.171,1743.3872,1746.4497,1701.0919,1662.4844,1619.7902,1524.6144,1433.7743,1402.2244,1350.754,1288.9404
Bolivia,1986,BOL,1288.940394491453,0,1,0,0,1,1350.754,1402.2244,1433.7743,1524.6144,1619.7902,1293.2875,1303.1066,1324.163,1356.5405,1398.1224,1391.4807
Bolivia,1994,BOL,1456.39475402423,0,1,0,0,1,1420.7418,1391.4807,1398.1224,1356.5405,1324.163,1493.4192,1527.1111,1570.8259,1617.3671,1592.7373,1601.4154
Brazil,1976,BRA,7296.347151966478,0,0,1,0,0,6805.2979,6623.416,6219.5142,5587.8857,5108.4028,7453.5903,7514.2891,7835.0703,8349.4873,7796.8545,7660.5781
Brazil,1982,BRA,7660.578088447254,0,0,1,0,1,7796.8545,8349.4873,7835.0703,7514.2891,7453.5903,7230.7163,7442.9722,7862.7031,8316.5166,8445.7119,8276.3271
Brazil,1987,BRA,8445.711771909215,0,0,1,0,1,8316.5166,7862.7031,7442.9722,7230.7163,7660.5781,8276.3271,8389.9785,7983.7466,7963.1118,7791.7573,8020.606
Brazil,1992,BRA,7791.75732446349,0,0,1,0,1,7963.1118,7983.7466,8389.9785,8276.3271,8445.7119,8020.606,8311.5605,8540.0771,8591.0146,8744.8457,8641.2754
Brazil,1994,BRA,8311.560836268678,0,1,0,0,0,8020.606,7791.7573,7963.1118,7983.7466,8389.9785,8540.0771,8591.0146,8744.8457,8641.2754,8554.0732,8803.1523
Brazil,2015,BRA,11431.1550399028,0,0,1,0,0,11951.209,11993.484,11745.776,11627.811,11286.243,10965.975,11021.719,11130.719,11203.275,,
Botswana,1984,BWA,2758.305110067566,0,0,1,0,0,2631.2439,2405.8569,2219.7178,2109.0146,1954.6466,2849.4595,2967.5813,3193.8198,3671.425,4002.7617,4133.4585
Central African Republic,1976,CAF,633.1957636223971,0,1,0,0,0,612.42242,620.72284,592.81934,590.25958,599.01001,643.47449,636.36041,605.27338,562.76569,538.14935,562.07373
Central African Republic,1994,CAF,428.410967941564,0,0,1,0,1,420.31433,431.2131,473.74011,488.55289,510.36789,446.7666,417.80142,429.0256,438.45621,443.70367,422.86462
Switzerland,2008,CHE,78029.9777056133,1,1,0,0,0,76908.539,74617.445,72188.797,70617.086,69153.031,75458.484,77117.125,77729.047,77844.188,78356.047,79299.836
China,1998,CHN,1538.788932623487,0,1,0,0,0,1440.5969,1332.3502,1224.8519,1115.9878,998.50037,1642.4031,1767.8596,1901.3623,2061.1694,2253.9873,2467.2498
Cote d'Ivoire,1984,CIV,1684.988759088948,0,0,0,1,1,1804.7063,1959.3572,2041.9304,2061.2864,2419.6843,1691.9321,1681.132,1614.0497,1574.0476,1563.0126,1491.1228
Cote d'Ivoire,1988,CIV,1574.047591818254,0,1,0,0,1,1614.0497,1681.132,1691.9321,1684.9888,1804.7063,1563.0126,1491.1228,1438.9375,1385.0009,1334.5049,1299.9032
Cote d'Ivoire,1994,CIV,1299.90318960121,0,0,1,0,1,1334.5049,1385.0009,1438.9375,1491.1228,1563.0126,1346.9963,1405.0623,1412.8113,1438.8494,1421.7078,1356.5865
Cote d'Ivoire,2001,CIV,1326.127488526777,0,0,0,1,1,1356.5865,1421.7078,1438.8494,1412.8113,1405.0623,1275.3682,1231.719,1221.1572,1216.1871,1208.2645,1202.8882
Cote d'Ivoire,2010,CIV,1213.112999552115,0,0,0,1,1,1217.2079,1206.1508,1202.8882,1208.2645,1216.1871,1132.5486,1223.632,1299.8116,1379.1414,1463.7102,1529.5067
Cameroon,1987,CMR,1735.645923391903,0,1,0,0,1,1830.9791,1770.1405,1690.5974,1623.1488,1566.8495,1550.1116,1475.2421,1343.5101,1254.243,1180.2034,1055.7928
Cameroon,1994,CMR,1048.318923433287,0,0,1,0,1,1055.7928,1180.2034,1254.243,1343.5101,1475.2421,1055.2626,1072.0521,1098.7499,1118.6373,1136.6332,1146.5724
"Congo, Dem. Rep.",1976,COD,965.2010589692332,0,0,1,1,1,1048.5509,1134.3024,1129.8726,1073.0024,1100.4182,944.92474,869.06812,848.75403,844.50317,842.57147,818.23053
"Congo, Dem. Rep.",1983,COD,809.724442436442,0,1,1,0,1,818.23053,842.57147,844.50317,848.75403,869.06812,833.58472,816.14032,832.28302,831.65387,811.99854,777.25842
"Congo, Dem. Rep.",1989,COD,777.2584432654277,0,0,1,0,1,811.99854,831.65387,832.28302,816.14032,833.58472,702.13477,619.79633,533.53455,444.04669,411.49353,401.18552
"Congo, Dem. Rep.",1991,COD,619.7963134293833,0,1,0,0,0,702.13477,777.25842,811.99854,831.65387,832.28302,533.53455,444.04669,411.49353,401.18552,386.11292,355.52808
"Congo, Dem. Rep.",1994,COD,411.4935297904415,0,1,1,0,0,444.04669,533.53455,619.79633,702.13477,777.25842,401.18552,386.11292,355.52808,341.77783,319.56204,289.9863
"Congo, Dem. Rep.",1999,COD,319.5620450833973,0,0,1,0,0,341.77783,355.52808,386.11292,401.18552,411.49353,289.9863,276.14218,276.05591,282.64706,292.35089,300.56247
"Congo, Dem. Rep.",2009,COD,322.4182647500292,0,0,1,0,1,324.04031,315.26385,306.5282,300.56247,292.35089,334.02158,345.26611,357.5983,375.21918,397.34167,411.02063
"Congo, Dem. Rep.",2016,COD,407.2896276304523,0,0,1,0,0,411.02063,397.34167,375.21918,357.5983,345.26611,408.92477,418.9888,423.64026,,,
"Congo, Rep.",1986,COG,3182.234589718769,0,0,0,1,1,3513.2192,3657.4136,3518.5247,3421.9585,2850.6646,3101.687,3071.3967,3066.4629,3013.5747,3002.2295,2996.9683
"Congo, Rep.",1994,COG,2652.876458916292,0,0,1,0,1,2886.5334,2996.9683,3002.2295,3013.5747,3066.4629,2681.9971,2718.4683,2624.7258,2644.999,2503.1064,2616.1216
Colombia,1982,COL,3885.16795112881,0,1,0,0,0,3933.3777,3931.0344,3860.9934,3746.3909,3531.9658,3862.1597,3907.5969,3945.613,4090.5571,4224.1069,4309.1563
Colombia,1985,COL,3945.613006686457,0,0,1,0,0,3907.5969,3862.1597,3885.168,3933.3777,3931.0344,4090.5571,4224.1069,4309.1563,4369.0967,4467.3945,4468.2979
Colombia,1998,COL,5094.738925611185,0,1,0,0,1,5151.8867,5068,5055.2075,4894.2393,4713.3027,4801.0688,4862.876,4867.5825,4913.8574,5031.4922,5225.2451
Comoros,1994,COM,1248.961429768828,0,0,1,0,0,1356.7201,1355.8025,1286.3093,1400.2216,1372.261,1258.3544,1208.4668,1223.7842,1207.1879,1199.0778,1296.0557
Cabo Verde,1993,CPV,1075.686082139266,0,1,0,0,0,1018.1476,943.03784,952.75348,965.55505,928.74854,1246.7727,1387.5428,1508.8691,1640.4858,1808.8477,1973.8416
Costa Rica,1981,CRI,4750.260109955367,0,0,1,1,1,4993.6235,5091.667,4983.8052,4816.0015,4539.4082,4285.9019,4290.1772,4510.5645,4422.7603,4545.4937,4638.9038
Costa Rica,1987,CRI,4638.904029508367,0,1,0,0,1,4545.4937,4422.7603,4510.5645,4290.1772,4285.9019,4674.8389,4812.7954,4855.3115,4837.1597,5146.5132,5371.5815
Costa Rica,1991,CRI,4837.159480470698,0,0,1,0,1,4855.3115,4812.7954,4674.8389,4638.9038,4545.4937,5146.5132,5371.5815,5473.8687,5561.8438,5502.1943,5668.377
Costa Rica,1994,CRI,5473.868655699418,0,1,0,0,1,5371.5815,5146.5132,4837.1597,4855.3115,4812.7954,5561.8438,5502.1943,5668.377,5938.335,6058.7573,6170.9536
Cyprus,2013,CYP,27044.3046420299,1,0,0,1,1,28873.621,30363.508,31023.639,31216.768,32725.633,26843.416,27865.594,29523.865,30758.313,31977.811,32517.236
Czech Republic,1996,CZE,14162.08126522431,1,1,0,0,0,13566.923,12730.989,12375.546,12380.752,12456.515,14103.865,14066.897,14276.184,14889.07,15399.893,15671.851
Germany,2008,DEU,42142.08101438275,1,1,0,0,0,41662.121,40403.848,38874.668,38570.379,38114.133,39843.41,41572.457,44012.609,44113.906,44186.195,44974.629
Djibouti,1991,DJI,,0,1,0,0,0,,,,,,,,,,,
Dominica,2002,DMA,5402.868382583212,0,0,0,1,1,5573.5952,5578.8374,5437.3701,5390.7793,5164.6211,5724.6445,5875.3989,5897.7622,6160.5205,6544.5854,7007.4619
Denmark,2008,DNK,60504.77696097032,1,1,0,0,0,61174.543,60892.773,58792.66,57608.738,56256.754,57229.039,58041.398,58575.609,58487.793,58788.086,59437.949
Dominican Republic,1982,DOM,2659.226146503911,0,0,0,1,1,2672.8997,2621.4785,2484.5593,2433.5793,2440.78,2723.1047,2699.697,2588.2454,2625.4907,2834.0015,2838.7859
Dominican Republic,1985,DOM,2588.245366438253,0,0,1,0,1,2699.697,2723.1047,2659.2261,2672.8997,2621.4785,2625.4907,2834.0015,2838.7859,2906.7708,2695.9802,2670.1819
Dominican Republic,1990,DOM,2695.980175103,0,0,1,0,1,2906.7708,2838.7859,2834.0015,2625.4907,2588.2454,2670.1819,2914.5103,3071.875,3095.4604,3214.7463,3349.7161
Dominican Republic,2003,DOM,4096.116386297812,0,1,1,1,1,4211.6377,4089.7004,4051.501,3930.4438,3768.2646,4143.2817,4472.71,4818.7378,5109.4854,5207.0005,5191.1411
Algeria,1988,DZA,3577.252546140432,0,0,1,0,1,3715.0942,3850.093,3949.4434,3925.4126,3833.8105,3636.0693,3572.2898,3443.6489,3424.1995,3278.6372,3182.5366
Algeria,1990,DZA,3572.289908336958,0,1,0,0,1,3636.0693,3577.2524,3715.0942,3850.093,3949.4434,3443.6489,3424.1995,3278.6372,3182.5366,3240.981,3315.2261
Algeria,1994,DZA,3182.536522162445,0,0,1,0,1,3278.6372,3424.1995,3443.6489,3572.2898,3636.0693,3240.981,3315.2261,3297.9902,3414.5532,3474.2637,3557.6284
Ecuador,1982,ECU,3716.575903439481,0,1,1,1,1,3789.2781,3681.5171,3643.3999,3605.689,3502.7944,3611.6335,3614.717,3664.6963,3699.2983,3600.6394,3721.5879
Ecuador,2008,ECU,4596.144866107695,0,0,0,1,0,4393.7251,4372.0933,4258.4243,4112.6738,3865.053,4547.5132,4633.5913,4921.8477,5122.1812,5295.6831,5412.1338
"Egypt, Arab Rep.",1984,EGY,1354.887467228163,0,0,0,1,0,1267.3397,1237.3911,1154.7373,1102.7886,1027.1357,1395.8164,1423.22,1438.2791,1476.8462,1510.2241,1557.5502
"Egypt, Arab Rep.",1990,EGY,1557.55018730529,0,0,1,0,1,1510.2241,1476.8462,1438.2791,1423.22,1395.8164,1539.694,1574.5012,1587.3315,1617.5739,1659.0454,1707.0957
"Egypt, Arab Rep.",2016,EGY,2762.589009172229,0,0,1,0,1,2704.9197,2649.4473,2633.2043,2635.9978,2636.3394,2818.5474,2908.5837,3010.1528,,,
Eritrea,1993,ERI,448.7964892032872,0,1,0,0,0,392.25058,,,,,548.98993,568.32227,623.13605,672.80847,681.2442,671.90417
Spain,1977,ESP,17315.43906657505,1,1,0,0,1,17011.67,16642.574,16732.781,16016.664,15024.446,17400.41,17254.852,17494.922,17347.982,17459.082,17681.775
Spain,1983,ESP,17681.77445521946,1,0,1,0,0,17459.082,17347.982,17494.922,17254.852,17400.41,17922.76,18272.49,18810.666,19802.697,20767.424,21735.77
Spain,2008,ESP,32104.05724984325,1,1,0,0,0,32333.484,31791.59,31059.271,30475.453,30066.932,30623.459,30532.48,30176.412,29264.354,28938.963,29427.293
Estonia,1992,EST,,1,1,1,0,1,,,,,,,,460.83884,490.77328,561.16827,591.11938
Finland,1991,FIN,31255.45288661145,1,1,0,0,0,33392.203,33317.27,31819.086,30329.385,29365.754,30056.326,29713.238,30757.922,31932.836,32995.453,34981.137
Finland,1993,FIN,29713.23771977611,1,0,1,0,0,30056.326,31255.453,33392.203,33317.27,31819.086,30757.922,31932.836,32995.453,34981.137,36792.32,38314.629
Fiji,1998,FJI,3142.53331036831,0,0,1,0,0,3131.21,3235.7161,3123.1953,3086.1062,2977.7549,3392.9805,3315.9341,3370.1519,3472.3057,3503.5005,3681.1299
France,2008,FRA,41496.93477781301,1,1,0,0,0,41623.371,40890.215,40191.867,39833.457,39023.578,40097.766,40677.984,41369.352,41298.527,41323.27,41521.242
Gabon,1986,GAB,11676.44337046106,0,0,0,1,1,12097.579,12724.862,12154.037,11811.774,12504.218,9410.7012,10328.767,10905.022,11159.789,11522.857,10868.416
Gabon,1994,GAB,11110.81770849463,0,0,1,0,1,10998.983,10868.416,11522.857,11159.789,10905.022,11365.683,11481.459,11838.346,11949.282,10618.739,10170.265
United Kingdom,2007,GBR,41461.99924616296,1,1,0,0,0,40822.465,40044.906,39163.258,38506.348,37442.281,41022.277,39038.242,39536.773,39729.441,40018.492,40620.375
Georgia,1991,GEO,2897.092454580143,0,1,0,0,0,3697.7751,4338.3374,4686.9858,4484.4854,4464.4258,1583.9822,1111.3015,1011.1733,1077.1904,1242.1105,1417.5142
Ghana,1978,GHA,939.2200684148162,0,0,1,0,1,882.05847,879.04382,930.66724,1088.609,1046.2196,897.37653,881.15753,828.39825,749.34869,693.94995,731.34521
Ghana,1982,GHA,749.3486872557267,0,1,0,0,1,828.39825,881.15753,897.37653,939.22009,882.05847,693.94995,731.34521,745.85876,761.91595,775.63733,796.08649
Ghana,2009,GHA,1234.540119494506,0,0,1,0,1,1207.8341,1135.4911,1116.6299,1076.6178,1042.5546,1299.3452,1446.3715,1543.7637,1618.5979,1627.108,1624.3412
Ghana,2014,GHA,1627.108071760041,0,0,1,0,1,1618.5979,1543.7637,1446.3715,1299.3452,1234.5402,1624.3412,1641.8347,1736.3116,1803.969,1880.2621,
Guinea,1982,GIN,,0,0,1,0,1,,,,,,,,,513.19397,514.42041,530.31036
Guinea,1985,GIN,,0,1,0,1,1,,,,,,513.19397,514.42041,530.31036,534.99756,541.89392,540.51392
Guinea,1993,GIN,555.5552064944433,0,1,0,0,0,543.14227,540.51392,541.89392,534.99756,530.31036,562.60657,573.26819,583.26758,597.61353,603.73456,611.6557
"Gambia, The",1985,GMB,859.6347284325035,0,0,1,0,1,902.62579,903.54242,841.40051,874.35461,873.23938,854.82117,833.78235,828.79358,837.2157,830.75189,824.57123
Guinea-Bissau,1980,GNB,489.2436040891105,0,0,1,0,0,587.32825,577.77588,511.00446,551.41486,528.47876,569.29572,581.05701,547.91736,583.03571,592.78326,574.6579
Guinea-Bissau,1994,GNB,652.4865996313421,0,0,1,0,1,646.14514,647.16266,654.77222,637.21704,614.10907,667.11664,729.7674,762.33087,537.73322,532.74365,550.35425
Guinea-Bissau,2014,GNB,556.1490447244619,0,1,0,0,1,565.59851,562.53418,587.71051,558.17468,547.48102,575.05048,595.55981,615.03888,607.59351,619.52783,
Equatorial Guinea,1980,GNQ,660.1199241745601,0,0,1,0,1,,,,,,660.07141,626.56805,607.60962,570.53802,606.55054,565.27118
Greece,1983,GRC,17914.3332485679,1,0,1,0,0,18215.324,18537.93,19000.1,19058.592,18684.443,18183.705,18567.799,18602.287,18121.395,18829.9,19443.705
Greece,2012,GRC,22459.11194913863,1,0,0,1,1,24040.635,26716.648,28301.768,29651.541,29830.342,22002.301,22303.984,22358.945,22342.148,22673.113,23073.346
Guyana,1982,GUY,2680.171265261439,0,0,0,1,0,3085.4885,3046.1658,3009.2766,3089.9478,3178.5818,2505.4871,2390.9602,2463.519,2460.4685,2505.5276,2434.8765
Guyana,1987,GUY,2505.52768351256,0,0,1,0,0,2460.4685,2463.519,2390.9602,2505.4871,2680.1714,2434.8765,2330.8738,2266.2898,2399.7979,2571.7427,2761.5303
Guyana,1993,GUY,2761.530234055737,0,1,0,0,1,2571.7427,2399.7979,2266.2898,2330.8738,2434.8765,2978.3765,3118.3618,3368.6428,3590.1831,3549.5544,3674.6238
Honduras,1981,HND,1522.998213755839,0,0,0,1,1,1589.8976,1629.8822,1591.7523,1549.2981,1447.4509,1446.5063,1415.9092,1460.7369,1497.4022,1531.0548,1585.2632
Honduras,1990,HND,1561.216598598374,0,0,1,0,1,1563.1698,1566.4529,1585.2632,1531.0548,1497.4022,1466.9746,1512.7319,1566.2765,1525.8782,1574.897,1559.0801
Haiti,1992,HTI,1283.725362112224,0,0,1,0,0,1382.3186,1383.9274,1397.5402,1469.1982,1497.1587,1191.0905,1029.2091,1110.3104,1135.3508,1145.2358,1149.615
Haiti,1994,HTI,1029.209119638966,0,1,0,0,1,1191.0905,1283.7253,1382.3186,1383.9274,1397.5402,1110.3104,1135.3508,1145.2358,1149.615,1160.2783,1150.36
Haiti,2003,HTI,1137.355941077003,0,0,1,0,0,1118.7367,1127.2028,1150.36,1160.2783,1149.615,1105.0812,1126.603,1127.9198,1171.8667,1182.0818,1237.2769
Hungary,1991,HUN,8869.92277497549,0,1,0,0,1,,,,,,8601.498,8561.7021,8826.1016,8970.0479,8992.874,9294.2373
Hungary,2008,HUN,13928.80032478404,0,1,0,0,1,13758.824,13704.337,13152.822,12592.319,11986.38,13015.78,13191.621,13485.315,13367.993,13654.286,14270.108
Indonesia,1979,IDN,1147.239671750759,0,0,1,0,0,1094.7017,1050.2914,989.55237,949.07764,927.19867,1231.1952,1298.066,1296.8958,1320.9919,1382.3938,1386.7328
Indonesia,1997,IDN,2433.340759548815,0,1,0,0,1,2358.1199,2220.0769,2083.3625,1968.4164,1878.973,2084.1428,2071.5247,2143.6594,2191.5742,2259.3076,2335.594
India,1993,IND,611.1188527943498,0,1,0,0,0,595.01349,575.50153,581.21826,562.29657,542.0542,639.26874,674.61957,711.92883,727.04315,757.93408,810.21729
"Iran, Islamic Rep.",1985,IRN,4765.238857231855,0,0,1,0,0,4857.8223,5545.7539,5322.3647,4365.6299,4788.1084,4112.0645,3980.7778,3630.1135,3726.4214,4125.8735,4531.8027
"Iran, Islamic Rep.",1992,IRN,4574.178947048737,0,0,0,1,0,4531.8027,4125.8735,3726.4214,3630.1135,3980.7778,4548.2217,4417.0688,4455.3057,4622.7319,4583.8564,4622.3477
"Iran, Islamic Rep.",2000,IRN,4812.321484118064,0,0,1,0,0,4605.855,4622.3477,4583.8564,4622.7319,4455.3057,4793.0947,5078.5054,5453.0171,5623.6938,5735.6113,5954.7417
"Iran, Islamic Rep.",2013,IRN,6035.280622760902,0,0,1,0,0,6122.4307,6695.082,6599.6611,6309.6421,6316.3711,6232.9341,6070.188,6790.6411,6948.7104,6440.0708,5922.5283
Iceland,1975,ISL,,1,0,1,0,0,,,,,,,,,,,
Iceland,1981,ISL,,1,0,1,0,0,,,,,,,,,,,
Iceland,1989,ISL,,1,0,1,0,0,,,,,,,,,,,30672.174
Iceland,2008,ISL,48286.03722806663,1,1,1,0,1,48128.945,45514.035,43826.559,41956.223,39262.758,44433.602,43237.074,43900.824,44132.316,45707.035,45964.004
Israel,1975,ISR,,1,0,1,0,1,,,,,,,,,,,
Israel,1980,ISR,,1,0,1,0,0,,,,,,,,,,,
Israel,1983,ISR,,1,1,0,0,0,,,,,,,,,,,
Israel,1985,ISR,,1,0,1,0,0,,,,,,,,,,,
Italy,1981,ITA,24676.58843028928,1,0,1,0,0,24499.4,23735.781,22465.742,21838.34,21383.758,24760.297,25040.705,25842.705,26558.131,27316.197,28185.242
Italy,2008,ITA,37690.48589491446,1,1,0,0,0,38309.547,37939.289,37384.074,37263.469,36978.984,35537.789,36035.645,36228.18,35053.641,34011.703,33699.539
Jamaica,1978,JAM,4053.685045153524,0,0,1,1,1,4104.7461,4266.3994,4634.1631,4715.1274,5001.7803,3960.1643,3681.988,3720.5439,3734.3972,3742.5786,3629.5239
Jamaica,1983,JAM,3742.578573176766,0,0,1,0,1,3734.3972,3720.5439,3681.988,3960.1643,4053.6851,3629.5239,3478.7271,3510.1677,3758.2607,3884.7053,4139.0308
Jamaica,1991,JAM,4455.080627145375,0,0,1,0,1,4283.5972,4139.0308,3884.7053,3758.2607,3510.1677,4502.1182,4879.4233,4898.7002,4965.0132,4911.0527,4807.5386
Jamaica,1996,JAM,4911.052796132504,0,1,0,0,0,4965.0132,4898.7002,4879.4233,4502.1182,4455.0806,4807.5386,4650.3823,4656.6172,4658.5684,4685.9058,4747.3062
Jamaica,2010,JAM,4704.047759624253,0,0,0,1,1,4798.5771,5041.7539,5108.0601,5061.2061,4944.4844,4759.252,4703.0933,4700.0186,4705.4019,4722.6655,4762.5435
Jordan,1989,JOR,2752.555738414766,0,1,1,1,1,3218.5664,3298.5444,3348.2068,3299.6218,3532.2224,2616.75,2521.2466,2725.6306,2696.1694,2696.2192,2752.0349
Japan,1997,JPN,41861.75343859141,1,1,0,0,0,41514.898,40358.094,39373.215,39095.055,39426.191,41277.066,41097.961,42169.734,42239.184,42190.805,42744.012
Kazakhstan,1999,KAZ,4078.440998996418,0,0,1,0,1,3933.469,3940.9443,3814.4177,3738.3237,3989.1365,4491.5918,5106.6343,5606.853,6107.709,6647.6924,7227.9829
Kazakhstan,2008,KAZ,8641.670034253493,0,1,0,0,0,8523.7666,7917.1948,7227.9829,6647.6924,6107.709,8573.708,9070.4883,9603.2441,9923.4219,10368.499,10646.034
Kazakhstan,2015,KAZ,10617.47465504905,0,0,1,0,0,10646.034,10368.499,9923.4219,9603.2441,9070.4883,10582.701,10867.738,11165.573,11518.519,,
Kenya,1985,KEN,832.4876001538625,0,1,0,0,1,828.62201,845.90222,867.71094,888.52051,889.93677,859.98639,878.68195,900.68689,910.80634,917.4082,900.35211
Kenya,1992,KEN,864.7869332332218,0,1,0,0,1,900.35211,917.4082,910.80634,900.68689,878.68195,840.9411,837.00385,848.14777,857.948,837.81061,841.49445
Kyrgyz Republic,1997,KGZ,611.4243463578875,0,0,1,0,1,564.44153,534.95874,571.31299,714.64899,845.57489,614.89233,627.96979,654.31201,682.62402,676.26971,716.26434
Cambodia,1971,KHM,,0,0,1,0,0,,,,,,,,,,,
"Korea, Rep.",1997,KOR,13671.95724299226,1,1,0,0,1,12998.674,12163.342,11208.681,10361.642,9793.8633,12877.368,14252.343,15414.292,16038.726,17178.17,17627.215
Kuwait,1982,KWT,,0,1,0,0,0,,,,,,,,,,,
Lao PDR,1972,LAO,,0,0,1,0,0,,,,,,,,,,,
Lao PDR,1986,LAO,440.5740492897572,0,0,1,0,0,432.16324,422.95935,,,,421.91299,401.57758,445.48706,462.00174,468.56424,481.30481
Lao PDR,1997,LAO,600.9330675374297,0,0,1,0,0,573.54852,547.97498,523.93756,496.56561,481.30481,613.32452,646.72961,672.87524,700.27808,730.42914,763.15875
Lebanon,1984,LBN,,0,0,1,0,0,,,,,,,,,4310.6499,2442.7378,3006.4141
Lebanon,1990,LBN,3006.413992728471,0,1,1,0,0,2442.7378,4310.6499,,,,4310.5186,4767.1196,5003.8071,5159.4731,5297.5967,5761.127
Liberia,1980,LBR,,0,0,0,1,1,,,,,,,,,,,
Liberia,1991,LBR,,0,1,0,0,0,,,,,,,,,,,
Libya,2002,LBY,8448.110080608823,0,0,1,0,0,8667.5625,8963.6621,8779.8994,,,9395.7695,9660.9326,10642.895,11164.805,11699.316,11844.94
Sri Lanka,1978,LKA,835.2949466781281,0,0,1,0,1,805.00793,780.18488,769.1524,738.34412,724.40784,873.448,909.32428,946.23767,970.90723,1003.1869,1039.5416
Lesotho,1985,LSO,554.2272606403781,0,0,1,0,0,553.34351,537.66174,541.10852,532.13861,543.27374,566.98273,558.70319,593.89124,614.89813,637.83691,667.08972
Lesotho,2015,LSO,1289.109364148383,0,0,1,0,0,1259.5347,1247.4602,1233.7278,1166.7114,1119.8436,1325.0514,1273.2997,1247.7063,1233.0399,,
Lithuania,1992,LTU,,1,0,1,0,1,,,,,,,,1543.3125,1635.3105,1784.3369,1931.6727
Luxembourg,2008,LUX,108683.2877515259,1,1,0,0,0,112077.59,105045.83,101479.69,99875.82,97773.766,102039.07,105067.72,105367.45,102504.52,103822.95,105761.61
Latvia,1992,LVA,,1,0,1,0,1,,,,,,,,7323.8682,7597.1421,8353.3711,8967.1973
Latvia,1995,LVA,7323.868287914046,1,1,0,0,1,,,,,,7597.1421,8353.3711,8967.1973,9288.2891,9910.1865,10673.753
Latvia,2008,LVA,19038.00084334751,1,1,0,0,1,19487.375,17567.463,15543.909,13887.413,12660.389,16594.973,16197.293,17561.939,18537.133,19169.59,19558.73
Morocco,1980,MAR,1351.20799652803,0,1,0,0,1,1336.0441,1306.472,1309.1921,1263.8883,1166.9406,1295.496,1377.4171,1363.2651,1417.2806,1469.1986,1571.6366
Morocco,1983,MAR,1363.2651938892,0,0,0,1,1,1377.4171,1295.496,1351.208,1336.0441,1306.472,1417.2806,1469.1986,1571.6366,1535.1381,1684.4094,1699.9557
Moldova,1999,MDA,1413.891729617919,0,0,1,0,1,1460.8795,1562.5123,1531.519,1623.8923,,1446.6315,1538.3123,1662.1454,1776.8433,1913.0577,2061.5471
Moldova,2002,MDA,1662.145354005349,0,0,0,1,0,1538.3123,1446.6315,1413.8917,1460.8795,1562.5123,1776.8433,1913.0577,2061.5471,2166.5146,2236.6868,2415.7429
Madagascar,1981,MDG,623.9447308113421,0,0,0,1,1,711.95459,725.79175,679.90668,718.7655,722.46362,594.67004,582.96729,576.45313,566.74255,561.74109,552.56097
Madagascar,1984,MDG,576.453121629746,0,0,1,0,1,582.96729,594.67004,623.9447,711.95459,725.79175,566.74255,561.74109,552.56097,555.4931,561.9035,562.99799
Madagascar,1988,MDG,555.4931293103338,0,1,0,0,1,552.56097,561.74109,566.74255,576.45313,582.96729,561.9035,562.99799,512.2923,503.23453,498.6366,483.50903
Maldives,1975,MDV,,0,0,1,0,0,,,,,,,,,,,
Mexico,1977,MEX,6618.138513064774,0,0,1,0,1,6571.2314,6465.7695,6287.6338,6117.5884,5841.2222,7029.2402,7520.9805,8016.8853,8494.0127,8253.4463,7784.8584
Mexico,1994,MEX,8373.513900058459,0,1,0,0,1,8117.0898,8104.2915,7970.1445,7790.7993,7548.9766,7717.7212,8109.1987,8530.3545,8835.876,8946.1338,9253.9678
Mali,1987,MLI,463.5900606708077,0,1,0,0,1,470.61942,465.35849,393.76416,402.73221,403.9075,491.18845,503.97369,482.46558,527.54395,498.17224,500.57938
Myanmar,1990,MMR,201.5644167471796,0,0,1,0,0,198.94791,194.94905,223.71707,237.30319,244.39502,197.59985,214.07591,224.42036,238.45908,252.01721,264.93124
Myanmar,1996,MMR,264.9312422445648,0,0,1,0,0,252.01721,238.45908,224.42036,214.07591,197.59985,276.32953,288.79401,316.44925,355.79837,391.92026,434.65997
Myanmar,2001,MMR,391.920255840028,0,0,1,0,0,355.79837,316.44925,288.79401,276.32953,264.93124,434.65997,490.24301,551.97858,621.94012,698.25708,776.93842
Myanmar,2007,MMR,776.9384287310489,0,0,1,0,0,698.25708,621.94012,551.97858,490.24301,434.65997,851.32886,935.13727,1018.1317,1066.8424,1135.6475,1220.9178
Myanmar,2012,MMR,1135.647435068797,0,0,1,0,0,1066.8424,1018.1317,935.13727,851.32886,776.93842,1220.9178,1307.6777,1388.5005,1458.2512,1541.847,1635.9446
Mongolia,1990,MNG,1761.222224511976,0,0,1,0,1,1855.8021,1825.1002,1784.5327,1774.6566,1668.4905,1583.618,1420.6481,1363.6559,1382.2086,1459.1202,1479.7853
Mongolia,1997,MNG,1524.828115140926,0,0,1,0,1,1479.7853,1459.1202,1382.2086,1363.6559,1420.6481,1562.4294,1596.4674,1600.4922,1632.6475,1693.3569,1793.2516
Mongolia,2008,MNG,2601.199527621299,0,1,0,0,1,2423.6721,2228.4211,2079.1265,1961.8361,1793.2516,2527.9602,2643.2871,3043.8674,3353.0947,3669.5354,3880.3474
Mozambique,1984,MOZ,168.9441172020827,0,0,0,1,0,183.54085,222.18793,244.19891,238.22739,,168.91891,164.46452,188.96854,204.91829,217.42088,216.52885
Mozambique,1987,MOZ,188.968530524654,0,1,1,0,1,164.46452,168.91891,168.94412,183.54085,222.18793,204.91829,217.42088,216.52885,221.38556,200.63129,213.1721
Mozambique,2015,MOZ,580.0501072160095,0,0,1,0,1,559.13605,535.39374,514.59204,493.16064,471.90436,585.18188,589.71906,592.51044,588.72961,,
Mauritania,1984,MRT,1586.929093104967,0,1,0,0,1,1687.5016,1674.7373,1765.8386,1757.7455,1750.9614,1589.1895,1634.4056,1621.0964,1605.7021,1638.7194,1568.1952
Malawi,1982,MWI,371.0279705054901,0,0,0,1,1,370.63702,401.47876,411.36649,405.97964,381.50452,375.0054,382.24664,383.01938,362.349,346.76425,337.25354
Malawi,1994,MWI,317.5901187811481,0,0,1,0,1,355.1106,324.54895,353.35458,331.75107,325.26013,367.0015,386.84482,392.04486,396.22098,396.91644,392.52484
Malawi,2012,MWI,482.9236243738424,0,0,1,0,1,487.7305,478.6687,460.9245,437.8952,418.58817,493.81781,507.53766,507.54834,506.25073,512.64758,521.35339
Malaysia,1997,MYS,7041.671918243593,0,1,0,0,0,6731.4009,6277.6118,5861.7456,5503.0005,5134.5884,6360.6577,6588.1982,7007.043,6890.3652,7112.0557,7374.3423
Namibia,1984,NAM,3834.019466877732,0,0,1,0,0,3947.2415,4117.0425,4225.9043,4277.105,,3736.5105,3782.7527,3774.4951,3663.5503,3598.4634,3551.979
Namibia,2015,NAM,6369.716473611748,0,0,1,0,0,6220.6616,5968.2295,5750.6616,5570.248,5394.9966,6255.2886,6076.1611,6028.8711,5881.292,,
New Caledonia,1981,NCL,,0,0,1,0,0,,,,,,,,,,,
Niger,1983,NER,626.2914921432022,0,1,0,1,1,670.47241,675.34747,696.28577,734.69366,705.83716,506.16806,529.72882,547.32141,532.10437,552.13031,540.80621
Niger,1994,NER,469.9932711247561,0,0,1,0,1,477.47598,492.25241,498.78488,517.34882,540.80621,465.20508,449.73532,440.83194,467.89905,450.46054,429.24353
Nigeria,1983,NGA,1366.342621520937,0,0,1,1,0,1573.2782,1732.5919,2049.2007,2023.3491,1952.4016,1317.3601,1359.958,1325.8237,1332.7955,1393.397,1383.5198
Nigeria,1989,NGA,1383.519791103224,0,0,1,0,1,1393.397,1332.7955,1325.8237,1359.958,1317.3601,1507.0776,1474.4574,1504.3274,1437.2783,1376.4409,1341.6162
Nigeria,1991,NGA,1474.457449770217,0,1,0,0,1,1507.0776,1383.5198,1393.397,1332.7955,1325.8237,1504.3274,1437.2783,1376.4409,1341.6162,1363.5463,1369.0935
Nigeria,1997,NGA,1369.093507740166,0,0,1,0,0,1363.5463,1341.6162,1376.4409,1437.2783,1504.3274,1369.8766,1343.9075,1376.4185,1421.7104,1598.8196,1673.2892
Nigeria,2009,NGA,2168.570637596119,0,1,0,0,0,2061.4189,1982.6577,1909.6688,1848.1938,1781.879,2280.4373,2338.0256,2372.4614,2463.8894,2550.47,2549.7231
Nigeria,2016,NGA,2443.440749661012,0,0,1,0,0,2549.7231,2550.47,2463.8894,2372.4614,2338.0256,2399.7319,2383.4204,2374.3694,,,
Nicaragua,1979,NIC,1624.440343164013,0,0,1,0,1,2276.6365,2546.7153,2423.5276,2375.8347,2454.1877,1650.3778,1689.9249,1630.0496,1659.8109,1591.988,1489.6455
Nicaragua,1985,NIC,1489.6454836687,0,0,1,0,0,1591.988,1659.8109,1630.0496,1689.9249,1650.3778,1440.2469,1398.4197,1198.0104,1151.9791,1126.4135,1099.4817
Nicaragua,1990,NIC,1126.413398262612,0,1,1,0,1,1151.9791,1198.0104,1398.4197,1440.2469,1489.6455,1099.4817,1079.2136,1051.37,1063.4615,1103.7739,1151.6724
Netherlands,2008,NLD,52778.96433425098,1,1,0,0,0,51859.313,50082.699,48485.141,47621.898,46857.563,50582.813,50999.746,51549.844,50830.25,50614.637,51150.699
Norway,1991,NOR,61789.41066660953,1,1,0,0,0,60226.715,59288.637,58922.109,59391.574,58641.98,63629.688,65051.797,67952.43,70409.719,73575.992,77045.297
Nepal,1984,NPL,306.2933967284349,0,0,1,0,1,285.79462,301.51633,297.38376,280.89886,294.22015,317.77054,324.92844,323.23773,340.44653,347.01678,354.25751
Nepal,1992,NPL,371.9694226985987,0,0,1,0,1,367.10764,354.25751,347.01678,340.44653,323.23773,375.88962,396.12195,399.69501,411.19095,422.49423,426.30804
New Zealand,1984,NZL,24998.69907426351,1,0,1,0,0,24062.563,23568.979,23585.037,22622.695,22363.945,25245.828,25935.441,25962.449,25799.586,25717.43,25520.072
Pakistan,1972,PAK,450.3759152875305,0,0,1,0,1,459.06342,469.43771,433.07434,421.60611,403.76978,469.0675,472.15518,477.96786,487.88184,491.96271,515.29828
Panama,1983,PAN,4537.453503700737,0,0,0,1,1,4861.0591,4723.0962,4428.6909,4011.9526,3934.1333,4556.3203,4676.209,4737.7949,4552.2334,3859.4177,3837.3
Panama,1988,PAN,3859.417663177798,0,1,0,0,0,4552.2334,4737.7949,4676.209,4556.3203,4537.4536,3837.3,4061.5906,4352.2627,4612.6328,4765.0708,4801.3115
Peru,1976,PER,3792.285282882759,0,0,1,0,1,3838.4795,3780.1099,3550.5881,3433.4126,3410.4929,3707.2725,3517.3352,3569.2393,3687.8003,3797.7993,3698.6458
Peru,1978,PER,3517.33512230555,0,0,0,1,1,3707.2725,3792.2854,3838.4795,3780.1099,3550.5881,3569.2393,3687.8003,3797.7993,3698.6458,3235.6228,3274.5046
Peru,1981,PER,3797.799269559379,0,0,1,0,1,3687.8003,3569.2393,3517.3352,3707.2725,3792.2854,3698.6458,3235.6228,3274.5046,3265.4097,3492.3972,3746.7131
Peru,1983,PER,3235.622764591303,0,1,0,0,1,3698.6458,3797.7993,3687.8003,3569.2393,3517.3352,3274.5046,3265.4097,3492.3972,3746.7131,3318.8433,2848.1912
Peru,1988,PER,3318.843298826775,0,0,1,0,0,3746.7131,3492.3972,3265.4097,3274.5046,3235.6228,2848.1912,2650.2139,2654.7881,2589.3428,2673.7402,2947.0273
Philippines,1983,PHL,1763.354457817375,0,1,1,1,1,1778.842,1764.3496,1753.3234,1713.7096,1667.1329,1590.3417,1434.7922,1444.4419,1467.0297,1525.3066,1578.4578
Philippines,1997,PHL,1665.354632537676,0,1,0,0,0,1619.3813,1565.4082,1530.6057,1501.2128,1505.684,1619.3604,1633.0961,1668.7156,1683.3147,1709.557,1760.0349
Papua New Guinea,1995,PNG,1872.117027182736,0,0,1,0,1,1982.657,1915.5488,1658.3789,1490.7616,1393.1851,1968.627,1845.7867,1733.2148,1723.8679,1643.083,1606.196
Poland,1981,POL,,0,0,0,1,0,,,,,,,,,,,
Poland,1992,POL,5631.910834600926,0,1,0,0,1,5510.6187,5947.4458,,,,5827.6021,6123.1113,6549.1328,6944.3525,7387.3608,7727.418
Portugal,1983,PRT,12584.39954648311,1,0,1,0,1,12664.847,12476.097,12384.354,11969.68,11452.864,12300.423,12611.206,13121.49,13962.586,15023.869,16014.854
Portugal,2008,PRT,22881.67268142646,1,1,0,0,0,22841.768,22327.008,22009.643,21879.451,21546.426,22146.166,22520.643,22171.242,21358.104,21277.5,21562.006
Paraguay,1982,PRY,3205.122858317667,0,0,0,1,0,3345.7393,3152.6323,2900.9507,2663.7866,2440.5994,3018.2151,3013.9495,3060.3552,3121.5527,3264.4814,3362.5845
Paraguay,1984,PRY,3013.949443826887,0,0,1,0,0,3018.2151,3205.1228,3345.7393,3152.6323,2900.9507,3060.3552,3121.5527,3264.4814,3362.5845,3498.9773,3547.4834
Paraguay,1989,PRY,3498.977336182502,0,0,1,0,0,3362.5845,3264.4814,3121.5527,3060.3552,3013.9495,3547.4834,3577.4521,3547.5596,3632.3823,3734.8906,3897.2212
Paraguay,1995,PRY,3897.221200200713,0,1,0,0,0,3734.8906,3632.3823,3547.5596,3577.4521,3547.4834,3868.8169,3943.8237,3861.7148,3729.73,3570.282,3471.865
Paraguay,2002,PRY,3406.168949839935,0,0,1,0,1,3471.865,3570.282,3729.73,3861.7148,3943.8237,3489.6133,3569.3738,3586.9763,3702.749,3848.0422,4042.1812
Romania,1996,ROU,5108.603764110894,0,0,1,0,1,4902.3369,4605.3535,4424.687,4352.1313,4727.4556,4874.8989,4785.8433,4775.3071,4899.1772,5227.2593,5627.4512
Romania,1998,ROU,4785.843091108885,0,1,0,0,1,4874.8989,5108.604,4902.3369,4605.3535,4424.687,4775.3071,4899.1772,5227.2593,5627.4512,5800.8872,6442.4141
Russian Federation,1998,RUS,5505.69725752101,0,1,1,1,1,5804.2148,5714.626,5928.9565,6183.9048,7070.5352,5876.2031,6491.0723,6851.1138,7206.1895,7767.4053,8360.252
Russian Federation,2008,RUS,11087.821053001,0,1,0,0,0,10535.126,9693.1982,8929.3008,8360.252,7767.4053,10219.895,10674.996,11125.345,11553.576,11731.382,11608.759
Russian Federation,2014,RUS,11608.7586367575,0,0,1,0,0,11731.382,11553.576,11125.345,10674.996,10219.895,11355.236,11356.4,11550.525,11875.733,12122.607,
Rwanda,1991,RWA,380.0761365351191,0,0,1,0,1,378.91623,388.86588,399.36896,399.54898,420.49841,425.31326,418.18484,219.53351,301.93643,330.42123,352.3475
Sudan,1979,SDN,831.206710456986,0,0,0,1,1,905.20221,995.00531,968.21069,857.47876,765.23584,815.64166,846.74475,866.89124,855.39709,786.64185,714.99829
Sudan,1981,SDN,846.744739994191,0,0,1,0,1,815.64166,831.20673,905.20221,995.00531,968.21069,866.89124,855.39709,786.64185,714.99829,732.33112,813.99426
Sudan,1988,SDN,790.324191849754,0,0,1,0,0,813.99426,732.33112,714.99829,786.64185,855.39709,839.02032,772.95795,809.80865,841.01959,856.85394,843.07715
Sudan,1993,SDN,856.853937694057,0,0,1,0,0,841.01959,809.80865,772.95795,839.02032,790.32422,843.07715,870.297,897.49451,965.8927,980.41376,983.43549
Sudan,2012,SDN,1825.57805916639,0,0,1,0,0,1629.7759,1489.8741,1477.7347,1469.9696,1401.1968,1903.4452,1988.9484,2019.4989,2042.1128,2086.9719,2095.0479
Senegal,1981,SEN,1199.094136980434,0,0,0,1,1,1172.1538,1157.0647,1108.3279,1181.8329,1244.2214,1258.0448,1151.9436,1161.4534,1165.6681,1166.1962,1202.1919
Senegal,1988,SEN,1156.893395678946,0,1,0,0,1,1202.1919,1166.1962,1165.6681,1161.4534,1151.9436,1167.1453,1124.1428,1119.9393,1101.4099,1084.2761,1053.7477
Senegal,1994,SEN,1053.747716789844,0,0,1,0,1,1084.2761,1101.4099,1119.9393,1124.1428,1167.1453,1082.075,1076.3473,1082.6475,1119.9043,1162.7882,1179.7524
Sierra Leone,1977,SLE,461.6037738201562,0,0,0,1,1,471.48706,483.81866,485.96414,479.32346,478.34775,462.45193,472.71533,484.64334,487.72375,500.06705,478.77429
Sierra Leone,1983,SLE,478.7742991844351,0,0,1,0,1,500.06705,487.72375,484.64334,472.71533,462.45193,486.5874,448.90265,441.5278,459.21414,414.53897,407.9664
Sierra Leone,1989,SLE,407.9663917613144,0,0,1,0,0,414.53897,459.21414,441.5278,448.90265,486.5874,415.25677,422.19885,342.00018,348.20377,342.94275,315.93533
Sierra Leone,1998,SLE,302.5341802274849,0,0,1,0,0,300.39532,320.82724,315.93533,342.94275,348.20377,291.17062,302.26434,272.99136,330.39566,344.82614,351.82187
El Salvador,1986,SLV,2042.506042368596,0,0,1,0,0,2065.708,2080.7664,2081.5635,2079.3833,2253.0474,2066.9097,2078.7471,2071.575,2143.0391,2145.7019,2264.8574
El Salvador,1989,SLV,2071.574952668997,0,1,0,0,1,2078.7471,2066.9097,2042.506,2065.708,2080.7664,2143.0391,2145.7019,2264.8574,2364.2871,2443.3757,2528.7495
Serbia,2000,SRB,3517.938043383927,0,0,1,0,1,3304.1133,3634.7163,3503.8965,3259.1995,3064.0334,3766.3997,4010.405,4195.2876,4584.731,4852.8403,5120.8091
South Sudan,2015,SSD,730.9321108856491,0,0,1,0,0,831.85052,820.23346,742.34235,1416.4298,1535.7069,,,,,,
Suriname,1990,SUR,6086.137304805417,0,0,1,0,0,6502.71,6372.2764,6032.8916,6550.2705,6595.1851,6131.8125,6044.3965,5542.3198,5637.6255,5551.4761,5527.478
Suriname,1995,SUR,5551.475833166653,0,0,1,0,0,5637.6255,5542.3198,6044.3965,6131.8125,6086.1372,5527.478,5765.8984,5825.7446,5675.7793,5726.5054,5896.5273
Suriname,2001,SUR,5896.527352231203,0,0,1,0,0,5726.5054,5675.7793,5825.7446,5765.8984,5527.478,5990.5591,6293.4443,6748.9663,6971.0386,7289.8032,7574.147
Suriname,2016,SUR,7966.764373543615,0,0,1,0,1,8464.7588,8856.4854,8930.4863,8772.9287,8639.9863,8011.9365,8328.3027,8341.9268,,,
Slovak Republic,1998,SVK,10219.01674940236,1,1,0,0,0,9831.9717,9299.0918,8740.2041,8281.8672,7828.7515,10197.781,10330.717,10686.396,11172.354,11794.491,12419.637
Slovenia,1992,SVN,,1,1,0,0,0,,,,,,,,15156.705,15651.96,16464.475,17041.535
Slovenia,2008,SVN,25455.16091901273,1,1,0,0,0,24630.941,23152.951,21964.771,21197.764,20325.328,23321.938,23532.48,23685.918,23012.361,22744.607,23351.236
Sweden,1991,SWE,37099.10389188635,1,1,0,0,0,37785.867,37793.715,37062.766,36304.453,35243.773,36454.828,35495.043,36628.738,37870.918,38407.898,39564.563
Sweden,1993,SWE,35495.0437570786,1,0,1,0,0,36454.828,37099.105,37785.867,37793.715,37062.766,36628.738,37870.918,38407.898,39564.563,41247.617,42965.984
Sweden,2008,SWE,53059.45392536901,1,1,0,0,0,53716.445,52316.965,50268.176,49066.895,47212.707,50326.223,52869.043,54147.941,53432.645,53611.102,54492.598
Seychelles,2008,SYC,10645.08669611059,0,0,1,1,1,11124.657,10126.29,9450.2793,8709.7822,8932.1953,10486.189,10804.685,11967.362,11999.954,12489.314,12850.493
Syrian Arab Republic,1988,SYR,,0,0,1,0,0,,,,,,,,,,,
Chad,1983,TCD,472.4621209720916,0,1,0,0,0,418.30829,406.14227,410.71426,446.21396,579.18958,469.96182,556.89575,518.70386,490.82639,548.89142,557.32666
Chad,1994,TCD,494.8307038917416,0,0,1,0,1,464.14923,568.60388,543.55017,517.08435,557.32666,484.57779,478.85873,488.90408,504.95239,483.85172,462.25424
Togo,1979,TGO,659.0756998147791,0,0,0,1,1,712.90338,656.73657,627.46875,654.95514,653.95587,733.46112,686.07892,638.06256,581.31445,591.36548,602.69727
Togo,1993,TGO,445.2645164057684,0,1,0,0,1,535.48187,569.64984,587.1452,603.89838,596.73669,500.59842,526.37506,556.74725,617.32587,584.05359,580.01715
Thailand,1997,THA,3546.403063065265,0,1,0,0,1,3690.2698,3531.7925,3299.3845,3083.218,2874.1394,3236.3882,3345.6069,3458.3528,3544.4424,3731.2734,3969.7349
Tajikistan,2015,TJK,935.989375302674,0,0,1,0,0,904.53522,868.04163,827.21411,787.22888,749.55243,976.37061,1020.1761,1071.1044,1123.1927,,
Turkmenistan,2008,TKM,3949.045833391357,0,0,1,0,0,3489.3264,3181.0679,2899.9534,2593.5164,2495.2825,4129.541,4439.2021,5006.2817,5462.9111,5909.6621,6399.1733
Trinidad and Tobago,1986,TTO,6510.071297159625,0,0,1,0,0,6806.0469,7191.9526,7744.8579,8773.373,8590.582,6155.1021,5866.603,5776.144,5823.6401,5965.8745,6527.7681
Trinidad and Tobago,1989,TTO,5776.144043010021,0,0,0,1,1,5866.603,6155.1021,6510.0713,6806.0469,7191.9526,5823.6401,5965.8745,6527.7681,6448.0093,6646.3716,6873.8853
Tunisia,1991,TUN,2260.865539982628,0,1,0,0,0,2224.834,2107.6025,2118.7036,2166.5537,2079.877,2384.7117,2386.4873,2415.1182,2429.2542,2562.9863,2665.6809
Turkey,1978,TUR,5380.600233361614,0,0,1,1,1,5421.0728,5362.3218,4967.2427,4744.2939,4600.6021,5228.3662,4986.5239,5111.0327,5173.8901,5310.1689,5544.0225
Turkey,1982,TUR,5173.890331523196,0,1,0,0,1,5111.0327,4986.5239,5228.3662,5380.6001,5421.0728,5310.1689,5544.0225,5659.2173,5935.8828,6375.2676,6403.8145
Turkey,1984,TUR,5544.022657415178,0,0,1,0,1,5310.1689,5173.8901,5111.0327,4986.5239,5228.3662,5659.2173,5935.8828,6375.2676,6403.8145,6308.6338,6774.4048
Turkey,1991,TUR,6708.878988221083,0,0,1,0,0,6774.4048,6308.6338,6403.8145,6375.2676,5935.8828,6931.8975,7343.0894,6889.5903,7315.1733,7731.1724,8186.2383
Turkey,1996,TUR,7731.172273399911,0,0,1,0,0,7315.1733,6889.5903,7343.0894,6931.8975,6708.8789,8186.2383,8252.2246,7860.1953,8278.5254,7686.7896,8062.6987
Turkey,2000,TUR,8278.525648564579,0,1,0,0,1,7860.1953,8252.2246,8186.2383,7731.1724,7315.1733,7686.7896,8062.6987,8405.5605,9102.0479,9790.1357,10340.404
Tanzania,1987,TZA,,0,1,0,0,1,,,,,,494.28073,497.35321,515.69391,509.18564,495.00955,484.37527
Tanzania,1990,TZA,515.693912708574,0,0,1,0,1,497.35321,494.28073,,,,509.18564,495.00955,484.37527,476.52921,479.31567,488.03827
Uganda,1980,UGA,,0,0,1,0,1,,,,,,,402.07932,412.18552,397.81024,372.06836,360.8555
Uganda,1988,UGA,378.307027646808,0,0,1,0,1,362.11829,360.8555,372.06836,397.81024,412.18552,388.38266,399.4361,407.55096,407.67352,427.47003,440.65262
Uganda,1994,UGA,440.6526233789298,0,1,0,0,1,427.47003,407.67352,407.55096,399.4361,388.38266,476.51334,504.43073,514.91516,524.77557,550.69537,551.23999
Ukraine,1998,UKR,1686.92277398542,0,1,1,1,1,1704.2972,1741.0677,1917.4326,2166.678,2797.5686,1699.4951,1817.9729,2006.2675,2131.7312,2353.6042,2658.6887
Ukraine,2008,UKR,3322.00512728069,0,1,0,0,1,3229.6531,2983.8542,2758.5181,2658.6887,2353.6042,2844.3213,2965.1396,3138.4651,3153.7354,3160.0806,3123.9001
Ukraine,2014,UKR,3123.90008935853,0,1,1,0,1,3160.0806,3153.7354,3138.4651,2965.1396,2844.3213,2828.885,2903.7954,2988.5042,3106.0391,3224.5601,
Uruguay,1972,URY,5558.640696619012,0,0,1,0,1,5639.3179,5670.6187,5570.5942,5300.4429,5248.8452,5572.6465,5729.9673,6066.2651,6280.1504,6336.7935,6633.7578
Uruguay,1981,URY,7420.956102521075,0,1,0,0,1,7355.209,6996.4336,6633.7578,6336.7935,6280.1504,6653.2358,5931.1118,5825.7153,5873.3296,6350.4146,6815.4419
Uruguay,1983,URY,5931.111822856795,0,0,1,1,1,6653.2358,7420.9561,7355.209,6996.4336,6633.7578,5825.7153,5873.3296,6350.4146,6815.4419,6873.2515,6904.3765
Uruguay,1990,URY,6878.151921234224,0,0,1,0,1,6904.3765,6873.2515,6815.4419,6350.4146,5873.3296,7071.3931,7577.0972,7721.4893,8223.126,8045.9614,8434.3145
Uruguay,2002,URY,7971.299396145612,0,1,1,1,1,8640.7842,9001.7559,9211.4473,9441.9951,9091.4912,8041.2573,8449.1836,9078.6484,9440.501,10038.883,10732.012
United States,1988,USA,34853.48846891845,1,1,0,0,0,33761.18,32925.227,32118.76,31107.561,29260.586,35793.898,36059.301,35542.141,36287.324,36797.797,37813.758
United States,2007,USA,49856.28148994962,1,1,0,0,0,49405.766,48499.813,47287.594,45980.516,45087.367,49319.48,47648.813,48466.656,48861.879,49595.879,50160.723
Uzbekistan,2000,UZB,979.012014094298,0,0,1,0,0,955.99097,926.51141,902.72693,874.43622,876.42322,1006.9478,1034.2239,1065.527,1131.7645,1196.4224,1269.9813
"Venezuela, RB",1982,VEN,13197.38885086953,0,0,0,1,0,13839.1,14269.386,15345.217,15659.813,15739.383,12371.834,12227.831,11938.232,12391.709,12511.188,12909.481
"Venezuela, RB",1984,VEN,12227.83077713832,0,0,1,0,0,12371.834,13197.389,13839.1,14269.386,15345.217,11938.232,12391.709,12511.188,12909.481,11515.181,11968.854
"Venezuela, RB",1989,VEN,11515.18061688047,0,0,1,0,1,12909.481,12511.188,12391.709,11938.232,12227.831,11968.854,12830.405,13302.582,13047.762,12469.671,12692.595
"Venezuela, RB",2002,VEN,10848.81714990021,0,0,1,0,0,12122.122,11944.204,11739.113,12726.409,12939.583,9830.7363,11429.407,12400.775,13413.016,14374.379,14920.45
"Venezuela, RB",2010,VEN,13825.35711608178,0,0,1,0,0,14239.039,14920.45,14374.379,13413.016,12400.775,14179.436,14735.907,14723.104,14026.366,,
"Venezuela, RB",2017,VEN,,0,0,0,1,0,,,14026.366,14723.104,14735.907,,,,,,
Vietnam,1972,VNM,,0,0,1,0,0,,,,,,,,,,,
Vietnam,1981,VNM,,0,0,1,0,0,,,,,,,,377.50827,382.96881,384.82211,389.8009
Vietnam,1985,VNM,382.9688153888019,0,0,0,1,0,377.50827,,,,,384.82211,389.8009,400.89056,421.16696,433.284,449.53665
Vietnam,1987,VNM,389.8008976648874,0,0,1,0,0,384.82211,382.96881,377.50827,,,400.89056,421.16696,433.284,449.53665,478.43686,506.92731
Vietnam,1997,VNM,669.9116770215035,0,1,0,0,0,628.08417,583.31409,541.61456,506.92731,478.43686,699.61694,724.4798,765.18567,804.19885,846.72632,896.70447
"Yemen, Rep.",1985,YEM,,0,0,1,0,0,,,,,,,,,,1001.4075,1013.1967
"Yemen, Rep.",1995,YEM,1060.723011224098,0,0,1,0,1,1047.0402,1028.8389,1041.1721,1013.1967,1001.4075,1069.9982,1090.2795,1122.4227,1132.3882,1168.6927,1178.6642
South Africa,1984,ZAF,6527.406854081403,0,0,1,0,0,6380.6079,6682.4692,6895.1084,6722.1948,6470.0503,6283.1113,6130.938,6113.4004,6224.4092,6226.3911,6059.7983
South Africa,2015,ZAF,7556.788305946958,0,0,1,0,0,7582.9482,7564.29,7500.2319,7454.7793,7328.6152,7476.0898,7475.1665,7431.9565,7345.9629,,
Zambia,1983,ZMB,1180.27174184714,0,0,1,1,1,1245.4601,1326.0563,1292.4618,1297.7786,1384.2275,1137.7437,1119.1157,1091.9166,1086.7863,1120.7753,1077.8232
Zambia,1989,ZMB,1077.82321131891,0,0,1,0,0,1120.7753,1086.7863,1091.9166,1119.1157,1137.7437,1043.7229,1016.8008,975.00104,1016.5988,906.57819,909.58325
Zambia,1995,ZMB,909.5832744107967,0,1,0,0,1,906.57819,1016.5988,975.00104,1016.8008,1043.7229,940.99542,950.638,921.16571,937.94562,948.73639,973.36359
Zambia,2015,ZMB,1641.012428208925,0,0,1,0,0,1644.1025,1620.1154,1591.3165,1525.5619,1489.4591,1652.6088,1660.774,1678.1777,1653.829,,
Zimbabwe,1983,ZWE,1336.452083236659,0,0,1,0,1,1364.6122,1378.5496,1269.244,1147.7947,1148.0969,1263.8781,1303.6511,1284.3347,1254.5178,1305.1619,1331.8219
Zimbabwe,1991,ZWE,1429.503811739396,0,0,1,0,1,1386.8506,1331.8219,1305.1619,1254.5178,1284.3347,1274.4353,1265.5142,1361.6449,1345.9921,1468.6506,1493.5205
Zimbabwe,1995,ZWE,1345.992050640049,0,1,0,0,0,1361.6449,1265.5142,1274.4353,1429.5038,1386.8506,1468.6506,1493.5205,1524.3386,1502.1991,1449.0421,1464.673
Zimbabwe,1998,ZWE,1524.338627819374,0,0,1,0,1,1493.5205,1468.6506,1345.9921,1361.6449,1265.5142,1502.1991,1449.0421,1464.673,1331.0127,1102.2312,1034.9631
Zimbabwe,2003,ZWE,1102.231214584384,0,0,1,0,0,1331.0127,1464.673,1449.0421,1502.1991,1524.3386,1034.9631,971.26691,931.56818,890.1806,725.57574,803.22229
